:100000000000022031640100596401005B640100BA
:100010005D6401005F640100616401000000000094
:100020000000000000000000000000006364010008
:10003000656401000000000067640100696401005C
:100040006B6401006B640100D162010095620100E4
:10005000A96201006B6401003D5301007D6A01004B
:10006000995E0100A15E0100A95E01006B640100C0
:100070006B6401006B6401006B6401006B64010040
:100080006B6401006B6401006B6401006B64010030
:100090006B6401006B6401006B6401006B64010020
:1000A0006B6401006B640100B15E0100B95E010088
:1000B0006B6401006B6401000000000000000000A0
:1000C0006B6401006B6401006B640100BD620100A0
:1000D0006B6401006B6401006B6401006B640100E0
:1000E000F9620100000000000000000000000000B4
:1000F000000000006B64010000000000E5620100E8
:1001000000000000000000000000000000000000EF
:1001100000000000000000000000000000000000DF
:1001200000000000000000000000000000000000CF
:1001300000000000000000000000000000000000BF
:1001400000000000000000000000000000000000AF
:10015000000000000000000000000000000000009F
:10016000000000000000000000000000000000008F
:10017000000000000000000000000000000000007F
:10018000000000000000000000000000000000006F
:10019000000000000000000000000000000000005F
:1001A000000000000000000000000000000000004F
:1001B000000000000000000000000000000000003F
:1001C000000000000000000000000000000000002F
:1001D000000000000000000000000000000000001F
:1001E000000000000000000000000000000000000F
:1001F00000000000000000000000000000000000FF
:100200002DE9F04F85B003910778A7F10903042B7E
:10021000044607F07F0200F10100F5D9202AF3D04F
:100220002B2F04BF677804462D2F75D09FED427B9E
:100230008DED007B4FF000084FF000099FB34FF0A9
:10024000000C25464FF0000ADFF8FCB0644619E0C8
:1002500019F044FB80468946304619F0D5FA4246EB
:100260004B4619F085F95246804689465B46DDE9E2
:1002700000013CB319F05CFCCDE90001A44615F87F
:10028000017F7FB1A7F13006092E52465B464046FA
:100290004946DDD9CCB92E2F17D115F8017F01249D
:1002A000002FEFD12C4642464B46DDE9000119F004
:1002B00015FB80468946039B404649461C6005B0B5
:1002C000BDE8F08F4FF0010CD9E72C46BCF1000FD0
:1002D00029D042464B46DDE9000119F0FFFA07F04C
:1002E000DF07452F80468946E5D10399681C0A221D
:1002F00019F022F914490246002019F09FFE024627
:100300000B464046494619F0E9FA80468946404680
:10031000494605B0BDE8F08F9FED097B67788DED0C
:10032000007B013486E7DFF824904FF00008404658
:10033000494605B0BDE8F08F000000000000F03F26
:10034000000000000000F0BF000024400000F87F23
:100350002DE9F0470023144600228046894619F013
:100360002FFD28B109F1004399462D232370013454
:10037000002200234046494619F018FD28B13022DA
:10038000002322706370BDE8F0874046494617F0AD
:1003900017FE19F053FD73A3D3E90023074649461E
:1003A000404619F00DFD00284ED170A3D3E900237B
:1003B0004046494619F022FD002845D10E2F07F18D
:1003C000010540F3B980A7F10E06324600206249CC
:1003D00019F034FE02460B464046494619F0A8FB88
:1003E00000225E4B19F0C4F819F064FE002DA7F14D
:1003F0000F0E4FF0010C4DDD594FDFF878810122CF
:1004000045F6F3294FF02E0A494508BF40454FF005
:1004100030030AD3B0EB080061EB0901494508BF7E
:10042000404503F10103F5D2DBB2237050EA01032A
:1004300004F101084AD1954252DD0132102A4FD011
:10044000444677E90289DFE7002F33DB3A46002094
:10045000414919F0F3FD02460B464046494619F062
:1004600067FB3BA3D3E9002380468946012500268C
:100470004046494619F032FA0022384B19F078F814
:1004800019F018FE002DBC464FF0FF3E37464FF0E6
:100490000006B1DC234630224FF02E0803F8022B71
:1004A00084F80180FC4345D01C4403F8012BA3428F
:1004B000FBD1A1E77A420020274919F0BFFD02468F
:1004C0000B464046494619F009FACAE7954202F13F
:1004D000010204BF84F801A004F10208102AAFD180
:1004E0006EB14246302102F8011BC2F10103734490
:1004F0004344002BF7DC2EEAEE7301339844BCF141
:10050000010F12D0BCF1000F4FF0650388F80030E6
:10051000C5BF2B2388F8013008F1010108F1020161
:100520006046BDE8F04710F081B9002388F800303C
:10053000BDE8F0871C465FE7C7F10E0200200649C0
:1005400019F07CFD3E4602460B46012790E700BFAE
:100550000000901EC4BCD642000024400000E03FD2
:10056000D8AB01008DEDB5A0F7C6B03E50EFE2D696
:10057000E41A4B4400407A1070B54FF0FF3006F09B
:1005800057FA04466FF07F4006F052FA06462046BE
:1005900019F02AF900220C4B19F0A0F90446304654
:1005A0000D4619F021F906A3D3E9002319F0C0FA8A
:1005B00002460B462046294618F0DAFF70BD00BF00
:1005C0000000E0DFFFFF6F430000F03D000000008F
:1005D0002DE9F04F1D461389AB4288BF536885B0A3
:1005E00004468CBF53F82500002090468A4606F04A
:1005F00093FE0022904B19F071F919F01FFCB8F826
:1006000008206B1C9A4288BFD8F8042006468CBF8D
:1006100052F82300002006F07FFE0022864B19F0DE
:100620005DF919F00BFCB8F808300235AB4288BF11
:10063000D8F8043007468CBF53F82500002006F098
:100640006BFE002EC4E9006740F3E280002F40F308
:10065000DF8071A3D3E90023002584F8285017F028
:10066000D1FB002200238046894619F0A9FB40B146
:100670004046494668A3D3E9002318F079FF804635
:10068000894667A3D3E900234046494619F0B6FBE3
:10069000C0B165A3D3E900234046494619F09AFB4F
:1006A00080B101234046494684F8283060A3D3E94D
:1006B000002318F05DFF58A3D3E9002317F0A2FB35
:1006C0008046894600225D4B4046494619F006F9AE
:1006D00017F0CCF801F1004300221946564B19F0EF
:1006E000FDF819F0ABFB49460546404617F07AF88D
:1006F0000022514B19F0F2F819F0A0FBDAF804309F
:100700004F49B3F80CB0B3F80AA0A56007FB0BF390
:1007100003EB010806FB0AF6019388FB05234FEA69
:10072000124C00960E444CEA034C06EA010383FB8C
:10073000009A06EB0C0E0EEA010ED346CA468EFB5B
:1007400000675246CDE90267120C42EA0B42DDE92E
:1007500002AB0CEA010C8CFB00674FEA16495646C7
:100760000A40360C46EA0B4649EA074982FB05ABCC
:100770005F46C144B0445646CDE90267039FE0603E
:10078000360C09EA010908EA010846EA074689FB2E
:1007900005AB334488FB0556CDE9025655462D0C72
:1007A00045EA0B45DDE902AB0B40AC4403EAE377D5
:1007B0000CEA010C554623EAE37367454FEA1545F9
:1007C00002EAE276A8BF674645EA0B45634522EA9E
:1007D000E272B8BF6346AE444E450EEA010EA8BFB2
:1007E0004E464A45B8BF4A467745A8BF7746734547
:1007F000B8BF73464645A8BF4646C4E905634245AF
:10080000B8BF424600980199206261622761E261A7
:10081000204605B0BDE8F08FEA2E4454FB21194074
:10082000F4D64354FB21F93F320D337F7CD912407B
:10083000EA2E4454FB2109400000F0400000E03F54
:100840000000FFFF000000002DE9F04F2DED028BAE
:10085000044683B0C06818F0D7FF804620698946F7
:1008600018F0D2FF824660698B4618F0CDFF024631
:1008700001F1004306460F464046494617F054FA38
:1008800019F024FBE062054617F006F901902846AE
:1008900017F0B6F8019B0546184618F0C7FF424608
:1008A0004B4619F01BF880462846894618F0BEFFD3
:1008B00032463B4619F012F802460B46404649467E
:1008C00018F054FE02460B465046594617F02CFAD3
:1008D00019F0FCFA002208EE100A002330463946CF
:1008E00019F08CFA28B3B5EEC08AF1EE10FA1CDDCF
:1008F00011A7D7E9006718EE100A18F097FF024613
:100900000B463046394618F031FE32463B4618F069
:100910002FFE19F0DBFAA062E38843F00203E380C4
:1009200003B0BDEC028BBDE8F08F05A7D7E90067E7
:10093000E1E784ED0A8AEFE7EA2E4454FB21F93F10
:10094000EA2E4454FB21F9BF494A21F00043934267
:100950002DE9704304460D4649DC464A93420E4653
:100960000EDC3FA3D3E9002318F002FE0022424B25
:1009700019F044FA00284AD020462946BDE8708381
:100980003E4A934239DCB3F1804F40DD16F026FF3A
:100990002246804689462B462046294618F09EFF6F
:1009A0000022354B18F0E4FD17F0B4FD42464B46EB
:1009B00018F0DEFD02460B4600202F4919F0B8F86A
:1009C000424604460D464B464046494618F0D0FD87
:1009D00002460B462046294618F0CAFD02F040F8B0
:1009E000002E08DC01F100431946BDE87083024681
:1009F0000B4618F0BDFDBDE8708316F0EFFE02F067
:100A00002FF819A3D3E9002318F0B2FDE8E7224636
:100A10002B462046294618F061FF8046894620462D
:100A2000294616F0DBFE002204460D46124B4046D6
:100A3000494618F09DFD17F06DFD00220E4B18F091
:100A400097FD02460B464046494619F071F822468A
:100A50002B4618F08DFD00F0A7FAC1E7AFF3008038
:100A60009C7500883CE4377EEF39FAFE422EE63F63
:100A7000FFFFEF7FFFFF2F3E0000F03F0000B0417F
:100A80002DE9F84FBE4B21F000469E4204460D462C
:100A90008A460EDDBB4B9E4200F3B18000F0AC8075
:100AA000BAF1000F40F3EA8099A1D1E90001BDE855
:100AB000F88FB54B9E4200F3BA80A3F1DE739E42DD
:100AC00040F3A5804FF0FF3B22462B4620462946A7
:100AD00018F004FF02460B468046894618F0FEFED9
:100AE0008DA3D3E9002306460F4618F0F7FE8CA32A
:100AF000D3E9002318F03CFD32463B4618F0EEFEE9
:100B000089A3D3E9002318F033FD32463B4618F0A1
:100B1000E5FE87A3D3E9002318F02AFD32463B46C1
:100B200018F0DCFE84A3D3E9002318F021FD32463F
:100B30003B4618F0D3FE82A3D3E9002318F018FD3A
:100B400042464B4618F0CAFE7FA3D3E900238046F5
:100B500089463046394618F0C1FE7DA3D3E900230B
:100B600018F004FD32463B4618F0B8FE7AA3D3E9EC
:100B7000002318F0FBFC32463B4618F0AFFE78A38A
:100B8000D3E9002318F0F2FC32463B4618F0A6FEEB
:100B900075A3D3E9002318F0E9FC32463B4618F070
:100BA0009DFE02460B464046494618F0E1FC2246AF
:100BB0002B4618F093FEBBF1FF3F02460B4661D077
:100BC000724B734E4FEACB0B5B44D3E9002318F012
:100BD000CDFC22462B4618F0C9FCB34402460B4616
:100BE000DBE9000118F0C2FCBAF1000F0DDA01F1E7
:100BF00000431946BDE8F88F00283FF451AF224664
:100C00002B462046294618F0B3FCBDE8F88F58A3C0
:100C1000D3E9002318F0ACFC00225E4B19F0EEF88B
:100C200000283FF44FAF20462946BDE8F88F16F064
:100C3000D5FD594B9E4204460D4629DCA3F55023B1
:100C40009E424EDC02460B4618F092FC0022514BAD
:100C500018F08CFC002206460F464FF080432046D9
:100C6000294618F085FC02460B463046394618F0F6
:100C70005FFF4FF0000B04460D4625E73EA1D1E98A
:100C80000001C2E72046294618F070FCBDE8F88F45
:100C9000424B9E421ADC0022414B18F067FC0022B6
:100CA00006460F463E4B2046294618F017FE002206
:100CB000384B18F05DFC02460B463046394618F0BA
:100CC00037FF4FF0020B04460D46FDE602460B4689
:100CD0000020344918F02CFF4FF0030B04460D465A
:100CE000F2E600222B4B18F041FC002206460F468C
:100CF000284B2046294618F03BFC02460B4630465E
:100D0000394618F015FF4FF0010B04460D46DBE69F
:100D1000182D4454FB21F93F11DA22E33AAD903FFC
:100D2000EB0D76244B7BA93F513DD0A0660DB13F22
:100D30006E204CC5CD45B73FFF8300922449C23F8A
:100D40000D5555555555D53F2F6C6A2C44B4A2BF4F
:100D50009AFDDE522DDEAD3F6D9A74AFF2B0B33F17
:100D6000711623FEC671BC3FC4EB98999999C93F8F
:100D70009C7500883CE4377E182D4454FB21F9BF54
:100D8000FFFF0F440000F07FFFFFDB3F00AC0100DE
:100D9000E0AB01000000F03FFFFFF23FFF7F0340A8
:100DA0000000F83F0000F0BF2DE9F041C1F30A5701
:100DB000A7F2FF35132D02460B460C468846064621
:100DC00020DC002D4ADB364F2F4101EA070C5CEA9C
:100DD000000C1CD030A3D3E9002318F0C9FB00227B
:100DE000002319F00BF848B1002C04DD4FF48013F8
:100DF00043FA05F5A84428EA0704002621463046B0
:100E0000BDE8F081332D06DDB5F5806F38D0104692
:100E10001946BDE8F081A7F213474FF0FF3C2CFACA
:100E200007F70742F3D01CA3D3E9002318F0A0FB77
:100E30000022002318F0E2FF0028DFD0002C09DD9B
:100E4000142D22D00123C5F1340503FA05F5AE199E
:100E500028BF984426EA07064446CFE70EA3D3E905
:100E6000002318F085FB0022002318F0C7FF00289C
:100E7000C4D0002C0CDB264305D00026094CBDE76E
:100E800018F076FBC5E73446B8E704F10108E1E75E
:100E900000264FF00044B1E79C7500883CE4377EA3
:100EA000FFFF0F000000F03F2DE9F041C1F30A57AA
:100EB000A7F2FF35132D02460B460C468846064620
:100EC0001DDC002D3CDB364F2F4101EA070C5CEAAC
:100ED000000C19D030A3D3E9002318F049FB0022FD
:100EE000002318F08BFFC8B3002C04DA4FF48013F2
:100EF00043FA05F5A84428EA070400262EE0332D1E
:100F000006DDB5F5806F2DD010461946BDE8F0819D
:100F1000A7F213474FF0FF3C2CFA07F70742F3D034
:100F20001DA3D3E9002318F023FB0022002318F0AF
:100F300065FF98B1002C21DB26EA070644460DE048
:100F400015A3D3E9002318F013FB0022002318F0A7
:100F500055FF18B1002C08DB0026344621463046E8
:100F6000BDE8F08118F004FBD0E724F000430D4AFF
:100F70001E43002E18BF14460026EFE7142D08D09C
:100F80000123C5F1340503FA05F5AE1928BF9844CD
:100F9000D2E704F10108CFE79C7500883CE4377E76
:100FA000FFFF0F000000F0BF2DE9F04FD84B994232
:100FB00087B08046894643DDD64B99420E4600F302
:100FC000F480D54B994240F32D819FEDBB7B8DED95
:100FD000047B4FEA215A0446AAF2FF3ACF4BC6F3EC
:100FE00013069E4246F07F5500F3128145F44015EA
:100FF000204629460022CA4B18F0B8FA00220446BF
:101000000D46C84B18F06AFC22462B4618F066FCC9
:10101000A046CDE90201A946CDE90001002E3AD152
:10102000002200232046294618F0C0FE002800F0C8
:101030001B81BAF1000F40F0858100200021B8E04B
:10104000B94B21F000449C420A460FDD0022B74B09
:1010500018F0ACFE002800F0AF8000220023002032
:10106000B34918F065FD07B0BDE8F08FB14B9C4265
:1010700040F3AF80B04B1A449A4240F2D380002232
:10108000A84B18F02BFC42464B4618F027FCCDE944
:1010900000014FF0000A00224FF0804340464946CD
:1010A00018F066FA02460B464046494618F040FDE5
:1010B00002460B4606460F4618F010FC80A3D3E903
:1010C000002304460D4618F009FC7FA3D3E9002352
:1010D00018F04EFA22462B4618F000FC7CA3D3E908
:1010E000002318F045FA22462B4618F0F7FB7AA3A6
:1010F000D3E9002318F03CFA22462B4618F0EEFB09
:1011000077A3D3E9002318F033FA22462B4618F0D0
:10111000E5FB75A3D3E9002318F02AFA22462B46F3
:1011200018F0DCFB72A3D3E9002318F021FA224661
:101130002B4618F0D3FBDDE9002318F019FA3246EC
:101140003B4618F0CBFB04460D46BAF1000F00F009
:10115000A880504618F058FB67A3D3E900238246C5
:101160008B4618F0BBFB66A3D3E9002306460F4667
:101170005046594618F0B2FBDDE9042318F0F8F99F
:1011800022462B4618F0F4F902460B46DDE9000131
:1011900018F0ECF942464B4618F0E8F902460B46C7
:1011A0003046394618F0E2F903E002460B4618F0E3
:1011B000DFF907B0BDE8F08F42464B46404649464E
:1011C00018F0D4F902460B4618F0B2FC07B0BDE89F
:1011D000F08F0022594B18F0CBF90022002318F0B1
:1011E0000DFE10B1564B9C4262DD42464B464046D6
:1011F000494618F073FB00224A4B18F06FFB024679
:101200000B464046494618F0B1F907B0BDE8F08FEB
:1012100045F40015C6F5801620462946B6100AF199
:10122000010AE7E600223E4B4046494618F0A0F985
:101230004FEA215AAAF2FF3ABAF1000F04460D46CE
:101240000E4640F3BD8042464B4618F08FF90246E9
:101250000B460020324918F089F922462B4618F037
:1012600067FCCDE90401B9E627A3D3E900232046B2
:10127000294618F033FB02460B460020284918F097
:1012800075F9DDE9022318F029FB06460F46BAF18D
:10129000000F75D102460B462046294618F066F924
:1012A00087E702460B46DDE9000118F05FF9A6E783
:1012B000404649467DE700BF0000000000000000F6
:1012C00044523EDF12F1C23F9FC678D0099AC33F15
:1012D000DE03CB966446C73FAF788E1DC571CC3F09
:1012E000599322942449D23F04FA97999999D93F66
:1012F000935555555555E53F0000E0FE422EE63F1B
:10130000763C7935EF39EA3D555555555555E53F0C
:101310007982DA3FFFFFEF7FFFFF3F439DA006008A
:101320000000F03F0000E03FFFFFEF3F0000F0BF94
:10133000000050C3FFFF1F3E3C412D4000005043C2
:10134000FFFF8F3C504618F05FFA24A3D3E9002337
:1013500006460F4618F0C2FADDE9042318F008F932
:1013600020A3D3E9002304460D463046394618F041
:10137000B5FA02460B462046294618F0F9F818E758
:10138000504618F041FA17A3D3E9002382468B4652
:1013900018F0A4FA11A3D3E90023804689465046E9
:1013A000594618F09BFADDE9042318F0E1F80246EB
:1013B0000B463046394618F0D9F822462B4674E7DA
:1013C0000022054B18F0D2F802460B46404649462B
:1013D00018F0CCF841E700BF0000F03F763C7935CB
:1013E000EF39EA3D0000E0FE422EE63F000000003B
:1013F00008B516F067FD04A3D3E9002318F098FBA5
:1014000008BD00BFAFF30080EF39FAFE422EE63F81
:101410002DE9F043DFF8B4808BB004460D4601F0AF
:10142000F7F898F90030013306460F462CD02246D3
:101430002B462046294618F0EBFC814620BB20466F
:10144000294616F0CBF91FA3D3E9002318F0D6FCE8
:10145000D0B1194A98F90030CDF820900321CDE998
:101460000445CDE90245CDE9001293B113490020AE
:10147000022BCDE9060111D118F006F822230360F2
:10148000089B9BB9DDE90667304639460BB0BDE8DD
:10149000F0830B4B4FF06042CDE90623684617F00E
:1014A0006FFE0028E8D0089B002BEBD017F0ECFF74
:1014B000089B0360E6E700BFF4BE01000000F07F78
:1014C000FFFFEF477DF8B98FCE3386400F02002033
:1014D0002DE9F043DFF8E4808BB004460D4601F0BF
:1014E00047F998F90030013306460F4633D02046BD
:1014F000294617F03FFE70B32CA3D3E90023204602
:10150000294618F07BFC814650BB2AA3D3E900236F
:101510002046294618F054FCE8B198F90030204ADA
:10152000CDF82090002000210426022BCDE90445AF
:10153000CDE902450096CDE90601019229D0684621
:1015400017F01EFE28B3089B1BB117F09DFF089BE8
:101550000360DDE90667304639460BB0BDE8F0832D
:101560000F4A98F90030019203210022CDE9044589
:10157000CDE90245009108922BB90A4B4FF0604229
:10158000CDE90623DBE708490020022BCDE906015F
:10159000D5D117F079FF22230360D4E7AFF30080A1
:1015A000FCBE0100FFFFEF470000F07FEF39FAFEBD
:1015B000422E864051302DD5104987C00F020020A1
:1015C0002DE9F04FDFF82C938DB006460F461446F8
:1015D0001D4601F09DFC99F90080B8F1FF3FCDE96F
:1015E000000136D022462B462046294618F010FC32
:1015F000834670BB32463B463046394618F008FCFD
:101600008246002840F0A28030463946002200235E
:1016100018F0CCFB10B3002200232046294618F016
:10162000C5FB8346002867D09FEDA77B0122AC4B0A
:10163000CDF828A00292CDE90467CDE906458DEDED
:10164000087B0393B8F1000F41D09FEDA17B8DED96
:10165000007BDDE900010DB0BDE8F08FDDE90001A0
:1016600017F088FD8046002800F08D804FF0000ABA
:101670004FF0000BDDE9000152465B4618F096FB87
:101680000028E6D03046394617F074FD0028E0D037
:101690002046294617F06EFD0028DAD099F900306F
:1016A0008F4A039204210022022BCDE90467CDE981
:1016B0000645CDE908AB02910A9203D002A817F0C3
:1016C0005FFD50B917F0E0FE2223036005E002A899
:1016D00017F056FD002800F09B800A9B1BB117F005
:1016E000D3FE0A9B03609DED087B8DED007BDDE959
:1016F00000010DB0BDE8F08F2046294617F03AFDF5
:101700000028A6D0002200232046294618F058FBC6
:1017100000289ED0724A99F90030CDF828B00121F6
:10172000CDE90467CDE90645CDE90212002B74D05E
:101730006C490020022BCDE9080172D117F0A4FEFC
:10174000212303600A9B002BCDD0C8E70022002391
:101750002046294618F02AFB00283FF47AAF624B56
:101760005F49CDF828B000220120B8F1020FCDE981
:1017700004670290CDE90645CDE908230391A6D17F
:10178000CDE9002365E73046394617F0F3FC002821
:101790003FF46CAF2046294617F0ECFC00283FF4DC
:1017A00065AFDDE900231046194618F031FB99F9C1
:1017B00000A000286BD10323DFF824C10A9029463A
:1017C000204602930022494BCDF80CC0CDE90645D6
:1017D000CDE9046718F082F804460D46BAF1000F0F
:1017E00025D1DFF814B14FF0604A002200233046C3
:1017F0003946CDE908AB18F0E3FA38BB02A817F078
:10180000BFFC00289ED117F03FFE2223036099E71A
:1018100017F03AFE212303605FE79FED2B7B8DEDF0
:10182000087B02A817F0ACFC00288BD186E79FED5F
:101830002A7B00220023304639468DED087B18F0C4
:10184000BFFAA0B9BAF1020FDDD0D7E7204629468A
:1018500017F09EFC22462B4618F0A8FAA0B9244B9C
:1018600099F900A04FF06042CDE90823EAE720464D
:10187000294617F08DFC22462B4618F097FA18B926
:10188000184B0022CDE9082399F900A0DAE70122DC
:10189000134BCDF828800292CDE90467CDE90645C7
:1018A0000393BAF1000FB8D0002200231046194666
:1018B00018F03EF9BAF1020FCDE908013FF43EAF4E
:1018C000AFE700BFAFF300800000000000000000A1
:1018D000000000000000F03F000000000000F07F6A
:1018E00014BF01000000F0FF0000F03F0000E03FE7
:1018F000FFFFEFC70F020020FFFFEF4700000000CF
:101900002DE9F84FC44E21F00043B34204460D4682
:101910000DDD03F1404303F58013034340F0B9802C
:10192000002940F3408100200021BDE8F88FBB4E24
:10193000B34208DCBA4A934200F3B5809CA1D1E9D6
:101940000001BDE8F88F0029C0F2708102460B4605
:101950000020B44917F00AFE0022B34B17F0BEFF77
:1019600004460D4616F0D6FD93A3D3E9002389461D
:1019700080462946204617F0B1FF91A3D3E9002302
:1019800017F0F6FD22462B4617F0A8FF8EA3D3E9E9
:10199000002317F0EBFD22462B4617F09FFF8CA388
:1019A000D3E9002317F0E4FD22462B4617F096FFFB
:1019B00089A3D3E9002317F0D9FD22462B4617F05F
:1019C0008DFF87A3D3E9002317F0D2FD22462B46D3
:1019D00017F084FF84A3D3E9002382468B46204678
:1019E000294617F07BFF82A3D3E9002317F0BEFD41
:1019F00022462B4617F072FF7FA3D3E9002317F08E
:101A0000B7FD22462B4617F069FF7DA3D3E90023DB
:101A100017F0ACFD22462B4617F060FF0022814BE9
:101A200017F0A6FD02460B465046594618F080F8BE
:101A300042464B4617F052FF002682468B463246FE
:101A40004B463046494617F049FF02460B462046B2
:101A5000294617F08BFD324604460D464B4640465C
:101A6000494617F085FD02460B462046294618F0E8
:101A70005FF802460B465046594617F079FD32464C
:101A80004B4617F075FD02460B4617F071FDBDE899
:101A9000F88F02460B4617F069FD02460B4618F018
:101AA00047F8BDE8F88F02460B4617F017FF42A330
:101AB000D3E9002306460F4617F010FF40A3D3E9F1
:101AC000002317F055FD32463B4617F007FF3EA3B3
:101AD000D3E9002317F04AFD32463B4617F0FEFEDD
:101AE0003BA3D3E9002317F043FD32463B4617F0F2
:101AF000F5FE39A3D3E9002317F038FD32463B4603
:101B000017F0ECFE36A3D3E9002317F031FD32467F
:101B10003B4617F0E3FE34A3D3E900238046894611
:101B20003046394617F0DAFE31A3D3E9002317F027
:101B30001DFD32463B4617F0D1FE2FA3D3E900230B
:101B400017F016FD32463B4617F0C8FE2CA3D3E92A
:101B5000002317F00BFD32463B4617F0BFFE002274
:101B6000304B17F005FD02460B464046494617F03C
:101B7000DFFF22462B4617F0B1FE02460B4622A19C
:101B8000D1E9000117F0F2FC02460B462046294637
:101B900017F0ECFC02460B4605A1D1E9000117F055
:101BA000E5FCBDE8F88F1AA1D1E9000179E700BF93
:101BB000182D4454FB21F93F09F7FD0DE13D023F8B
:101BC00088B20175E0EF493F3B8F68B52882A43F9A
:101BD0005544880E55C1C93F7D6FEB0312D6D43FE3
:101BE000555555555555C53F82922EB1C5B8B33F91
:101BF00059018D1B6C06E63FC88A599CE52A0040B6
:101C00004B2D8A1C273A0340075C143326A6913CCF
:101C1000182D4454FB210940FFFFEF3FFFFFDF3F3A
:101C20000000603C0000F03F0000E03F00225C4B01
:101C300017F09EFC00225B4B17F050FE40A3D3E947
:101C4000002304460D4617F049FE3FA3D3E90023C5
:101C500017F08EFC22462B4617F040FE3CA3D3E93A
:101C6000002317F083FC22462B4617F037FE3AA3D9
:101C7000D3E9002317F07CFC22462B4617F02EFEFA
:101C800037A3D3E9002317F071FC22462B4617F047
:101C900025FE35A3D3E9002317F06AFC22462B4624
:101CA00017F01CFE804689462046294616F032FC75
:101CB0002FA3D3E9002306460F462046294617F0F6
:101CC0000DFE2DA3D3E9002317F050FC22462B462E
:101CD00017F004FE2AA3D3E9002317F049FC22469B
:101CE0002B4617F0FBFD28A3D3E9002317F03EFC99
:101CF00022462B4617F0F2FD0022294B17F038FC44
:101D000002460B464046494617F012FF32463B4614
:101D100017F0E4FD1EA3D3E9002317F027FC324699
:101D20003B4617F025FC02460B4617F021FC024605
:101D30000B4619A1D1E9000117F018FCB1E600BF6C
:101D400009F7FD0DE13D023F88B20175E0EF493F23
:101D50003B8F68B52882A43F5544880E55C1C93FC2
:101D60007D6FEB0312D6D43F555555555555C53F9C
:101D700082922EB1C5B8B33F59018D1B6C06E63F68
:101D8000C88A599CE52A00404B2D8A1C273A0340FB
:101D9000075C143326A6913C182D4454FB210940BE
:101DA0000000F03F0000E03F414A91422DE9F84336
:101DB00004460D4637DD3F4A91420B4608DD02F1ED
:101DC000795291423DDD024617F0D2FBBDE8F8831F
:101DD00001F1404202F5801202432ED0B1F1804F52
:101DE00037DC0022344B17F0C1FB02460B46044699
:101DF0000D4617F0BDFB224606460F462B462046F1
:101E0000294617F06BFD02460B463046394617F05F
:101E1000AFFB16F07FFB22462B4617F0A9FBBDE86F
:101E2000F843FFF7C1B802460B4617F09FFB024686
:101E30000B4617F07DFEBDE8F88300200021BDE8C9
:101E4000F88300F00DFE18A3D3E9002317F090FBF0
:101E5000F1E7024617F042FD0022174B17F086FB10
:101E600016F058FB2246804689462B4620462946D6
:101E700017F07EFB224606460F462B464046494653
:101E800017F076FB02460B4600200B4917F050FE78
:101E90000B4602463946304617F068FBBDE8F8436A
:101EA00000F0DEBDAFF30080EF39FAFE422EE63FD0
:101EB000FFFFEF3FFFFFAF410000F03F00000000D9
:101EC0002DE9F04FAE4B21F000479F4287B004460A
:101ED0000D4611DD07F1404707F5801703463B43E8
:101EE00021D002460B4617F041FB02460B4617F085
:101EF0001FFE07B0BDE8F08FA24B9F420E4629DCC3
:101F0000B7F1795F80F2468181A3D3E9002317F00E
:101F10002FFB00229C4B17F071FFD8B120462946B9
:101F200007B0BDE8F08F7CA3D3E9002317F0D6FCFF
:101F30007BA3D3E9002306460F462046294617F027
:101F4000CDFC02460B463046394617F011FB07B070
:101F5000BDE8F08F2046294615F040FC02460B46AE
:101F60000020894917F002FB0022884B17F0B6FCCD
:101F70006DA3D3E9002304460D4617F0AFFC6CA314
:101F8000D3E9002317F0F4FA22462B4617F0A6FCFB
:101F900069A3D3E9002317F0E9FA22462B4617F08C
:101FA0009DFC67A3D3E9002317F0E2FA22462B46F3
:101FB00017F094FC64A3D3E9002317F0D7FA224664
:101FC0002B4617F08BFC62A3D3E9002317F0D0FA5D
:101FD00022462B4617F082FC5FA3D3E90023CDE90C
:101FE00000012046294617F079FC5DA3D3E90023C0
:101FF00017F0BCFA22462B4617F070FC5AA3D3E91F
:10200000002317F0B5FA22462B4617F067FC58A3B9
:10201000D3E9002317F0AAFA22462B4617F05EFCFC
:10202000594B002217F0A4FA82468B4620462946D7
:10203000CDE902AB16F06EFA554B9F4280468946B9
:1020400000F3198102460B4617F092FADDE90223EC
:10205000CDE90401DDE9000117F06AFD02460B46F7
:10206000DDE9040117F03AFC4FF0000ACDE9000168
:1020700052464B465046494617F030FC02460B4646
:102080002046294617F072FA524604460D464B4642
:102090004046494617F06CFA02460B462046294650
:1020A00017F046FD02460B4617F062FA02460B4651
:1020B0001BA1D1E9000117F059FA02460B46DDE9F0
:1020C000000117F053FA524604460D464B4650465F
:1020D000494617F04DFA02460B4627A1D1E9000107
:1020E00017F044FA02460B462046294617F03EFAFE
:1020F00002460B4620A1D1E9000117F037FA002E65
:102100003FF7F7AE01F100431946F2E6AFF3008066
:102110009C7500883CE4377E182D4454FB21F93F20
:10212000075C143326A6913C09F7FD0DE13D023F03
:1021300088B20175E0EF493F3B8F68B52882A43F24
:102140005544880E55C1C93F7D6FEB0312D6D43F6D
:10215000555555555555C53F82922EB1C5B8B33F1B
:1021600059018D1B6C06E63FC88A599CE52A004040
:102170004B2D8A1C273A0340182D4454FB21E93F7C
:10218000FFFFEF3FFFFFDF3F0000F03F0000E03FB9
:102190003233EF3F02460B4617F0A0FB4BA3D3E9C7
:1021A000002306460F4617F099FB4AA3D3E9002304
:1021B00017F0DEF932463B4617F090FB47A3D3E910
:1021C000002317F0D3F932463B4617F087FB45A3AF
:1021D000D3E9002317F0CCF932463B4617F07EFBDB
:1021E00042A3D3E9002317F0C1F932463B4617F06A
:1021F00075FB40A3D3E9002317F0BAF932463B46FA
:1022000017F06CFB3DA3D3E9002380468946304696
:10221000394617F063FB3BA3D3E9002317F0A6F977
:1022200032463B4617F05AFB38A3D3E9002317F098
:102230009FF932463B4617F051FB36A3D3E9002302
:1022400017F094F932463B4617F048FB00221E4B2C
:1022500017F08EF902460B464046494617F068FCD7
:1022600022462B4617F03AFB22462B4617F080F900
:1022700007B0BDE8F08F52465B46DDE9000117F07C
:1022800057FC42464B4617F029FB42464B4617F097
:102290006FF902460B4617F06BF907A3D3E9002349
:1022A00017F064F902460B4605A1D1E9000117F0C9
:1022B0005DF924E7AFF30080075C143326A6913C58
:1022C000182D4454FB21F93F0000F03F09F7FD0DA4
:1022D000E13D023F88B20175E0EF493F3B8F68B5B1
:1022E0002882A43F5544880E55C1C93F7D6FEB033A
:1022F00012D6D43F555555555555C53F82922EB1EE
:10230000C5B8B33F59018D1B6C06E63FC88A599C7E
:10231000E52A00404B2D8A1C273A034000000000AC
:102320002DE9F84F1D465342134325F00049DFF8CD
:10233000C8C149EAD3736345144606460F4626D8FA
:10234000C0F1000848EA000821F0004A4AEAD878BB
:10235000E04503468B461AD805F1404808F5801839
:1023600058EA0208AE4643D04FEAA57808F00208C2
:102370005AEA030348EAD17811D1B8F1020F55D0D7
:10238000B8F1030F09D14AA1D1E9000105E03246B5
:102390003B462046294617F0EBF8BDE8F88F59EA8E
:1023A000020329D0E1452ED0E24525D0AAEB090948
:1023B0004FEA2959B9F13C0F3CDC002D3EDA19F106
:1023C0003C0F3BDA00200021B8F1010F4ED0B8F1EC
:1023D000020F3ED0B8F1000FDFD037A3D3E90023BE
:1023E00017F0C4F836A3D3E9002317F0BFF8D4E7F9
:1023F000BDE8F84FFEF744BBBBF1000F12DB32A182
:10240000D1E90001C9E7CA4534D0B8F1020F0DD0B7
:10241000B8F1030FB7D0B8F1010F4FF0000036D07C
:102420000021BAE72AA1D1E90001B6E724A1D1E948
:102430000001B2E724A1D1E90001C5E722462B46FD
:102440003046394617F074FB15F0C8F9FEF718FB53
:10245000BAE719A3D3E9002317F088F802460B4620
:1024600017A1D1E9000117F081F896E701F10043C7
:10247000194692E7B8F1020F14D0B8F1030F0DD04E
:10248000B8F1010F06D014A1D1E9000185E74FF0A2
:10249000004182E712A1D1E900017EE712A1D1E952
:1024A00000017AE712A1D1E9000176E7AFF30080DD
:1024B000182D4454FB2109C0075C143326A6A13C07
:1024C000182D4454FB210940182D4454FB21F93F99
:1024D000182D4454FB21F9BF182D4454FB21E93F2A
:1024E000182D4454FB21E9BFD221337F7CD902C08F
:1024F000D221337F7CD902400000F07F0000000031
:1025000043422DE9F047034321F000463C4A46EAA6
:10251000D373934204460D462AD8964240D0394B95
:102520009E428A462EDD384B9E4235463FDD33467D
:102530000246314617F01CF8224606460F462B4647
:1025400000202F4917F012F802460B463046394654
:1025500017F0EEFAFEF728FD00222C4B17F0BEF91B
:10256000BAF1000F0CDA01F100431946BDE8F0871B
:1025700002460B4616F0FAFF02460B4617F0D8FA51
:10258000BDE8F0871CA3D3E9002316F0F1FF002279
:10259000002317F033FC48B120462946BDE8F087F8
:1025A0000022002317F0C4FABDE8F0873546224622
:1025B0002B462046294616F0DBFF22462B460646D0
:1025C0000F4617F08BF92246804689462B4600209D
:1025D0000B4916F0CBFF02460B464046494617F022
:1025E000A7FA32463B4616F0C3FFFEF7DDFC002299
:1025F000064B17F073F9B3E79C7500883CE4377E0F
:102600000000F03FFFFF2F3EFFFFDF3F0000E03FF5
:102610002DE9F8434E4B21F000449C4206460F46FC
:102620001BDC4C4B9C4222DD4B4B9C4254DD4B4B04
:102630009C4246DD4A4B9C426FDD01339C4269D08F
:1026400041A3D3E900231046194617F047F906467F
:102650000F4630463946BDE8F88302460B4617F070
:102660003DF906460F4630463946BDE8F88315F079
:10267000B5F802F04DFC00223A4B8046894616F030
:1026800077FFB4F1725F06460F46ECDB42464B46DD
:102690004046494617F022F932463B4604460D466D
:1026A0003046394616F064FF02460B46204629465E
:1026B00017F03EFA00222B4B16F05AFF06460F4643
:1026C000D1E715F08BF800F053F80022264B17F0F5
:1026D00005F906460F46C6E715F080F800F048F801
:1026E0000022214B06460F4617F0F8F83246044602
:1026F0000D463B4600201C4917F01AFA02460B46CD
:102700002046294616F034FF06460F463046394625
:10271000BDE8F883154B984292D83046394615F0FB
:102720005DF80022104B17F0D9F800F021F80022D4
:1027300004460D460C4B17F0D1F822462B4617F0F5
:10274000CDF806460F468EE79C7500883CE4377E40
:10275000FFFFEF7F422ED63FFFFF3540412E8640E0
:10276000CD3386400000F03F0000E03F7DF8B98F98
:102770002DE9F047B04F21F00042BA4284B0044640
:102780000D464FEAD17610D9AC4FBA4240F28A805A
:10279000C1F313030343024640F0F180002E7ED0C4
:1027A0000020002104B0BDE8F087A54B9A4200F25A
:1027B000B680A44B9A4240F2D1804FF0000A2246E4
:1027C0002B462046294617F089F885A3D3E9002334
:1027D00006460F4617F082F883A3D3E9002316F0CC
:1027E000C5FE32463B4617F079F881A3D3E90023B2
:1027F00016F0BEFE32463B4617F070F87EA3D3E9D2
:10280000002316F0B3FE32463B4617F067F87CA370
:10281000D3E9002316F0ACFE32463B4617F05EF8D3
:1028200002460B462046294616F0A0FE02460B46FD
:1028300006460F462046294617F050F8804689463E
:10284000BAF1000F00F0AB8032463B4600204FF05B
:10285000804116F08BFE02460B464046494617F073
:1028600067F902460B46DDE9020116F07FFEDDE95D
:10287000002316F07BFE0B4602467349002016F03B
:1028800075FE6FF47F739A4580F2A3800AF57A7A19
:1028900001EB0A5100224FF0B87317F01FF804B093
:1028A000BDE8F08758A3D3E9002317F0A7FA002862
:1028B0006BD157A3D3E900232046294617F080FAAD
:1028C00000287FF46DAF614953A3D3E9002301EBE6
:1028D000C6062046294617F001F8D6E9002316F06F
:1028E00047FE17F0ABFA824616F08EFF4CA3D3E9F1
:1028F000002306460F4616F0F1FF02460B4620461F
:10290000294616F033FE48A3D3E90023CDE90001A0
:102910003046394616F0E2FFCDE9020115E04C4B96
:102920009A42D0D84B4BF4002344D3E9002316F04D
:102930001DFE494B234493ED007BCDE900018DED55
:10294000027BC6F1010AAAEB060ADDE90223DDE9F2
:10295000000116F00BFE04460D4630E734A3D3E920
:10296000002316F005FE0022374B17F047FAA8B3F4
:10297000204629460022344B16F0FAFD8FE70B461D
:1029800016F0F6FD04B0BDE8F08729A3D3E90023D3
:102990001046194616F0A2FF04B0BDE8F087304695
:1029A000394600224FF0804316F0E0FD02460B4608
:1029B0004046494617F0BCF822462B4616F0D6FD95
:1029C00002460B460020204916F0D0FD04B0BDE8B9
:1029D000F08701EB0A5104B0BDE8F0878246EEE6CD
:1029E000D0A4BE726937663EF16BD2C541BDBB3E15
:1029F0002CDE25AF6A56113F93BDBE166CC1663FF3
:102A00003E5555555555C53FEF39FAFE422E864085
:102A100051302DD5104987C0FE822B654715F73FF1
:102A20000000E0FE422EE63F763C7935EF39EA3D84
:102A30009C7500883CE4377E412E8640FFFFEF7F87
:102A4000422ED63FFFFF2F3E0000F03F20AC01009A
:102A5000B1A2F03F30AC010040AC0100000000002A
:102A60002DE9F04FB1F5801F85B006460F460B46A5
:102A700080F2D08021F00042024300F0DA80002989
:102A8000C0F2E9800022D64B16F028FFD54A0B464B
:102A9000934206460F466FF0350E00F3C180C3F334
:102AA000130505F5152C0CF6647C0CF4801C8CF0D9
:102AB0007F5282F440121C1542EA0507A4F2FF344B
:102AC00074440022C84B3046394604EB1C5416F0BF
:102AD0004DFDAB1CC3F31303022B82468B464FF014
:102AE000000240F3AF804FF0804316F041FD0246F4
:102AF0000B465046594617F01BF8064620460F462F
:102B000016F082FE3246CDE902013B463046394698
:102B1000CDE9006716F0E2FE02460B468046894684
:102B200016F0DCFE9AA3D3E9002306460F4616F002
:102B3000D5FE99A3D3E9002316F01AFD32463B4691
:102B400016F0CCFE96A3D3E9002316F011FD324611
:102B50003B4616F0C3FE94A3D3E9002316F008FD0C
:102B600042464B4616F0BAFE91A3D3E900238046B5
:102B700089463046394616F0B1FE8FA3D3E90023CB
:102B800016F0F6FC32463B4616F0A8FE8CA3D3E9BD
:102B9000002316F0EDFC32463B4616F09FFE0B4636
:102BA00002464946404616F0E3FCA5F5C223C5F5AA
:102BB000D725A3F27A4351351D43002D06460F4613
:102BC00040F387800022894B5046594616F086FE16
:102BD00052465B4616F082FE02460B468046894608
:102BE0003046394616F0C4FCDDE9002316F076FEC7
:102BF00006460F46002C40F0818002460B464046B8
:102C0000494616F0B3FC02460B465046594616F0AC
:102C1000ADFC0BE0734A93424FF0000E7FF73FAFDD
:102C200032463B463046394616F0A2FC05B0BDE8B8
:102C3000F08F0022002300206D4916F079FF05B0C7
:102C4000BDE8F08F002317F0B1F860B1002C7CD103
:102C500000200021EAE7024616F088FC002200234B
:102C600016F066FFE2E758A3D3E900235046594621
:102C700016F034FE02460B4600205C4916F076FC46
:102C8000524606460F465B465046594616F026FE0B
:102C900002460B463046394616F020FE06460F46E1
:102CA0002CB3204616F0B0FD49A3D3E9002380469B
:102CB000894616F013FE48A3D3E9002304460D46C7
:102CC0004046494616F00AFE02460B463046394653
:102CD0002CE002460B465046594616F047FCDDE90B
:102CE000002316F0FBFD06460F46002C47D1324666
:102CF0003B465046594616F039FC97E734A3D3E9D2
:102D00000023DDE9020116F0E9FD33A3D3E9002336
:102D100004460D46DDE9020116F0E0FD32463B4671
:102D200016F026FC02460B464046494616F01EFCAD
:102D300052465B4616F01AFC02460B4620462946D0
:102D400016F014FC05B0BDE8F08F204616F05CFDCF
:102D50001FA3D3E9002306460F4616F0BFFD1EA3AE
:102D6000D3E9002304460D463046394616F0B6FD39
:102D700002460B462046294616F0FAFB56E7DDE9E7
:102D8000028913A3D3E900234046494691E700BFD7
:102D900044523EDF12F1C23FDE03CB966446C73F8A
:102DA000599322942449D23F935555555555E53FA3
:102DB0009FC678D0099AC33FAF788E1DC571CC3FAE
:102DC00004FA97999999D93F555555555555D53F79
:102DD0000000E0FE422EE63F763C7935EF39EA3DD1
:102DE00000005043FFFFEF7F0000F03F0000E03F96
:102DF000000050C300000000B1F5801F2DE9F8432A
:102E000004460D460B4619DA21F00042024359D020
:102E100000295FDB00223A4B16F060FD394A0D466F
:102E20002B46934204466FF035010CDD22462B46BB
:102E30002046294616F09CFBBDE8F883314A9342B0
:102E40004FF00001F2DC1815A0F2FF3008444FEA01
:102E5000D0794844C3F3130816F0D6FCC9F57F7344
:102E6000033348EA035506460F4620462946FFF736
:102E7000F7FD1DA3D3E90023804689463046394635
:102E800016F02CFD1AA3D3E9002304460D46404654
:102E9000494616F023FD02460B462046294616F009
:102EA00067FB15A3D3E9002304460D463046394697
:102EB00016F014FD02460B462046294616F058FB34
:102EC000BDE8F8830022002300200F4916F030FEF1
:102ED000BDE8F883024616F049FB0022002316F0F5
:102EE00027FEA9E7AFF30080362BF111F3FE593D21
:102EF0000EE526157BCBDB3F00609F501344D33F8C
:102F000000005043FFFFEF7F000050C300000000AF
:102F10002DE9F04F23F0004555EA020493B00DD09F
:102F20006B4E21F00044B4420F4682460BDD04F1A3
:102F3000404404F5801454EA0A0350D16549002046
:102F400013B0BDE8F08F9B46944647D0B542EEDC07
:102F50005F4EB5425DD0002F80468946CDE9002303
:102F60005BDB0026BCF1000F0ED1594B9D423FD0D8
:102F7000584B9D4200F08880BBF1804F00F09C8050
:102F8000554B9B4500F0B8834046494614F026FC5B
:102F9000BAF1000F06D1002C59D04E4B27F0404219
:102FA0009A4254D0FF0F013F56EA070373D04B4BB0
:102FB0009D4240F39B8003F104739D4240F33E84A5
:102FC000474B9C4272DDBBF1000F72DD3EA3D3E99B
:102FD00000231046194616F081FCB1E728B141489C
:102FE00013B0BDE8F04F16F0CDB8A542F7DCAFE75F
:102FF00004F1404303F5801353EA0A039ED0384B93
:103000009C4240F38383BBF1000F52DBDDE90001FA
:1030100096E7BCF1000F9ED089E7334B9D4231DC2F
:10302000A3F154739D429CDD2B15A3F2FF33142BA7
:1030300040F3A583C3F134032CFA03F202FA03F33D
:1030400063458ED102F00102C2F102068AE7BBF1AC
:10305000000F05DA02460B4600201E4916F068FDF7
:10306000002FBFF66DAF04F1404404F5801454EA1C
:10307000060300F03F84012E7FF462AF01F10043AC
:1030800019465DE702266DE7BBF1000FC0F24883E9
:103090004046494654E742464B461046194616F00C
:1030A00065FA02460B4616F043FD49E7BBF1000FF7
:1030B0008CDB0020002143E742464B464046494610
:1030C00016F00CFC3CE700BF9C7500883CE4377EA2
:1030D0000000F07F0000F03F0000E03F0000E04112
:1030E000FFFFEF3F48B40100FFFF3F43B4F5801FEF
:1030F00080F261830022D24B16F0F0FB6FF0340CAB
:103100000C462315CF4DC4F31302A3F2FF3342F054
:103110007F546344AA420B9344F4401440F33F832A
:10312000C94B9A4240F304849FEDAF7B8DED087B41
:103130008DED107B9FEDAE7B0B9B8DED067B013300
:103140000B93A4F580140025DDE906232146824671
:1031500016F00CFAA346DDE9062380468946504660
:103160002146CDE90CAB16F003FA02460B460020CF
:10317000B64916F0DDFC0A460146CDE90E121346AB
:1031800049460246404616F0A9FB631043F000533F
:1031900082468B4603F500238C46CDE904AB5919D2
:1031A000D3460023CDE902BC0293DDE902AB002047
:1031B00004460D4602460B465046594616F08EFB15
:1031C00002460B464046494616F0D0F9DDE9062393
:1031D000804689462046294616F0C8F902460B4625
:1031E000DDE90C0116F0C2F952465B4616F076FB9B
:1031F00002460B464046494616F0B8F9DDE90E2373
:1032000016F06CFBDDE90445CDE9060122462B46AC
:103210002046294616F062FB77A3D3E90023044633
:103220000D4616F05BFB76A3D3E9002316F0A0F958
:1032300022462B4616F052FB73A3D3E9002316F067
:1032400097F922462B4616F049FB71A3D3E90023D8
:1032500016F08EF922462B4616F040FB6EA3D3E9FA
:10326000002316F085F922462B4616F037FB6CA397
:10327000D3E9002316F07CF92246804689462B4686
:103280002046294616F02AFB02460B464046494690
:1032900016F024FB524604460D465B46DDE9040168
:1032A00016F066F9DDE9062316F018FB22462B46D8
:1032B00016F05EF95246804689465B4650465946AE
:1032C00016F00CFB0022624BCDE90C0116F050F910
:1032D00042464B4616F04CF902980D4604462246EB
:1032E0002B465046594616F0F9FA002282468B4684
:1032F000574B2046294616F039F9DDE90C2316F024
:1033000035F902460B464046494616F02FF9DDE9ED
:10331000042316F0E3FA2246804689462B46DDE96F
:10332000060116F0DBFA02460B464046494616F007
:103330001FF98046894602460B465046594616F00C
:1033400017F9029838A3D3E9002304460D4616F076
:10335000C5FA5246CDE904015B462046294616F0DF
:1033600005F902460B464046494616F0FFF830A3E1
:10337000D3E9002316F0B2FA2FA3D3E90023804645
:1033800089462046294616F0A9FA02460B464046D1
:10339000494616F0EDF8DDE9102316F0E9F880460D
:1033A0000B98894616F030FA424682468B464B46C9
:1033B000DDE9040116F0DCF8DDE9082316F0D8F8A1
:1033C00052465B4616F0D4F8029852465B460446D5
:1033D0000D4616F0CBF8DDE9082316F0C7F8DDE955
:1033E000042337E0AFF3008000000000000000007D
:1033F000000000000000F03FEF4E454A287ECA3F23
:1034000065DBC9934A86CD3F01411DA96074D13F58
:103410004D268F515555D53FFFAB6FDBB66DDB3F6A
:10342000033333333333E33F000000E009C7EE3F9B
:10343000FD033ADC09C7EE3FF5015B14E02F3EBE09
:10344000000040438E98030079B60B000000F03F67
:103450000000084016F08AF80B46024649464046EE
:1034600016F084F8013E56EA070382468B4600F0C8
:103470005E819FEDD37B8DED047BDDE9001200239F
:103480000E461746CDE902670293DDE9026708465A
:103490003B461146324616F069F822462B4616F096
:1034A0001DFADDE90023804689465046594616F04C
:1034B00015FA02460B464046494616F059F8324680
:1034C000804689463B4620462946CDE9008916F0CC
:1034D00005FA0B46024606460F464046494616F098
:1034E00047F8D14B994204460D468A4640F3248161
:1034F00001F13F4303F5E003034340F0FF81B2A332
:10350000D3E90023DDE9000116F032F832468046A7
:1035100089463B462046294616F028F802460B46C7
:103520004046494616F06AFC002840F0E781A8466C
:103530004FEA2853A3F2FE324FF480131341534451
:10354000C3F30A52B94DA2F2FF321541C3F313047B
:1035500023EA05010020C2F1140B44F48014BAF1EF
:10356000000F02460B4644FA0BFB30463946B8BF03
:10357000CBF1000B15F0FAFF06460F463246DDE9A7
:1035800000013B4615F0F4FF4FEA0B5A0D460024AC
:103590008FA3D3E900232046294616F09FF932462F
:1035A000804689463B462046294615F0DFFF024605
:1035B0000B46DDE9000115F0D9FF87A3D3E900230D
:1035C00016F08CF986A3D3E9002306460F46204661
:1035D000294616F083F902460B463046394615F067
:1035E000C7FF06460F4602460B464046494615F0C1
:1035F000BFFF42464B4604460D4615F0B7FF024654
:103600000B463046394615F0B1FF224680468946C2
:103610002B462046294616F061F973A3D3E900230F
:1036200006460F4616F05AF971A3D3E9002315F0A8
:103630009DFF32463B4616F051F96FA3D3E90023B4
:1036400015F096FF32463B4616F048F96CA3D3E9D5
:10365000002315F08BFF32463B4616F03FF96AA374
:10366000D3E9002315F084FF32463B4616F036F9C5
:1036700002460B462046294615F078FF06460F46BF
:1036800002460B462046294616F028F90022CDE9CD
:1036900000014FF080433046394615F067FF02467F
:1036A0000B46DDE9000116F043FA424606460F4696
:1036B0004B462046294616F011F942464B4615F076
:1036C00057FF02460B463046394615F04FFF22465B
:1036D0002B4615F04BFF02460B460020544915F0CF
:1036E00045FF8A44BAF5801FC0F232815146DDE9B8
:1036F000042316F0F3F823E4002FFFF645AC404610
:10370000494613B0BDE8F04F14F004BFBBF1000F01
:10371000BFF6CFACDDE90034184604F100410FE4F8
:1037200042464B460020424916F002FA08E49FED5B
:10373000387B8DED047BA0E63E4B21F00048984598
:1037400040F3EA803C4B0B4403430AD132463B46EC
:1037500015F00CFFDDE9002316F046FB00283FF4CE
:10376000E7AEDDE904012CA3D3E9002316F0B6F897
:1037700029A3D3E9002316F0B1F8FFF7E1BBBCF1B0
:10378000000F40F0D280C3F1140345FA03F202FAAD
:1037900003F3AB4200F0E0806646FFF7E9BB9FED24
:1037A000207B8DED087B8DED107B9FED057B00254B
:1037B0008DED067BC8E44FF0000CA2E4AFF300806F
:1037C000000000000000F03FFE822B654715973C8B
:1037D00000000000432EE63FEF39FAFE422EE63F9E
:1037E000396CA80C615C20BED0A4BE726937663EFD
:1037F000F16BD2C541BDBB3E2CDE25AF6A56113FF1
:1038000093BDBE166CC1663F3E5555555555C53FD7
:10381000000000000000F0BF59F3F8C21F6EA501C0
:103820000000000000000000FFFF8F40FFFF0F00BE
:103830000000F03FFFCB904000346F3F5A4B9C425A
:103840007FF734AC594B9C423FF7BDAB0022574B3E
:1038500015F08CFE44A3D3E9002304460D4616F070
:103860003DF843A3D3E9002382468B4620462946F0
:1038700016F034F80022CDE902014D4B20462946CE
:1038800016F02CF802460B463BA1D1E9000115F0D9
:103890006DFE22462B4616F021F802460B4600200C
:1038A000444915F063FE2246804689462B46204651
:1038B000294616F013F802460B464046494616F0D4
:1038C0000DF82FA3D3E9002316F008F802460B46A3
:1038D000DDE9020115F04AFE02460B4680468946A4
:1038E0005046594615F044FE002004460D46524607
:1038F0005B46AFE502460B46FFF7CFBBDDE90401AF
:1039000021A3D3E9002315F0E9FF1FA3D3E9002386
:1039100015F0E4FFFFF714BB264B98453FF708AEC0
:10392000DDE902239246934631E60026FFF72CBBE1
:103930009FED177B8DED087B9FED177B8DED107B49
:103940009FED177B4FF480258DED067BFFF7FCBBC9
:103950005A4601F029FDCAE602F00102C2F1020650
:10396000FFF706BBAFF30080000000604715F73F8C
:1039700044DF5DF80BAE543E555555555555D53F72
:10398000FE822B654715F73F9C7500883CE4377E27
:103990000000004003B8E23F06D0CF43EBFD4C3EB1
:1039A000000000000000F83FFEFFEF3F0000F03F86
:1039B0000000D03F0000E03F2DE9F047CA4B21F066
:1039C00000479F4290B08046894640F38F80C74BA6
:1039D0009F420C46924626DC0029B9A3D3E9002376
:1039E00040F38F8015F0C2FDC14B9F4204460D4647
:1039F00000F04781B4A3D3E9002315F0B7FD0246D8
:103A00000B46CAE900232046294615F0AFFDAEA3B8
:103A1000D3E9002315F0AAFD0125CAE902012846D1
:103A200010B0BDE8F087B34B9F4240F38980B24BA2
:103A30009F4200F31C813D15A5F21645A7EB0553E7
:103A400019461F46064616F0F9F915F0DDFE8046C8
:103A5000894642464B4630463946CDE90A8915F03B
:103A600085FD0022A54B15F039FF8946804616F0EA
:103A7000E5F915F0C9FE06460F4632463B4640467C
:103A80004946CDE90C6715F071FD00229B4B15F0FE
:103A900025FF00220023CDE90E0116F087F900284A
:103AA00000F06081002330463946002216F07EF98E
:103AB000002814BF01230223914A019202212A46C1
:103AC00000910AA8514600F087FB002C054614DA45
:103AD000DAF80420DAF80C3002F1004203F1004376
:103AE0004542CAF80420CAF80C3006E00020002144
:103AF000C2E90089C2E902010025284610B0BDE8EC
:103B0000F08715F035FD7A4B9F4204460D4600F0D4
:103B10000B816DA3D3E9002315F02AFD02460B4665
:103B2000CAE900232946204615F020FD66A3D3E903
:103B3000002315F01DFD4FF0FF35CAE90201DCE757
:103B400013F04CFE62A3D3E900238046894615F0AA
:103B5000C5FE00226B4B15F00BFD16F06FF9054604
:103B600015F052FE56A3D3E90023CDE9060115F066
:103B7000B5FE02460B464046494615F0F7FC52A3F7
:103B8000D3E9002380468946DDE90601CDE90289B3
:103B900015F0A4FE1F2D02460B46CDE9042340F389
:103BA000B380DDE90423DDE9020115F0DFFC804686
:103BB00089463F15C9F30A53FB1A102B40F3B18015
:103BC00045A3D3E90023DDE9060115F087FE804611
:103BD000894602460B46DDE9020115F0C7FC0246A4
:103BE0000B46DDE90201CDE9082315F0BFFC424692
:103BF0004B4615F0BBFC3AA3D3E900238046894627
:103C0000DDE9060115F06AFE42464B4615F0AEFCB2
:103C10000B46CDE904010246DDE9080115F0A6FCDA
:103C2000C1F30A53FF1A312F8046894600F39C8066
:103C30009DED087BCAE900898DED027B42464B462B
:103C4000DDE9020115F092FCDDE9042315F08EFC9C
:103C5000002CCAE90201BFF650AF09F1004401F19E
:103C600000436D42CAE90084CAE9020345E70246FF
:103C70000B4615F07BFC0025CAE90201CAE90001E8
:103C80003BE715A3D3E9002315F070FC14A3D3E997
:103C900000230D46044615F069FC02460B46CAE9AE
:103CA00000232946204615F061FC0DA3D3E900232B
:103CB00015F05CFC0125CAE902011EE7AFF30080A4
:103CC00000004054FB21F93F3163621A61B4D03DDA
:103CD00083C8C96D305FE43F0000601A61B4D03D15
:103CE0007370032E8A19A33BFB21E93F7BD9024065
:103CF000FB21F93FFB213941FFFFEF7F00007041BD
:103D0000B0BF01000000E03F4046494615F02EFCE0
:103D1000394B6A1E804653F82230BB4289463FF435
:103D200048AFCAE9008989E72BA3D3E9002315F03E
:103D30001FFC2BA3D3E900230D46044615F018FC05
:103D400002460B46CAE900232946204615F00EFC20
:103D500023A3D3E9002315F00BFC4FF0FF35CAE98C
:103D60000201CAE60323A7E61FA3D3E90023DDE986
:103D7000060115F0B3FD06460F4602460B46DDE987
:103D8000080115F0F3FB8046894602460B46DDE943
:103D90000801CDE9028915F0E9FB32463B4615F0F2
:103DA000E5FB13A3D3E9002306460F46DDE9060130
:103DB00015F094FD32463B4615F0D8FB02460B4603
:103DC00040464946CDE9042315F0D0FB804689469C
:103DD000A7E700BFAFF300800000601A61B4D03DD8
:103DE0007370032E8A19A33B0000002E8A19A33B8F
:103DF000C14920259A837B3930BF010000000000B3
:103E0000574A2DE9F84F21F00048904506460F46E5
:103E10002CDC544B0029B4BF534D544D98454FF002
:103E2000000411DC524B984526DC4BA3D3E9002358
:103E300015F09EFB00224F4B15F0E0FF002840D00C
:103E400030463946BDE8F88F4B4B984530DD4B4B3B
:103E5000984568DD0133984562D0304639463EA327
:103E6000D3E9002315F03AFDBDE8F88F02460B4672
:103E700015F07EFBBDE8F88F13F0B0FC01F048F8B8
:103E80003F4B984506460F4623DD0022394B15F07F
:103E90006FFB02460B463046394615F049FE324666
:103EA0003B4615F065FB22462B4615F017FDE1E772
:103EB00013F094FCFEF75CFC22462B4615F00EFD39
:103EC000D8E73046394613F089FC01F021F8064660
:103ED0000F4632463B463046394615F049FB3246DE
:103EE00082468B463B463046394615F0F7FC0022A9
:103EF000804689461F4B3046394615F039FB02464D
:103F00000B464046494615F013FE02460B46504606
:103F1000594615F02BFB22462B4615F0DFFCA9E78E
:103F2000184B984299D83046394613F057FC002276
:103F30000E4B15F0D3FCFEF71BFC06460F4602465F
:103F40000B462046294615F0C9FC32463B4615F083
:103F5000C5FC8FE7AFF300803374AC3C1F7BAC7FB4
:103F6000FFFFEF7FFFFF35400000E0BF0000E03FB4
:103F7000FFFF2F3E0000F03F412E8640CD338640AC
:103F8000FFFFEF3F7DF8B98F2DE9F04F21F000489A
:103F9000B8F1795F85B006460F4692469B466BDACC
:103FA00015F04CFF002800F0E18032463B463046D9
:103FB000394615F093FC74A3D3E9002304460D465B
:103FC00015F08CFC72A3D3E9002315F0D1FA224638
:103FD0002B4615F083FC70A3D3E9002315F0C6FA35
:103FE00022462B4615F07AFC6DA3D3E9002315F089
:103FF000BFFA22462B4615F071FC6BA3D3E90023D0
:1040000015F0B4FA22462B4615F068FC68A3D3E9F4
:10401000002315F0ADFA22462B4615F05FFCCDE9E2
:1040200000010022664B2046294615F057FCDDE9C9
:104030000023804689462046294615F04FFC52460B
:1040400004460D465B463046394615F047FC0246AD
:104050000B462046294615F089FA02460B46404693
:10406000494615F083FA02460B460020554915F0E3
:104070007DFA05B0BDE8F08F02460B4615F02EFC28
:1040800041A3D3E9002304460D4615F027FC40A3C5
:10409000D3E9002315F06CFA22462B4615F01EFCDE
:1040A0003DA3D3E9002315F061FA22462B4615F013
:1040B00015FC3BA3D3E9002315F05AFA22462B4600
:1040C00015F00CFC38A3D3E9002315F04FFA224673
:1040D0002B4615F003FC36A3D3E9002315F048FA6C
:1040E0002B46224615F0FAFB374B9845CDE90001E7
:1040F00097DD364B98453EDCA8F5001300220020E2
:1041000030499046994615F031FACDE90201002276
:104110002B4B2046294615F0E1FB42464B4615F055
:1041200025FADDE90023804689462046294615F018
:10413000D5FB524604460D465B463046394615F0DF
:10414000CDFB02460B462046294615F00FFA0246E3
:104150000B464046494615F009FA02460B46DDE992
:10416000020115F003FA05B0BDE8F08F15490020F3
:1041700005B0BDE8F08F9FED107B4FF000088DED8E
:10418000027BDFF84C90C2E7D43888BEE9FAA8BDBC
:10419000C4B1B4BD9EEE213EAD529C804F7E923E96
:1041A0009015CB19A001FA3E7751C1166CC1563F4C
:1041B0004C5555555555A53F000000000000E73F00
:1041C0000000E03F0000F03F3233D33F0000E93F02
:1041D0000000D23F000000002DE9F04FADF5197D41
:1041E000BE4CA29EBE4D54F826600793D41E85FB9C
:1041F0000475E417C4EBA50424EAE4741D46631CAB
:10420000A3EB8303013D02EBC303059373190496EB
:104210000994019503900B91A4EB05071AD43B4434
:10422000002400255E1C0DF18008DDF88C9208E06A
:1042300059F8270015F0E8FA0137B742E8E802011B
:1042400008D0002FF4DA013720462946B742E8E8C3
:104250000201F6D1049B002B079B4FEAC303029394
:104260002ADB039A20A902EB030801EB0309049B54
:1042700072AA02EBC30B0DF5E07A019B002B4FF005
:1042800000064FF0000711DB039C4D4675E9022341
:10429000F4E8020115F022FB02460B46304639468F
:1042A00015F066F9444506460F46EFD1EAE8026785
:1042B000DA4509F10809E0D1DDE902040499204456
:1042C0008B0082460BA8A3F10802C31808930CAB1D
:1042D00013440A938B4698AB03EBCB03BBF1000F5F
:1042E00053E9284529DD70AB03EBCB080DF130090C
:1042F00000227C4B2046294615F0F0FA15F09EFD71
:1043000015F082FA0022784B06460F4615F0E6FAC1
:1043100002460B462046294615F028F915F08EFD79
:1043200078E9022349F8040B3946304615F020F9A4
:1043300070AB984504460D46DAD1DDF8149020465E
:1043400029464A4601F030F800224FF07F530446D8
:104350000D4615F0C3FAFCF7A7FD0022634B15F0DC
:10436000BDFA02460B462046294615F0FFF80D46D9
:10437000044615F063FD804615F046FA0B460246EA
:104380002946204615F0F2F84B46002B06460F460C
:1043900040F3E1800BF1FF320CA9C9F1180351F889
:1043A000225045FA03F101FA03F30CA8EB1A40F886
:1043B0002230C9F11705884443FA05F5002D2CDD9C
:1043C000BBF1000F08F1010840F381820C9C002C26
:1043D00040F0A780BBF1010F0AD00CA9012251F8CF
:1043E000044F531C002C40F09E809B451A46F6D18A
:1043F000059B002B0EDD012B00F0D980022B09D18B
:104400000BF1FF320CAB0CA953F82230C3F31503A8
:1044100041F82230022D00F0AF8000220023304608
:10442000394615F0C3FC002800F05382049B0BF1C1
:10443000FF394B4510DC0BF180430CAA013B089877
:1044400002EB8303002253F80419834242EA01027B
:10445000F9D1002A40F0B680049B0CAA013B52F827
:104460002330002B40F0A1800A9A012352F804194E
:1044700001330029FAD05B440BF1010999450693F9
:104480004CDC099A079909EB020801EB0B0508F1CE
:10449000804802EB030BA39B08F1FF3803EB88086D
:1044A00070AB03EBC909A39B20A903EB8B0301EBC2
:1044B000C505029358F8040F15F0A6F90B460199AB
:1044C0000246002905F1080BC5E900234FF000065C
:1044D0004FF000071CDB039C0CE000BF50C4010040
:1044E000ABAAAA2A0000703E0000704100002040E4
:1044F00075E90223F4E8020115F0F0F902460B46D3
:104500003046394615F034F8544506460F46EFD18B
:10451000029B9845E9E802675D46CBD1DDF818B00B
:10452000D9E6012300220CA9C4F180749B4541F80F
:1045300022400EDD51F8232001EB8B0001EB8303B9
:104540006FF07F4100E01A688A1A43F8042B834217
:10455000F9D101244CE706D10BF1FF330CAA52F834
:104560002350ED152AE700227B4B15F03DFC002877
:1045700040F0A381054650E732463B46002077498C
:1045800014F0F4FF06460F46002C3FF446AF059AA0
:104590007249002000F008FF02460B4630463946BB
:1045A00014F0E4FF06460F4637E7012363E70BF1FB
:1045B000FF320CAB0CA953F82230C3F3160341F8B9
:1045C000223027E70CAB059A53F82930183ACDE989
:1045D000068505926BB909F18043013B0CA901EBFB
:1045E000830353F8041909F1FF39183A0029F8D068
:1045F0000592059A5949002000F0D6FEB9F1000F46
:1046000004460D46C0F2C0814FEAC90370AA02EB0E
:10461000030808930CAB03EB8906DFF844B14FF0B5
:10462000000A08F10807043656F8040D15F0ECF8F6
:1046300022462B4615F052F95B4667E902015246C5
:104640002046294615F04AF90CAB9E4204460D4619
:10465000EAD148AB03930193CDF8149009F101031B
:10466000DDF810900293C3464FF0000AB9F1000F35
:10467000C0F22A81DFF8EC805D4635A3D3E9002340
:1046800000260027002403E0544510DCF8E802234C
:10469000F5E8020115F022F902460B46304639468C
:1046A00014F066FF0134A14506460F46ECDA019B83
:1046B000E3E802670193029B0AF1010A9A45ABF114
:1046C000080BD3D1A29BDDF81490032B39D8DFE877
:1046D00013F0D900060006004D0048AB0393B9F172
:1046E000000F4FF000004FF0000109DB039D05EBC8
:1046F000C904083474E9022314F03AFFA542F9D141
:10470000079B002B40F01E810B9BC3E900010B4669
:1047100003990246D1E9000114F028FFB9F1000F16
:104720000CDD4AAD01240134F5E8022314F020FF2A
:10473000A145F8DA079B002B40F014810B9BC3E9DD
:104740000201069B03F007000DF5197DBDE8F08F0F
:1047500000000040FB21F93F0000E03F0000F03F77
:104760000000703E68AC010048AB0393B9F1000F44
:1047700040F32781039ACDF810904FEAC9030193C3
:10478000D318D3E900AB09F10053013B02EBC90890
:104790000293914678E9026752465B4630463946B5
:1047A00014F0E6FE04460D4602460B4630463946F6
:1047B00014F0DCFE52465B4614F0DAFEC145A24618
:1047C000AB46C8E90201C8E90045E3D1DDF8109025
:1047D000B9F1010F40F3F580019B039A029913444C
:1047E000C900D3E9006701F1080A019192440DF56F
:1047F000947B7AE9028932463B464046494614F0AA
:10480000B7FE04460D4602460B464046494614F0A4
:10481000ADFE32463B4614F0ABFED34526462F464E
:10482000CAE90201CAE90045E3D1019C039B1034A7
:10483000002000211C4403F1100574E9022314F048
:1048400097FEA542F9D1039C079ED4E90023D4E941
:104850000245002E00F08A8003F1004701F1004379
:104860000B99C1E90403069B2646944605F10044D2
:1048700003F00700C1E900C7C1E902640DF5197D25
:10488000BDE8F08F089C039D0834002000212C44D3
:1048900074E9022314F06CFEA542F9D1079B13B111
:1048A00001F1004319460B9BC3E90001069B03F08D
:1048B00007000DF5197DBDE8F08FBBF1000F08F181
:1048C000010874DD022581E500260027EFE60024BB
:1048D0008EE5CDE90685059D304639466A4200F0F1
:1048E00063FD0022384B06460F4615F07DFA00B3F3
:1048F0000022364B3046394614F0F0FF15F09EFA90
:10490000044614F081FF00222F4B14F0E7FF0B4602
:1049100002463946304614F029FE15F08FFA0BF1A5
:1049200001090CAB183543F82B00059543F82940D5
:104930005FE63046394615F081FA0CABD94643F8AC
:104940002B0056E60B9C01F10043C4E900030B4623
:1049500003990246D1E9000114F008FEB9F1000FF5
:104960003FF7DFAE01F100431946E7E60B9EC6E9CB
:104970000023069BC6E9040103F00700C6E90245CF
:104980000DF5197DBDE8F08FA29B032B3FF6D9AE44
:1049900001A252F823F000BFA9490000DB46000045
:1049A000DB460000694700000020002176E7324620
:1049B0003B460020064914F0D9FD022506460F4665
:1049C0002BE5002000213EE7000070410000703E12
:1049D0000000F03F000000002DE9F04F21F00046FC
:1049E000B6F1795F85B004460D469046994604DAE3
:1049F00015F024FA002800F0858022462B46204638
:104A0000294614F06BFF06460F4602460B46204629
:104A1000294614F063FF41A3D3E9002382468B4665
:104A20003046394614F05AFF3EA3D3E9002314F070
:104A30009DFD32463B4614F051FF3CA3D3E90023D1
:104A400014F096FD32463B4614F048FF39A3D3E9F3
:104A5000002314F08BFD32463B4614F03FFF37A392
:104A6000D3E9002314F084FD0E9BCDE900019BB334
:104A70000022294B4046494614F030FFDDE900236F
:104A8000CDE902015046594614F028FF02460B4674
:104A9000DDE9020114F06AFD32463B4614F01EFFC8
:104AA00042464B4614F062FD19A3D3E900230646A3
:104AB0000F465046594614F011FF02460B46304649
:104AC000394614F055FD02460B462046294614F09F
:104AD0004DFD05B0BDE8F08F02460B463046394625
:104AE00014F0FCFE0AA3D3E9002314F03FFD524664
:104AF0005B4614F0F3FE22462B4614F039FD05B058
:104B0000BDE8F08F2046294605B0BDE8F08F00BF14
:104B1000495555555555C53F0000E03F7CD5CF5A06
:104B20003AD9E53DEB9C2B8AE6E55A3E7DFEB1572E
:104B3000E31DC73ED561C119A0012A3FA6F8101197
:104B40001111813F000000002DE9F04FC04C21F011
:104B5000004687B0A64282468B460F46CDE9002329
:104B60001ADC15F06BF900283FD1109B5246013337
:104B70001343334300F0B781109B012B00F0C08139
:104B80005B460020B34914F0D3FF04460D4620468F
:104B9000294607B0BDE8F08FAF4B9E4225DD0029C6
:104BA00009DADDE90045224605F10043CDE900239D
:104BB0000BF100418B4652465B4685A1D1E90001CD
:104BC00014F0D4FCDDE9002304460D4682A1D1E9AE
:104BD000000114F0CBFC9FED827B22462B468DED2D
:104BE000007B14F0C5FC82468B4652465B4650461D
:104BF000594614F073FE02460B468046894614F06F
:104C00006DFE424604460D464B465046594614F04A
:104C100065FE75A3D3E90023CDE9020120462946AC
:104C200014F05CFE72A3D3E9002314F0A1FC224629
:104C30002B4614F053FE70A3D3E9002314F098FC24
:104C400022462B4614F04AFE6DA3D3E9002314F04C
:104C50008FFC22462B4614F041FE6BA3D3E90023C0
:104C600014F086FC22462B4614F038FE68A3D3E9E4
:104C7000002314F07DFC42464B4614F02FFE66A341
:104C8000D3E90023CDE904012046294614F026FE8D
:104C900063A3D3E9002314F06BFC22462B4614F0E7
:104CA0001DFE61A3D3E9002314F062FC22462B46CB
:104CB00014F014FE5EA3D3E9002314F059FC22463D
:104CC0002B4614F00BFE5CA3D3E9002314F050FC38
:104CD00022462B4614F002FE59A3D3E9002314F018
:104CE00047FC02460B46DDE9040114F041FCDDE916
:104CF000022314F0F3FDDDE9004522462B4614F0B3
:104D000037FC42464B4614F0E9FD22462B4614F090
:104D10002FFC4DA3D3E9002304460D46DDE9020133
:104D200014F0DCFD22462B4614F022FC0B46024612
:104D3000804689465046594614F01AFC464B9E421E
:104D400004460D4600F38C80109B012B3BD002469D
:104D50000B4600203F4914F0EBFE002406460F46A8
:104D60002046294652465B46CDE90067CDE902015F
:104D7000009414F0FBFBDDE900AB02460B46404615
:104D8000494614F0F3FB52465B4614F0A7FD524629
:104D900004460D465B46DDE9020114F09FFD00224A
:104DA0002E4B14F0E5FB02460B462046294614F034
:104DB000DFFB32463B4614F091FD52465B4614F051
:104DC000D7FB04460D462046294607B0BDE8F08FC4
:104DD000182D4454FB21E93F075C143326A6813C7F
:104DE0000000000000000000D47ABF74702AFB3E6F
:104DF000E9A7F0320FB8123F68108D1AF726303F3E
:104E00001583E0FEC8DB573F93846EE9E326823FBB
:104E1000FE41B31BBAA1AB3F735360DBCB75F3BE4E
:104E2000A69237A0887E143F0165F2F2D844433F32
:104E3000280356C9226D6D3F37D60684F464963F29
:104E40007AFE10111111C13F635555555555D53F87
:104E5000FFFF2F3E0000F0BF2794E53F0000F03F2A
:104E6000109814F0D1FC2246CDE900012B462046D3
:104E7000294614F033FDDDE90023CDE90201204687
:104E8000294614F075FB02460B46DDE9020114F0D9
:104E90004FFE42464B4614F069FB02460B46504615
:104EA000594614F063FB02460B4614F061FB0246C0
:104EB0000B46DDE9000114F059FB0446B81700F079
:104EC0000200C0F101000D4614F09EFC02460B46A4
:104ED0002046294614F002FD04460D462046294688
:104EE00007B0BDE8F08F5046594612F077FC0246F5
:104EF0000B460020044914F01BFE04460D4662E7F1
:104F000054465D465FE700BF0000F03F0000000030
:104F10002DE9F04FCC4A21F00043934285B0824600
:104F20008B460C4620D9C94A934200F2D780002C08
:104F300080F2A481ACA3D3E900235046594614F073
:104F400017FB0022002314F03BFF002840F0D18023
:104F5000A7A3D3E900235046594614F0BFFC0246EC
:104F60000B460020BA4994E1BA4A934200F2E58028
:104F7000B94A934240F22E81002301930022B74B9D
:104F80005046594614F0AAFC06460F4602460B4608
:104F90005046594614F0A2FC97A3D3E900230446D7
:104FA0000D4614F09BFC96A3D3E9002314F0E0FA1D
:104FB00022462B4614F092FC93A3D3E9002314F06D
:104FC000D5FA22462B4614F089FC91A3D3E900239D
:104FD00014F0CEFA22462B4614F080FC8EA3D3E9BF
:104FE000002314F0C3FA22462B4614F077FC00226B
:104FF0009B4B14F0BDFA8046894602460B4630466C
:10500000394614F06BFC02460B460020954914F01B
:10501000ADFA064602460B460F464046494614F096
:10502000A5FA3246804689463B465046594614F01A
:1050300055FC02460B4600208B4914F097FA0246B5
:105040000B464046494614F073FD22462B4614F0A9
:1050500045FC019E02460B46002E4DD0DDE902675D
:1050600032463B4614F082FA52465B4614F036FC58
:1050700032463B4614F07AFA2B46224614F076FA72
:10508000019B013306460F4600F02381019B012B53
:105090007BD0019A531C392B4FEA025500F228812C
:1050A000019A132A40F35581019BC3F57F740334A1
:1050B0000022230514F05CFA02460B46504659467E
:1050C00014F054FA0022664B14F052FA824605EBB3
:1050D000010B5046594605B0BDE8F08F634A934234
:1050E0001BD9C1F313030343024640F01281002988
:1050F000EFDA00205E490DE05046594614F0EEFB11
:1051000022462B4614F032FA02460B4650465946C8
:1051100014F02CFA05B0BDE8F08F41A3D3E90023C9
:1051200014F06CFE00283FF402AF3FA3D3E9002344
:105130001046194614F0D2FBECE74E4A934200F2B7
:10514000EC8000293AA3D3E9002339DA14F010FAED
:1051500039A7D7E900674FF0FF33804689460193AE
:1051600032463B464046494614F000FA02460B469A
:1051700082468B464046494614F0F8F932463B4693
:1051800014F0F4F9CDE90201F8E600223A4B50465A
:10519000594614F015FE002800F0CC8050465946C0
:1051A00000222E4B14F0E4F902460B4630463946F5
:1051B00014F0DCF900224FF0404314F08FFBA9E714
:1051C00014F0D4F901238046894601931CA7D7E93E
:1051D0000067C5E714A3D3E9002314F0C9F9024618
:1051E0000B468FE7AFF3008059F3F8C21F6EA5019D
:1051F000FE822B654715F73F2DC3096EB7FD8ABEAA
:105200003952E686CACFD03EB7DBAA9E19CE143FEC
:105210008555FE19A0015A3FF41011111111A13F3B
:10522000EF39FAFE422E86409C7500883CE4377EBA
:105230000000E0FE422EE63F763C7935EF39EABDCC
:10524000763C7935EF39EA3D79684340412E864016
:105250000000E0BF422ED63FFFFF8F3C0000E03F42
:105260000000F03F0000084000001840FFFFEF7F03
:105270000000F0BFB1A2F03F0000D0BF44A3D3E9CB
:1052800000235046594614F029FB02460B460020E5
:10529000414914F06DF914F0D1FD019014F0B4FA05
:1052A00037A3D3E9002306460F4614F017FB024646
:1052B0000B465046594614F059F933A3D3E900235D
:1052C000804689463046394614F008FB06460F46AC
:1052D00046E702460B465046594614F047F900226D
:1052E0002D4B14F0FBFA00222B4B14F03FF911E781
:1052F00052465B4614F03AF902460B460020274915
:1053000014F034F96B1819460022244B14F02EF9CE
:1053100000E70B4614F02CF9FCE61DA3D3E90023AB
:1053200014F0DCFA002C02460B464FF00000AFDA16
:105330001B49AEE732463B465046594614F016F933
:1053400002460B4614F014F90022144B14F010F925
:10535000E0E64FF4001343FA02F452465B4614F0C1
:1053600005F9C4F17F57002607F5401702460B46A2
:105370003046394614F0FAF8A8E600BFAFF30080D3
:105380000000E0FE422EE63F763C7935EF39EA3DFB
:10539000FE822B654715F73F0000E03F0000F03F1D
:1053A0000000E0BF00000000F8B5C1F30A53044656
:1053B0000D460E4617460BBB21F00046034633430D
:1053C0001BD0354B002214F089FA344B9F4204461F
:1053D0000D4635DBC1F30A530E46363B3B4440F2E3
:1053E000FE72934232DC002B11DD26F0FF4626F4DC
:1053F000E00646EA035520462946F8BD40F2FF7212
:105400009342EBD102460B4614F0B2F8F8BD13F10B
:10541000350F28DA4CF250339F4222462B460ADDE4
:1054200019A1D1E9000114F013F817A3D3E900235F
:1054300014F054FAF8BD16A1D1E9000114F008F8EF
:1054400013A3D3E9002314F049FAF8BD22462B46F2
:105450000DA1D1E9000113F0FBFF0BA3D3E9002359
:1054600014F03CFAF8BD26F0FF4626F4E006363389
:1054700046EA0355204629460022094B14F02EFA2D
:10548000F8BD00BFAFF300809C7500883CE4377E18
:1054900059F3F8C21F6EA50100005043B03CFFFF56
:1054A0000000903C10B5054C237833B9044B13B180
:1054B0000448AFF300800123237010BD10050020C5
:1054C00000000000A8C5010008B5034B1BB103494B
:1054D0000348AFF3008008BD000000001405002061
:1054E000A8C50100154B002B08BF134B9D46A3F523
:1054F000803A00218B460F461348144A121A09F0CD
:10550000CDF80F4B002B00D098470E4B002B00D04E
:1055100098470020002104000D000D48002802D00B
:105520000C48AFF3008013F0C9FF2000290005F0FC
:10553000CDF813F0AFFF00BF00000800000002200C
:10554000000000000000000000040020A40C002067
:10555000000000000000000070B504460E4600F098
:1055600047FA88B103681B6B05469847082C0CD096
:10557000A4F10903012B14D93246214610230D2032
:10558000BDE8704004F07AB870BD2B6828469B6A6D
:1055900098470228F0DC2B6828465B6A042198476C
:1055A000EAE72B6828469B6A98470528E4DC2B68C5
:1055B00028465B6A08219847DEE700BF38B52DED25
:1055C000028B054600F014FA044640B103681B6BD9
:1055D0009847032D03D8DFE805F02F363D06BDECD4
:1055E000028B002038BD20460CF036FC07EE900AF6
:1055F0002046F8EEE78A0CF037FC07EE900A2046CA
:10560000B8EEE78A0CF038FC68EE087A07EE100A6C
:10561000E8EEA87AB8EEC77AE7EE077AF5EE407AB8
:10562000F1EE10FAB1EEE78A1BD4FDEEC87ABDECBC
:10563000028B17EE900A38BDBDEC028B2046BDE808
:1056400038400CF009BCBDEC028B2046BDE8384068
:105650000CF00ABCBDEC028B2046BDE838400CF0D3
:105660000BBC17EE900A12F0EFFDDEE738B50446EA
:1056700000F0BEF958B103681B6B0546984744B16A
:10568000012C04D12846BDE838400CF02FBC002086
:1056900038BD2846BDE838400CF004BC10B50446BF
:1056A00000F0A6F928B1036821465B6ABDE8104006
:1056B000184710BD0048704716FCFFFF704700BF39
:1056C00010B5034B036004460CF026FC204610BDC9
:1056D0002CBA010010B5054B036004460CF01CFC0D
:1056E000204614F083FE204610BD00BF2CBA0100F6
:1056F0002DE9F041032184B00546512001F0DAFC88
:10570000DFF8E8C2AE4B044604F00F06C4F30317FB
:1057100014F4807408BF6346AA4831463A460BF039
:1057200057FB221C18BF012231463B4628460EF08B
:1057300069FA0023AB60A4480BF04AFB4FF0FF313D
:10574000032001F0B7FCC0B204F052FA4FF0FF3171
:105750000446022001F0AEFCC0B204F049FA002C6D
:105760003BD0002839D00146204604F063F80646B5
:1057700000284DD04FF0FF31462001F09BFC32282D
:1057800004464ED04BDD382800F0B18068285FD148
:105790004FF0FF31012001F08DFCC0B204F028FA77
:1057A00080465C2014F02BFE0523019342460094B2
:1057B00031462B4607460DF0DFFAAF603B683846AE
:1057C000DB6A9847A86803681B6B98477F480BF013
:1057D000FFFA284604B0BDE8F0817D480BF0F8FAE6
:1057E0004FF0FF31192001F065FCC0B204F000FA5F
:1057F0004FF0FF310446182001F05CFCC0B204F009
:10580000F7F90146204604F015F806460028B1D104
:1058100070480BF0DDFA284604B0BDE8F08130286E
:1058200016D14FF0FF31012001F044FCC0B204F06A
:10583000DFF98046502014F0E2FDA4B207460523AC
:1058400001934246009431462B460DF03FF8B4E7F1
:1058500001243268CDE900440023D76AAB600F22EF
:105860000DF10F0332213046B847002800F0858043
:105870003368CDE900440F22DF6A30210DF10F03B8
:105880003046B84700284AD03368CDE900440D229D
:10589000DF6A38210DF10F033046B847002872D077
:1058A0003268CDE900440DF10F03D76A68217522F3
:1058B0003046B847002845D1682147480BF088FAA0
:1058C0004FF0FF31204601F0F5FBC0B204F090F933
:1058D00080465C2014F093FD05246823CDE9003454
:1058E000424631462B4607460DF046FA65E74FF033
:1058F000FF31012001F0DEFBC0B204F079F98046EF
:10590000502014F07CFD05230746019342462B46A8
:10591000009431460DF010F9304B3B604DE73021DB
:105920002D480BF055FA30244FF0FF31012001F0E3
:10593000C1FBC0B204F05CF98046502014F05FFD5A
:1059400007467CE726480BF043FAAF68002F7FF448
:1059500035AF4FF0FF31032001F0ACFBC0B204F0D3
:1059600047F930B11F480BF033FA284604B0BDE8C0
:10597000F0811D480BF02CFA4DE7322116480BF050
:1059800027FA3224D0E7382113480BF021FA4FF0E0
:10599000FF31204601F08EFBC0B204F029F98046A9
:1059A000502014F02CFD052438230746CDE900349F
:1059B00042462B4631460DF0BFF8084B3B60FCE6F3
:1059C000F0AC010000AD010020AD0100E0AD010030
:1059D00030AD010044AD010070AD0100B8AC010074
:1059E0005CAD010084AD0100C0AD0100F8AC010068
:1059F00038B5114C23680BB1986838BD4FF0FF31B2
:105A0000012001F057FBC0B204F0F2F840B10C20C5
:105A100014F0F5FC0546FFF76BFE2560A86838BD5D
:105A20004FF0FF31032001F045FBC0B204F0E0F875
:105A30000028ECD138BD00BF2C05002008B501F0CE
:105A40006BFCFBF7D5FCBDE8084001F0C5B900BF11
:105A500008B501F061FCFBF73BFDBDE8084001F033
:105A6000BBB900BF08B501F057FC11F02DFFBDE830
:105A7000084001F0B1B900BF08B501F04DFC12F0CB
:105A80001FFBBDE8084001F0A7B900BF08B501F051
:105A900043FCFBF7BDFCBDE8084001F09DB900BF29
:105AA00008B501F039FC12F041F9BDE8084001F0F9
:105AB00093B900BF08B501F02FFCFAF745FFBDE828
:105AC000084001F089B900BF08B501F025FC12F0CB
:105AD00083F8BDE8084001F07FB900BF70B5049EAF
:105AE00096420C4624DB15466BB9042A19D0022ACB
:105AF00002D110F0010310D001462A46204607F0DB
:105B00003BFC002070BD10440D4410F8013D01F82D
:105B1000013B8D42F9D1002070BD02880A801846F1
:105B200070BD10F00303E7D102680A60184670BD2B
:105B30000846002108F0B2FD4FF0FF3070BD00BFF5
:105B40000830704740B1002905DB43688B4202DD15
:105B50000844007A70470020704700BF30B1002928
:105B600004DB43688B42C4BF40180272704700BF19
:105B700040B1002905DB4368994202DA0844007A03
:105B800070470020704700BF830704D1030F0CBF8C
:105B90000120002070470120704700BF30B100296C
:105BA00004DB43689942BCBF40180272704700BFD3
:105BB000F8B5002B20DB00291EDB46688E421BDB7C
:105BC0005468761AE51AB542A8BF3546002D13DB96
:105BD000824202F108070C4600F108062A4605D069
:105BE000F918301907F0C8FB0020F8BDF118381972
:105BF00014F038FC0020F8BD4FF0FF30F8BD00BFB6
:105C00004068704710B4141E10DB4268A2420DDBDE
:105C100033EA230328BF1346121B08309A4220445C
:105C2000A8BF1A465DF8044B08F038BD5DF8044B78
:105C3000704700BF10B443688B4200F10804184657
:105C4000A8BF084632EA220128BF19461B1A99420A
:105C50002044A8BF19465DF8044B00F0B5BE00BF54
:105C600070B5002BBCBF43689B1A002A0E4620DB90
:105C700044689918A1421CDC91421ADBCBB136F082
:105C8000004116D05942B14214DAB34212DD083055
:105C9000002E00EB020515DB9C1B2246A9192846A5
:105CA00014F0E0FB324628190021BDE8704008F0EE
:105CB000F5BC70BD002211464FF0FF33BDE87040C7
:105CC000FFF7A0BF74429A192946281914F0CAFB9D
:105CD000224628460021BDE8704008F0DFBC00BF26
:105CE00003460830596800F0EBBD00BF70B50546AB
:105CF00000206968490000F069FD6B68002B14DD25
:105D00000A4EEB1D02465C782411991F345D947194
:105D10005C7804F00F04491B345DD4716C688C42CC
:105D200002F1020203F10103EDDC70BDF0AD0100F0
:105D3000002BBCBF43689B1A002A30DB70B4456857
:105D40009C18AC4229DC944227DB33B331F0004489
:105D500023D00029B8BF01EB032191FBF3F403FB2F
:105D60001411002900F10800B8BFC91802441144F9
:105D70008A42134411D00C4604E08A4204460FD0F4
:105D800094420AD02046157810F8016B02F8016B96
:105D900083422570F1D10C46F2E770BC7047704722
:105DA0000146EDE700B583B04FF0FF3300930023C9
:105DB000FFF7FEFE03B05DF804FB00BF10B50C1E3C
:105DC0000EDD4168083002F0CFF81F2C07DC0123FC
:105DD000A34020FA04F4013B444004EA030010BD50
:105DE000002010BD0146002000F0EEBD38B50021B6
:105DF000054600F093FD0146002000F0E5FD044655
:105E000000F10801284600F089FD204638BD00BF9A
:105E100030B5013A83B004460D460F2A13D8DFE8A7
:105E200002F0141408086114141B1B734A255467EC
:105E30005A38184601F002FB012D04DD80B2E2075A
:105E400054BF2080208003B030BD184601F0F6FA20
:105E5000002DF8DD2070F6E7184601F0EFFA012D6D
:105E6000F1DDC0F3072360702370ECE7184601F002
:105E70007BFA032D0090E6DD9DF800009DF80110EF
:105E80009DF802209DF803302370E070A1706270CD
:105E9000D9E7184601F040FA072DCDE90001D2DD1F
:105EA0000DF1FF3204F1080312F8011F03F8011D80
:105EB0009C42F9D1C7E7184601F056FA032DC2DD1E
:105EC000A3070CBF20602060BDE7184601F04EFB21
:105ED000032DF5DCB7E7184601F048FB032D0090D1
:105EE000CADCB0E7184601F0A9FA032DE8DCAAE7FE
:105EF000184601F011FA072DCDE90001A3DD6B462C
:105F000003CB206061609EE7184601F097FA032DED
:105F10000090B1DC97E700BF30B4141E07DB456882
:105F200008300A462044291B30BCFFF771BF30BC43
:105F3000704700BF00B5013A85B00F2A00F2888093
:105F4000DFE802F01623303D4A56595C5F62657106
:105F5000748083080091012308220DEB0201FFF7F2
:105F6000BDFDDDE9020100F037FF05B05DF804FB7F
:105F700000910023012202A9FFF7B0FD9DF908005E
:105F800001F034F805B05DF804FB00910023012214
:105F900002A9FFF7A3FD9DF8080001F027F805B05E
:105FA0005DF804FB00910023022202A9FFF796FD91
:105FB000BDF9080001F01AF805B05DF804FB009186
:105FC0000023022202A9FFF789FDBDF8080001F0B5
:105FD0000DF805B05DF804FB00910023042202A92E
:105FE000FFF77CFD029801F001F805B05DF804FBB5
:105FF00001230091BEE701230091C8E7009101232E
:10600000D2E700910123DCE700910123E6E700914C
:106010000023042202A9FFF761FD029800F0F0FFBF
:1060200005B05DF804FB00910123F2E70091002325
:10603000042202A9FFF752FD029800F0CFFF05B03D
:106040005DF804FB0091002386E700910123EFE750
:1060500000208AE7131E09DB10B4446808300A46A2
:106060001844E11A5DF8044BFFF764BF002000F00C
:10607000BDBF00BF03F0E2B908B503F0E3F920F0BB
:10608000404008BD03F0FABA0FF0AABFC11703F0F1
:1060900099B900BF03F0AAB903F0BAB900B583B04B
:1060A00003F0CAF902AB63E902010821184601F0C6
:1060B0005BFF20F0404003B05DF804FB00B583B007
:1060C00003F0BAF902AB63E902010821184600F0B7
:1060D0007BFC03B05DF804FB81B138B50B680C465E
:1060E00008461B6A9847236805465B6A204698471E
:1060F00001462846BDE8384004F0E6B8704700BFC6
:1061000001F052BE012002F0E9B800BF08B502203C
:1061100002F0E4F840F29330BDE8084009F030B8EE
:10612000014B1860704700BF30050020704700BF6A
:1061300000207047002A2DE9F04340F3B38000258A
:106140002E464FF0ED0CDFF8BCE11CE003F0E0045C
:10615000C02C2AD003F0F004E02C3FD003F0F80468
:10616000F02C5AD00135023658B19F09044667F029
:106170003F0704F8027B03F03F0363F07F034370A3
:10618000204695420EDA4B5D1C06DFD47F2B05F1CD
:106190000105E8D801360028F3D09542037000F1DC
:1061A0000100F0DB3046BDE8F0836C1C9442D1DA8C
:1061B0004F197F7807F0C008B8F1800FCAD14FEAB5
:1061C000831807F03F0708F4F86848EA07077F2FAD
:1061D0006CDC023625460028C7D1D4E7AC1C9442BB
:1061E000BCDA4C19677807F0C008B8F1800FB5D158
:1061F00094F8028008F0C004802CAFD11C0308F092
:106200003F08BF01A4B207F47C6744EA08043C439A
:10621000B4F5006FA6DB03352DE0EC1C9442A1DA47
:106220004C19677807F0C008B8F1800F9AD194F83C
:10623000028008F0C009B9F1800F93D194F803905F
:1062400009F0C004802C8DD19C0409F03F093F0364
:1062500004F4E01407F47C374FEA881844EA090490
:106260003C4308F47C6844EA0804A4F58037774589
:106270003FF678AF0435B4F5803F1AD203360028D4
:106280003FF47FAF270BC4F3851304F03F0467F09E
:106290001F0763F07F0364F07F040770437084700E
:1062A00003306EE700263046BDE8F0833B460235FA
:1062B00059E7063600283FF464AFA4F58034A70AF6
:1062C000C4F3090407F5584704F55C43C7F3851880
:1062D000C3F3851407F03F0703F03F0368F07F081E
:1062E00067F07F0764F07F0463F07F0380F800C0ED
:1062F00080F803C080F80180877004714371063014
:106300003FE700BFFFFF0F0003781A0601D41846CD
:10631000704703F0E002C02A10D003F0F002E02A38
:10632000F5D1427881781803930103F47C6380B23D
:10633000184301F03F0303431846704740789B0120
:1063400000F03F0003F4F86303431846704700BFB2
:10635000C3888B423AD370B41B095B000C09868852
:106360004ABB8568EA184CB104F10040013835F8A1
:106370001030F61AB6B21A4401F00F010024234679
:1063800002E001339E4213DB0134A14202EB030021
:10639000D55C0EDB2806F4D505F0E000C02805F03A
:1063A000F00511D0E02D08BF023301339E42EBDA35
:1063B000002070BC704700F108021A44002CDDD0A8
:1063C00000EB4400C388D4E70133DAE700207047CC
:1063D00080880A3080087047063070478088704790
:1063E00083888B4226BF063040180020704700BFCC
:1063F00080880A3080087047063070478088704770
:106400008188E1B130B4841D0020034602E00133ED
:10641000994210DDE25C150600F10100F7D502F0AB
:10642000E005C02D02F0F00207D0E02A08BF0233D9
:1064300001339942EEDC30BC70470133E7E7084690
:10644000704700BF70B400228688851D134602E0A5
:1064500001339E4213DB0132914205EB0300EC5CF9
:106460000EDB2006F4D504F0E000C02804F0F004B0
:1064700008D0E02C08BF023301339E42EBDA002043
:1064800070BC70470133E3E703207047C38880681E
:106490001B0900EB4300704780887047C088704735
:1064A0000022FFF755BF00BFC38880881B0900EB9F
:1064B00043000C3080087047C38800F108021B09B4
:1064C00002EB4300704700BF0122FFF741BF00BF4E
:1064D00040680B30800870472DE9F041C4888588FA
:1064E000240907460B466400002A44D000F108083E
:1064F000444421B12A46204606F03EFF002363555E
:10650000FE88360986B3A8F1020808EB4606254442
:106510002746281B1DD422781021002307E00133D1
:10652000984204EB030C14DB0139E25C20D012F03A
:10653000800FF4D002F0E00CBCF1C00F02F0F002CA
:1065400014D0E02A08BF02330133984204EB030C55
:10655000EADA4FF45C7008F013FE00231C46DB1BE4
:1065600028F8023F4645D4D1BDE8F0810133D6E793
:1065700064466346F3E716468268144429B96155B8
:10658000C6883609D7F80880BCE72A46204606F0B8
:10659000F3FE6655FE883609F4E700BF806808B14F
:1065A00001F082BD704700BF10B50446406801F09D
:1065B000A7FDA068BDE8104001F0A2BD2DE9F04F95
:1065C000404DA98883B08246002957D13D48DFF865
:1065D000F890524600270646B84602F0C3FB0DE08D
:1065E00002F0D8FB03684B4504465FD09B6A98478E
:1065F000236880445B6A204698470744AB8830464E
:10660000002BEDD14FEA18146400781C204402F0EE
:1066100083F9A98801900444002935D129485246BC
:10662000814602F09FFB14E002F0B4FB264B0268A7
:106630009A4283462ED0526A9047DBF800200646E5
:10664000136A5846984732460146204606F094FEA3
:106650003444AA884846002AE6D101991B4BCAF85F
:10666000081050461146AAF80470AAF80680CAF825
:10667000003003B0BDE8F04FFFF72EBF40F271309D
:1066800008F07EFDA988A1E740F2713008F078FD9E
:10669000A988C3E78268A988484602F063FBDBF853
:1066A0000420A988484602F05DFBD2E78268A988E9
:1066B000304602F057FB6268A988304602F052FB70
:1066C0009CE700BF3805002060AE0100A8AE0100C5
:1066D00010B50446FFF772FFE08810BD10B5044600
:1066E000FFF76CFFA08810BD10B50446FFF766FFEA
:1066F000E388A0681B0900EB430010BD38B50D46C8
:106700000446FFF75BFF294620460022BDE83840DB
:10671000FFF71EBE704700BF03207047032070477D
:10672000C0887047704700BF80887047704700BFBF
:1067300080887047704700BF60B143688B4200D0CB
:106740002BB9531C06D08368934203D013B1006861
:106750000028F2D1704700BF084B1B685BB15A6834
:10676000904201D0002AF8D14A1C04D09A68914284
:1067700001D0002AF1D11846704700BF340500202F
:106780002DE9F041104F3B6813B90AE01B6843B193
:106790005C688442FAD19C688C42F7D1DA60BDE82B
:1067A000F0810446102090460D4602F0C7F83B6881
:1067B0004460064685600360012140F80C8F02F0BA
:1067C0006FF93E60BDE8F081340500202DE9F0410D
:1067D0000C1E07461FDB1CB3A6B22FB37B1E191974
:1067E00013F9012F002A27DB9942F9D1DFF8C8807D
:1067F000E01D01F0E5FF054608B1C0F80080AE805D
:1068000039462246A81D06F0B7FD2C440023A3718B
:106810002846BDE8F08113F068FE0446002CDBD169
:10682000234D2846BDE8F081E01D01F0C9FF054673
:10683000002839D1BE80E8E7132C02DCDFF87C8029
:10684000D6E70020034602E001339C4210DDFA5CEB
:10685000110600F10100F7D502F0E001C02902F0B5
:10686000F0021FD0E02A08BF023301339C42EEDC65
:106870001FFA80F80028B8BF0F300011093404EB6C
:10688000400001F09DFF054608B10A4B0360284611
:10689000AE80A5F8068039460122FFF71DFE284686
:1068A000BDE8F0810133CFE7034B86800360ACE79E
:1068B00030B0010038AF010008AF0100D8AE0100D0
:1068C000F8B50C1E054603DB3CB9134C2046F8BD59
:1068D00013F00BFE0446002CF7D022462946002078
:1068E000FFF728FC8442064610D002F027F8224623
:1068F00007462946FFF71EFC31463846FFF766FF7C
:106900000446384601F040FF2046F8BD214628469F
:10691000BDE8F840FFF75ABF30B001002DE9F0475D
:10692000036804461B6A88469847236806465B6AE4
:1069300020469847074680B100242546335DED2B5D
:1069400006EB04000BD0B8F1000F01D008F80530B9
:1069500001350134BC42F1D32846BDE8F08704F18B
:106960000509B945EFD2FFF7CFFC8246E01C304461
:10697000FFF7CAFCAAF55843B3F5806FE9D2A0F53A
:106980005C42B2F5806FE4D2B8F1000F19D000F587
:10699000105000EB8323991461F00F0108F80510E3
:1069A00008EB0502C3F30530C3F3851103F03F0381
:1069B00060F07F0061F07F0163F07F0350709170A1
:1069C000D37004354C46C4E770B50D1E12DD064683
:1069D00005F1080001F0F4FE044608B1094B03601C
:1069E000656004F108002A46314636B106F0C4FC61
:1069F000204670BD044C204670BD07F04FFE204677
:106A000070BD00BFA4AF010024B00100014B1860AD
:106A1000704700BF14000020034A044B116803FBB9
:106A200000F048401060704714000020CB5725CA82
:106A300030B40E4D2A68044621460020930983EAAB
:106A4000D273534083EA121383EA920352085340ED
:106A500042EAC37202F00103490843EA4000EDD163
:106A60008442E9D32A6030BC704700BF1400002084
:106A70000048704730B0010000B583B27F2B83B06F
:106A800029DD00F03F00B3F5006F40F0800043F3D4
:106A9000871213DB1B1302F03F0263F01F0362F047
:106AA0007F028DF80600032101A88DF804308DF8CF
:106AB0000520FFF78BFE03B05DF804FB62F03F0298
:106AC0008DF80500022101A88DF80420FFF77EFE55
:106AD00003B05DF804FB012101A88DF80430FFF735
:106AE00075FE03B05DF804FB2DE9F0470E46002863
:106AF0006FD004464A4B002942D0984279D09E423A
:106B00006CD02368474DAB4277D05B6A20469847EC
:106B1000336880465B6A3046984700EB0805322DA3
:106B200081466DD8236820461B6A984733688246A1
:106B30001B6A30469847294606460020FFF746FE66
:106B400003681B6A0746984742460446514606F0CA
:106B500013FC4A46314604EB080006F00DFC65B113
:106B600094F90030002B3DDB2919601C03E010F97B
:106B7000013B002B36DB8842F9D13846BDE8F0876F
:106B8000984234D00368274D274EAB42BDD1A06850
:106B90000368AB4234D05B6A9847336807465B6A48
:106BA00030469847384432282AD80C2001F008FE95
:106BB000074600B10560384601F08CFF63687B60D2
:106BC0003146A068FFF790FFB860384601F090FFAB
:106BD000D3E7154C01B3124B9E4292D1274638465B
:106BE000BDE8F087114B3B603846BDE8F0870E4F9B
:106BF000C3E70F463846BDE8F0873368AB42C6D1DD
:106C00000C2001F0DDFD074608B1064B0360C7E923
:106C100001463846BDE8F087054B264675E700BFBC
:106C200030B0010060AE010084B00100D8AE0100B8
:106C300008AF0100884228D0F8B503680C465B6AAB
:106C400005469847236807465B6A204698472B68A5
:106C500006461B6A28469847236805461B6A204655
:106C60009847BE4228BF3E46401B2B461978C25C5F
:106C7000914204D02CBF01204FF0FF30F8BD01330A
:106C80005A1BB242F2D90020F8BD0020704700BF65
:106C900003689B6A184700BFF8B5161E2DDD036810
:106CA0009B6A0C4605469847002CBCBF241824EA72
:106CB000E474001BB04212DD2B682146DB6A2846D3
:106CC00098472B68A1190746DB6A2846984704466F
:106CD00048B1E11B3846BDE8F840FFF777BD002812
:106CE0000BDD0646E8E740F2723008F049FAE11B96
:106CF0003846BDE8F840FFF769BD0148F8BD00BF60
:106D000030B00100002858D0002956D02DE9F047B6
:106D1000036805461B6A14460E4698472B6824EA0A
:106D2000E4718046DB6A284698472B6804465B6A14
:106D3000284698473368A4EB0805451B5B6A304634
:106D4000984707469CB3854231D3336830461B6A67
:106D50009847814690F800A002E0BD42344626D311
:106D60002378534505F1FF3504F10106F5D13A4684
:106D70004946204613F067FB0028EED1A4EB080437
:106D8000002C16DD034602E001339C4211DD18F8A9
:106D90000320110600F10100F6D502F0E001C02940
:106DA00002F0F00207D0E02A08BF0233ECE74FF010
:106DB000FF30BDE8F0870133E6E74FF0FF30704762
:106DC00008B5FFF79FFF013018BF012008BD00BFC5
:106DD00080F00100704700BF0A1E38B511D138B3EA
:106DE00002460B4604460D4613F012F8002841D126
:106DF0000C2001F0E5FC08B11F4B0360C0E9014520
:106E000038BDC2F30A54A4F2FF331D2B12D8142B41
:106E1000054618DC0028E3D1A4F2F33412FA04F496
:106E2000DED1D002C3F11F0340F00040D8401AE089
:106E3000012038BD1E2BD3D10028D1D10F4B9A424F
:106E4000CED10F4838BDA4F2134410FA04F4C7D1D0
:106E5000D002C3F11F0140F00040C3F13403C84029
:106E600025FA03F31843002AB8BF4042400040F01F
:106E7000010038BD0E2038BDD4AF01000000D0C1E4
:106E8000010000802DE9F041036882B01B6A984739
:106E900001A9F9F7B5F90022002306460F4612F0C2
:106EA00085FF60BB27F00045304629464FF0FF3292
:106EB0001F4B34464FF0010812F0AAFF38B94FF0CB
:106EC000FF321B4B3046294612F098FFF0B118F004
:106ED000FF0F1FD100224FF48013204629464FF0A8
:106EE000010812F095FF38B92046294600224FF4D8
:106EF000801312F065FFB0B118F0FF0F0AD13046D1
:106F00003946FFF769FF02B0BDE8F081804618F00E
:106F1000FF0FDFD0074F002630463946FFF75CFFF2
:106F200002B0BDE8F081804618F0FF0FE7D0F1E72E
:106F3000FFFFEF7F0000F87F08B512F065FCBDE8A9
:106F40000840FFF749BF00BFF8B50368DB6A044695
:106F50009847A0B10646FFF7D7F9074688B92368D6
:106F600020461B6A9847236805465B6A2046984777
:106F70002844864203D03B4643F00100F8BD0E2072
:106F8000F8BD4300B0EB630FF6D0BDE8F840FFF763
:106F9000D3BF00BF08B1FFF7D7BF0E20704700BFB7
:106FA00070B110B5FFF7D0FF0E28044606D0C30716
:106FB00008D56010BDE81040FFF75EBD064810BD63
:106FC0000548704740F2713008F0DAF86010BDE80B
:106FD0001040FFF751BD00BF30B0010008B512F0FE
:106FE00025FCBDE80840FFF7F7BE00BF4300B0EB4B
:106FF000630F01D0FFF7A0BF43F00100704700BF4F
:10700000B0F1804F08B503D2400040F0010008BD48
:1070100012F0EAFBBDE80840FFF7DEBE002814BF0F
:1070200042200A20704700BF08B5F9F7A5FABDE86D
:107030000840FFF7D1BE00BF01FB00F0704700BF62
:1070400090FBF1F0704700BF10B50C2001F0B8FBC9
:10705000044608B101F0A2FF204610BD0089704728
:10706000043001F00DBF00BF03460A460430198901
:1070700001F0E6BE043001F013BF00BF038942688F
:10708000994234BF52F8210000207047043001F0CB
:10709000D7BE00BF043001F011BF00BF043001F0C3
:1070A00031BF00BF024B1B68588CC000704700BF47
:1070B0007805002038B51C4B1B688BB15C6AACB1FD
:1070C000236898422DD08BB1002300E072B10233C7
:1070D00054F823208242F9D101339B00E05838BD97
:1070E000124B1C6844F21022944216D00D460446FE
:1070F00003F074F878B103689C4210D05BB10023B0
:1071000000E042B1023350F82320A242F9D101330A
:107110009B00C05838BD284638BD5B68CEE70423C5
:10712000F7E70423DAE700BF7805002060A6010036
:10713000406870474160704710B5082001F040FB7F
:10714000044608B101F032FF204610BD70B50C1E98
:10715000054616460EDB83889C420BDA05EB840459
:10716000E36823B10B2140F2863001F07BFFE6603B
:10717000284670BD0A2140F2863001F073FFEDE72A
:1071800007F0FEBF18B1024B984208BF00207047BD
:1071900030B00100003018BF0120704710B5142036
:1071A00001F00EFB044608B101F008FF204610BDB7
:1071B00010B5044601F00CFF002806DB238AE268C4
:1071C000984202D252F8200010BD002010BD00BF2E
:1071D000224B1B682DE9F041DE6AB36834688342B4
:1071E00004F1FF3506F104061ED856F82530834217
:1071F0001AD3002D14DD641056F82430984210D0B4
:10720000012203E056F8243083420AD098428CBF12
:10721000621C04F1FF355419AA424FEA6404F1DDFF
:1072200000242046BDE8F081002DF9DD07464FF02F
:10723000010806E0B4BF04F1010804F1FF3545453B
:10724000EEDB08EB05046410394656F82400FFF71E
:10725000F1FC0028EED12046BDE8F0817805002041
:10726000034B1B680131DB6A53F82110FFF7A0BF05
:1072700078050020F8B504460F46164601F0A8FE32
:10728000011E04F10C0505DB32462846BDE8F84036
:1072900001F0D6BD3A462189201D01F0D1FD3246CC
:1072A000218A2846BDE8F84001F0CABD034B1B689F
:1072B0000131DB6A53F82110FFF7DCBF78050020AD
:1072C000014B1868704700BF74050020704700BF6D
:1072D000820708B508D130B1036823F00103DA78DA
:1072E000F92A13D1987808BD0028FCD0C3070FD421
:1072F0000E280DD042280DD00A280BD0062805D024
:1073000040F2213007F03CFF042008BD042008BDF6
:10731000022008BD012008BD0E281FD010B504466C
:1073200070B915E0FFF7D4FF0346022B204612D0B8
:10733000032B0DD1FFF7A6FD0E28044608D03CB163
:10734000A3072046EED000F00FF812F05DFA10BD52
:107350000020044910BDD4E9010110BD00200149FD
:10736000704700BF0000F87FC107034651D4820771
:1073700004D59B0914BF01200020704700284AD083
:107380002DE9F041FFF7C8FF21F000450F464FF00F
:10739000FF322946274B064604464FF0010812F0FB
:1073A00037FD40B94FF0FF32224B3046294612F0EC
:1073B00025FD00B9804618F0FF0F2ED100224FF4B2
:1073C0008013204629464FF0010812F021FD40B9F4
:1073D0002046294600224FF4801312F0F1FC00B938
:1073E000804618F0FF0F18D13046394610F0DCFA0D
:1073F0000022114B10F006FD0022002304460D462A
:1074000012F0DEFC60B92046294612F03FFDBDE8CF
:10741000F08140107047002070470020BDE8F081E7
:10742000204629460022044B12F0A2F804460D46DD
:10743000E9E700BFFFFFEF7F0000F041FFF794BFD7
:1074400038B50D46FFF790FF04462846FFF78CFF3E
:1074500000F01F0004FA00F04300B0EB630F03D00C
:10746000BDE83840FFF768BD43F0010038BD00BFFC
:1074700038B50D46FFF778FF04462846FFF774FF3E
:1074800000F01F0044FA00F04300B0EB630F03D09C
:10749000BDE83840FFF750BD43F0010038BD00BFE4
:1074A00038B50D46FFF760FF04462846FFF75CFF3E
:1074B00060404300B0EB630F03D0BDE83840FFF7F6
:1074C0003BBD43F0010038BD38B50D46FFF74CFF1A
:1074D00004462846FFF748FF20434300B0EB630F04
:1074E00003D0BDE83840FFF727BD43F0010038BDA9
:1074F00008B5FFF739FFC0434300B0EB630F03D07B
:10750000BDE80840FFF718BD43F0010008BD00BF0B
:1075100038B50D46FFF728FF04462846FFF724FF3D
:1075200020404300B0EB630F03D0BDE83840FFF7C5
:1075300003BD43F0010038BD38B50D46FFF714FF19
:1075400004462846FFF710FF00F01F0024FA00F061
:10755000B0F1804F03D2400040F0010038BD12F07E
:1075600043F9BDE83840FFF737BC00BF0E2816D0FE
:1075700008B50346C0B19B0708D0FFF7F5FE07EE3C
:10758000900AF8EEE77A17EE900A08BDFFF7C4FEFE
:1075900012F09CFC07EE900A17EE900A08BDDFED92
:1075A000057A17EE900A7047DFED027A17EE900A1F
:1075B00008BD00BF0000C07F70B50E46FFF7ACFEEF
:1075C000044630460D46FFF7A7FE02460B4620460E
:1075D000294611F0CDFFBDE87040FFF7FDBB00BFAD
:1075E00070B50E46FFF798FE044630460D46FFF78D
:1075F00093FE02460B462046294611F0B7FFBDE830
:107600007040FFF7E9BB00BF01F00103184203D04F
:10761000C3130133012B12D9D0B50C46FFF77CFE02
:10762000064620460F46FFF777FE02460B463046D9
:10763000394612F053F9BDE8D040FFF7CDBBCB136C
:107640000133012BE8D84310481000FB03F043003E
:10765000B0EB630F02D143F001007047FFF76CBC41
:10766000032912D0D0B50C46FFF756FE0646204639
:107670000F46FFF751FE02460B463046394612F0E0
:1076800057FABDE8D040FFF7A7BB7047F8B50C46E6
:10769000C107034603D5E20701D5620811D1184698
:1076A000FFF73AFE064620460F46FFF735FE0B462B
:1076B00002463946304610F0A5FBBDE8F840FFF71A
:1076C0008BBBFFF751FE05462046FFF74DFE95FBAD
:1076D000F0F303FB10504300B0EB630F03D0BDE8A1
:1076E000F840FFF729BC43F00100F8BD70B50E4625
:1076F000FFF712FE044630460D46FFF70DFE024628
:107700000B4620462946F9F75BFFBDE87040FFF7BE
:1077100063BB00BFC2072DE9F8430C460BD5CB076E
:1077200009D540104C10844241DB3DD1640044F047
:107730000100BDE8F883FFF7EFFD064620460F463F
:10774000FFF7EAFD04460D4602460B463046394631
:1077500012F054FB90B922462B463046394612F0BF
:1077600025FB28B130463946BDE8F843FFF734BB66
:1077700022462B4634463D4616461F46F8F7FCFE89
:107780002246804689462B463046394611F0EEFEA9
:1077900042464B4612F0A2F822462B4611F0E8FE74
:1077A000BDE8F843FFF718BB234604461846001B04
:1077B000FFF73EF920444400B0EB640F02D144F0DF
:1077C0000100B6E7BDE8F843FFF7B6BB08B5FFF721
:1077D000A3FD10F077FBBDE80840FFF7FDBA00BF3E
:1077E00008B5FFF799FD10F0EBFBBDE80840FFF787
:1077F000F3BA00BF08B5FFF78FFDF9F755FBBDE8F9
:107800000840FFF7E9BA00BF08B5FFF785FDF9F7B3
:10781000CBFABDE80840FFF7DFBA00BF08B5FFF7B5
:107820007BFD10F0C1F8BDE80840FFF7D5BA00BFF6
:1078300008B5FFF771FD054B002211F099FEF9F72D
:1078400033FBBDE80840FFF7C7BA00BF0000E03FC8
:107850000E280BD00E2909D08842F8B5044607D06F
:1078600001F00102104205D00020F8BD0020704751
:107870000120F8BD0D46FFF72BFD06462846FFF711
:1078800027FD8642F0D144EA05039B07ECD1032E85
:1078900015D0022EE8D12046FFF73EFD06462846C9
:1078A0000F46FFF739FD0B4602463946304612F0C7
:1078B0007DFA4FF0010300B90346D8B2F8BD29465E
:1078C0002046FFF7B7F9B0FA80F04009F8BD00BFD5
:1078D00008B5FFF7BDFF002814BF42200A2008BDED
:1078E00008B5FFF7B5FF00280CBF42200A2008BDED
:1078F0000E281AD00E29F8B50C4614D006280546D5
:1079000015D042283FD00A281CD00629034600F093
:107910008380422C11D00A2C37D09C4210D004F026
:1079200001031D4211D00020F8BD00207047062938
:1079300006D0422C4FF00003EDD10322934204D134
:107940000120F8BD0123062CE3D12846FFF7C0FC37
:1079500006462046FFF7BCFC032E22D003282FD07A
:10796000012E14D0012821D08642DCD145EA04033F
:107970009B07D8D1032847D0022828D0601BB0FA33
:1079800080F04009F8BD0323DDE70122D6E7062D8C
:1079900033D0422D4FF0020634D00A2DE2D101251A
:1079A000E0E7022813D00328DCD1DFE7062C4FF0F4
:1079B000020020D0422C23D00A2CD5D10124D3E7B9
:1079C000022E04D0012EAED1062DE2D1ABE728461F
:1079D000FFF7A2FC064620460F46FFF79DFC024635
:1079E0000B463046394612F0E1F94FF0010400B978
:1079F0000446E0B2F8BD0024B6E702260025B1E750
:107A00000324B1E70325ADE721462846FFF712F925
:107A1000B0FA80F04009F8BD00228FE7FFF768BF99
:107A200008B5FFF765FF002814BF42200A2008BDF3
:107A300008B5FFF75DFF00280CBF42200A2008BDF3
:107A4000F8B5078945687FB10E46043D002402E081
:107A50000134A74208D0314655F8040FFFF748FF1C
:107A60000028F5D02046F8BD4FF0FF30F8BD00BF2C
:107A700010B500220446FFF7E3FF011E04DB201DC2
:107A800001F01CFA012010BD002010BD38B583079D
:107A9000044608D148B1FFF71BFC032812D0022886
:107AA00014D0012038BD0A2801D1002038BD00289B
:107AB000FBD00E28F9D00628F7D010F1FF3018BF00
:107AC000012038BD0C4B9C42EBD1EEE72046FFF77E
:107AD00023FC02460B4604460D4612F099F9002895
:107AE000E3D1204629460022002312F05FF9B0FAC4
:107AF00080F0400938BD00BF30B00100422805D0F9
:107B00000A2801D0FFF7C2BF00207047012070474C
:107B10000E2847D00E2945D0F8B50C460546FFF78C
:107B2000D7FB06462046FFF7D3FB032E2CD0A542F9
:107B300028D02846FFF7F0FB064620460F46FFF701
:107B4000EBFB324604460D463B463046394612F0C2
:107B50005FF908BB22462B462046294612F058F909
:107B6000D0B922462B463046394612F029F9B0B931
:107B700022462B463046394612F040F9003018BFF5
:107B80000120F8BD0020F8BD0328D0D121462846A9
:107B9000BDE8F840FFF74EB86FF00100F8BD4FF0B8
:107BA000FF30F8BD6FF00100704700BF38B501F03D
:107BB000010313EA000404D08842ACBF0020012076
:107BC00038BDFFF7A5FF831C14BFC00F204638BD8A
:107BD00010B501F00104204203D0884207DC4220A6
:107BE00010BDFFF795FF831C01D00028F7DD0A20A8
:107BF00010BD00BF10B501F00104204203D088423F
:107C000007DA422010BDFFF783FF831C01D0002854
:107C1000F7DB0A2010BD00BF10B501F001042042BF
:107C200003D0884205DB422010BDFFF771FF00281A
:107C3000F9DA0A2010BD00BF10B501F0010420429E
:107C400003D0884205DD422010BDFFF761FF002808
:107C5000F9DC0A2010BD00BFF0B591B00446FFF773
:107C600037FB03283DD002280FD0052848D0002C30
:107C70004CD00A2C42D00E2C45D0422C55D02C4B47
:107C80002C48062C08BF18462CE0E3072CD40E2CF9
:107C900039D02046FFF740FB21F000450F464FF05A
:107CA000FF322946244B064612F0B2F838B9304666
:107CB00029464FF0FF32204B12F08CF840B3324689
:107CC0003B463046394612F0A3F8E0B93046394613
:107CD0006A46F8F73DFB68464FF0FF31FEF776FD48
:107CE00000E0204611B0F0BD6946601008F09EFD2E
:107CF00068464FF0FF31FEF769FDF3E70F48F1E703
:107D00000F4811B0F0BD0F4811B0F0BD0E48E9E7C3
:107D1000002330463946002212F052F80B4C0C4B2F
:107D2000002814BF20461846DCE70A48DAE700BFFF
:107D300084B00100A8B00100FFFFEF7F9CB00100FC
:107D4000B8B0010068B0010014B0010074B00100C7
:107D500058B0010090B0010008B5FFF7B9FA052846
:107D600010D8DFE800F0030507090B0D084808BD2F
:107D7000084808BD084808BD084808BD084808BDAF
:107D8000084808BD40F2223007F0FAF9002008BD8B
:107D900048B0010004B00100CCB00100ECB001001B
:107DA000DCB0010038B0010070B50446FFF790FA6E
:107DB000042813D164B1A3070AD12168164821F021
:107DC00001025369834220D02046BDE87040184725
:107DD00021461248BDE8704008F0FABF2046FFF780
:107DE0003BFF05462046FFF7B7FF03681B6A98472D
:107DF0002B6806461B6A28469847224603463146AA
:107E00000748BDE8704008F0E3BF138805481289B1
:107E1000BDE8704008F0DCBFA97D000068AF01003C
:107E200094AF010074AF010010B504460A46124831
:107E3000214608F0CDFF7CB1A30705D1216821F0D0
:107E40000101CB78F92B10D0062C05D140F2DD30A2
:107E5000BDE8104007F094B92046FFF739FABDE8B5
:107E6000104000F5757007F08BB90B898A780348CC
:107E700008F0AEFFE8E700BF04AE010024AE010049
:107E800008B50146044808F0A3FF4FF46470BDE84C
:107E9000084007F075B900BF90AE010010B501F0C1
:107EA000D3FA0446102000F049FD226902602061E7
:107EB00010BD00BF38B501F0C7FA0469054634B1FA
:107EC00023682B612046BDE8384000F05DBC40F2DD
:107ED000533007F055F9F3E7F0B585B0074601F0E8
:107EE000B3FA046906468CB194E80F006D46306120
:107EF00085E80F00204600F047FC0A4B77611B68BD
:107F0000284631469B6B984705B0F0BD064808F0FF
:107F10005FFF3846FFF748FF40F2E73007F030F9DF
:107F2000E2E700BF7805002044AE010010B501F083
:107F30008BFA446912239C42436101D0204610BD54
:107F400040F2533007F01CF9204610BD08B501F08F
:107F50007BFA4369122B05D0FFF7E8FFBDE8084024
:107F6000FFF7BABF08BD00BF79B110B4084B094C88
:107F7000014410F8012B04FB03F3884283EA020357
:107F8000F7D118465DF8044B7047014B184670470F
:107F9000C59D1C819301000138B5046834F00304C9
:107FA000054611D0A30F14D12846E369984705462A
:107FB00025B1B5F5004F05D9002C03DB40F249305F
:107FC00007F0DEF8284638BD40F2513007F0D8F807
:107FD000EAE7C4F39905EBE738B5144B9A881B68B8
:107FE00092B1551E53F8251088421AD0023A03EB7D
:107FF00082032A4602E0216881420BD0013A511CDB
:108000001C46A3F10403F6D14FF45270BDE838408A
:1080100007F0B6B8954204D0044800F0BBFE2060DB
:1080200038BD0248BDE8384000F0B4BE4C05002021
:1080300018210148FEF7C8BC54050020036823F04E
:10804000010318888008704730B338B5C568044606
:10805000A5B155E901326868A96862605A0F032A20
:10806000C4E9020105D040F2493007F089F855F81B
:10807000043C43F0004345F8043C38BD50F8043C50
:108080005A0F032A09D143F0004344F8043C00206E
:10809000BDE8384001F0E0B9704740F2493007F0E0
:1080A0006FF854F8043CEEE738B550F8043CDB07B1
:1080B0000546A0F104041CD4104B1B6873B103F1F6
:1080C00008029442F9D359680A449442F5D255F80B
:1080D000043C43F0010345F8043C38BD40F24A300B
:1080E00007F04EF855F8043C43F0010345F8043C12
:1080F00038BD40F24F3007F043F8DDE7400500207F
:10810000830709D140B1030F06D00168114B194212
:1081100002D1CB78F92B00D070470F4B10B5044635
:108120001B688BB103F108029442F9D358680244EA
:108130009442F5D2094841F001012160224681882C
:10814000BDE8104000F00EBE40F24A3007F018F8CB
:108150002168EFE7030000404005002038050020BB
:1081600000294DD02DE9F84F0F468046DFF89CB02E
:10817000DFF89CA0DFF88C90061F002502E0013597
:10818000AF423BD056F8044FA307F8D1002CF6D0ED
:10819000230FF4D0206810EA0B0FF0D1C378F92B2D
:1081A000EDD1DAF8003053B103F108018C4203D36A
:1081B0005A680A44944207D31B68002BF4D140F25A
:1081C0004A3006F0DDFF2068B9F8041040F00100E5
:1081D000206022460B4800F0C5FDB9F80430642B3E
:1081E000CDD90C2009F080FB0135074A08EB850347
:1081F0007D1BC0E90135116801601060BDE8F88F92
:10820000704700BF380500204405002003000040EF
:108210004005002038B505684DB104462846FFF7F3
:1082200043FFA1882846BDE83840FFF799BF38BD15
:10823000830709D140B1030F06D00168234B1942CF
:1082400002D1CB78F92B00D07047214B2DE9F041BA
:1082500004461B68002B33D003F108029442F8D384
:10826000586802449442F4D221F0030341F0010122
:108270009B6921600BB120469847164D164C2F463E
:10828000AB8883B923681846C3B1D3E90026D3F875
:108290000880226009F04EFB41463046FFF760FF40
:1082A000AB88002BEED0384600F074FD036823F055
:1082B00003039B69002BE3D09847E1E7BDE8F08119
:1082C00040F24A3006F05CFF2168CDE70300004031
:1082D0004005002038050020440500202DE9F04F1E
:1082E000904B85B01B780390980705D54FF45270DA
:1082F00006F046FF8B4B1B788A498B4A43F00203FA
:108300000B70039B1468958813F0020640F0ED8013
:108310006DB104EB850554F8040B20F0010310F057
:10832000010F18BF1868FFF783FFA542F3D17F4CF8
:10833000039801F097F82368B3B17D4B1B68B3F83D
:108340002A8000F0A9FE2568A0EB080705EB880548
:10835000002E40F0DA803FB10024013455F8040BC0
:10836000FFF766FFA742F8D1724A734B16781D6873
:108370003EB10024013455F8040BFFF759FFA64223
:10838000F8D16E496E4A0B68176801330B606D4B6C
:1083900000221A60002F00F0C180CDE90122904632
:1083A00091467B68029A07F108059B0805EB830656
:1083B0001A44B542029248D22B6813F001017CD1D5
:1083C0001A0F062A79D0AE4240F28780AA4601E011
:1083D000DAF80030002B4FEA13720FDBD90714D400
:1083E000062A12D05C0009D4DB78F92B40F2493020
:1083F00001D006F0C5FE504600F09EFC5046FFF747
:10840000CBFD0AEB800A5645E2D8AAEB05044FEAF9
:10841000A40CE0454FEA8C024FF0FF01284642F0E1
:10842000004BB8BFE046E14406F038F9042CC5F82B
:1084300000B04BDD00236B60019B002B48D0019BFB
:1084400001955D605546AE42B6D83F68002FA8D171
:108450003D4D029B28689A004FEA89014FEA880344
:1084600098B1384800684FEA590970B10468C4F3FC
:108470009906B14506D241E00468C4F39904264444
:10848000B1453CD340680028F6D12C4C6069C4E962
:10849000031378B188420DD80398C00702D52B4842
:1084A00008F096FC1F4A137823F00203137005B0FE
:1084B000BDE8F08F21484161EEE723F001032B6016
:1084C0002846FFF769FD05EB8005BCE75546BAE78E
:1084D0001C4B01951D605546B5E74FF00043B8F1C0
:1084E000000F2B60AFDA8846ADE7194808F070FC42
:1084F0002A462146174808F06BFC09E734464C44ED
:10850000A41B00EB84002860BFE73A4629461248C6
:1085100008F05EFC002F7FF41FAF25E73B463A468C
:108520003946B2E7960C00204C0500207405002067
:1085300078050020970C00206C05002054050020D1
:1085400040050020700500204805002050B10100C2
:1085500030B1010038B1010044B10100F8B5444D1B
:108560002B6843B1196800296CD00220FFF7B6FED2
:10857000152006F005FE0021CF20FEF79BFD4FF4ED
:1085800080510746CE20FEF795FD0646002009F0F3
:108590004BF93246044601463648A61B08F018FC43
:1085A000002F3CD1304609F09FF9A6F1080104469E
:1085B000876141602246304808F00AFC62689307F0
:1085C0003AD12E4B2E4F2F4ED3E9011010440131DA
:1085D000C3E90110D31C23F0004323F0030343F04D
:1085E0000043A3603B68E360296804F1080303EBE0
:1085F00092023B60326079B1A1420DD80A689AB309
:10860000944203D230E0A34203D81A461368002BE9
:10861000F9D123601460F8BD21602C60F8BD04F529
:10862000FF447F3424F4FF4424F07F04A4EB87202C
:10863000002814DC0027B5E74FF4527006F0A0FDC7
:108640006268BEE7CD20FEF735FDA0F50130031FBF
:10865000002B8ADD0C4CA0F10C016160AAE7361AF0
:1086600009F042F907469DE713460A46D1E700BFE5
:10867000400500206CB101008CB1010054050020C0
:10868000700500204805002000040220F0B1104BC6
:108690001B68CBB103F108029042F9D359680A4430
:1086A0009042F5D250F8043C5A0F032A10B5044604
:1086B00005D040F2493006F063FD54F8043C43F025
:1086C000004344F8043C10BD09F034B9704700BFC2
:1086D00040050020072953DD002851D02DE9F04145
:1086E00007460020CE1CFFF7F9FD264B26F00306B7
:1086F0001D680736043F4FEA9608F5B115F0030FE1
:1087000040F2513001D12B0F01D106F039FD2C6818
:10871000002C40F24B3001DB06F032FD7A1B931047
:10872000C4F39904A4EB0804072BA4EB030401DDB4
:10873000072C05DC6D68002DE0D10020BDE8F0813C
:10874000984426F0C04605EB8801A40026F00306F5
:1087500022F00302686842F0004244F0004446F010
:10876000C04645F82840486005EB8304C5E9002170
:10877000002045F82360FFF7B1FD201DBDE8F08122
:10878000002070477005002050F8043C5A0F032A5F
:1087900010B5044605D040F2493006F0F1FC54F81B
:1087A000043C43F0004344F8043C204610BD00BFA5
:1087B000024A137843F0040313707047960C0020AC
:1087C0002DE9F04F85B0C51CB0F5003F03904FEA8E
:1087D000950500F389804A4BDFF834815B68C3F369
:1087E0000803002B61D198F800301A075DD143F0DF
:1087F000010388F8003000F027FE10B14368002B19
:1088000079D0DFF810913F4F0024D9F800B0BBF1C8
:10881000000F51D0002603E05E468B4600294BD066
:1088200040F2513014B93A685A454DD31BF0030F4A
:1088300002D15FEA1B7301D106F0A2FCDBF800A0B5
:10884000BAF1000F40F24B3001DB06F099FCCAF39D
:108850009902521B002ADBF80410DDDB0AD09000DD
:1088600040F000404BF825000BEB8505012A1CBFAA
:1088700069602946002E3BD071600022CBF80020B1
:1088800049B14A683AB1930701D1130F03D14FF4AC
:10889000547006F075FC98F80020584622F001024A
:1088A00088F8002005B0BDE8F08F40F2923006F065
:1088B00067FC98F800309AE734B1012C08D01520F5
:1088C00006F05EFC0134A0E70020FFF707FDF9E7A2
:1088D0000D490E48D1E9023209690091039908F067
:1088E00077FAFFF73BFEEDE7162006F049FC72E74A
:1088F000C9F80010C1E740F24E3006F041FC80E7B5
:1089000000ED00E04805002054050020FCB0010007
:10891000960C002070050020033010B520F00304F1
:10892000201DFFF74DFFE31D23F0804323F00303D9
:1089300043F0804340F8043B10BD00BF08B538B198
:10894000FFF7EAFF50F8043C43F0005340F8043CC2
:1089500008BD00BFF8B5214B5B68C3F308030646AA
:108960000F46002B34D100F06FFD1D4D1D4AF31B47
:108970009B102B7004461760A8B10C20FFF7CCFFAA
:1089800050F8043C6268026043F00053A26840F86B
:10899000043CE368C0E90123E0600023A6602B707B
:1089A00063602046F8BD1820FFF7B6FF0E4A50F866
:1089B000043C1268026043F00053122240F8043C69
:1089C00000234261C0E90333044600F045FDE4E7BB
:1089D00040F2923006F0D4FBC5E700BF00ED00E0A6
:1089E000970C00206C0500207405002008B50C4B86
:1089F0005B68C3F30803024663B90A4B1B784BB9A3
:108A000038B1FFF789FF50F8043C43F0005340F8B9
:108A1000043C08BD1046BDE8084008F065BF00BF33
:108A200000ED00E0960C00201C4B1B689BB370B55A
:108A300003F10804A04203D35D682C44A04206D38E
:108A40001B68002BF4D1BDE8704008F0A3BF0446BA
:108A500008460D46FFF7CAFF06469CB196B154F88A
:108A6000042C530F032B0FD122F0704222F003028B
:108A7000AA4228BF2A462146304604F07DFC204603
:108A8000FFF704FE304670BD40F2493006F078FB37
:108A900054F8042CE8E708F07DBF00BF4005002033
:108AA00061B1012938B50ADD4C1E013C0121051DCB
:108AB000FFF7F6FF631C2846F7D138BD7047044B1B
:108AC00040F0010299881846BDE8384000F04AB9E4
:108AD0004C050020830702D108B1030F00D1704775
:108AE000024B02469988184600F03CB94C0500201C
:108AF0008207034602D108B11B0F00D17047FFF770
:108B00006BBA00BF4068FFF7FBBA00BF0430FFF745
:108B100081BB00BF03460C309988FFF721BB00BF23
:108B20004068FFF7EDBA00BF10B504460430FFF708
:108B300071FB04F10C00BDE81040FFF76BBB00BFF8
:108B400050F8043B23F00103198804398908FFF722
:108B500007BB00BF03207047032070478088800058
:108B60000F308008704700BF022070470520704713
:108B70000349044A0023C1E90033C2E900337047C6
:108B80004C0500203805002000F01EBC002801DB49
:108B900000F016BC704700BF704700BF0023C0E95B
:108BA000013370470023C0E90133C0E90333704744
:108BB000054B10B41A68846883880146A21A0348DA
:108BC0005DF8044B08F004B97805002088B2010074
:108BD00001464268014808F0FBB800BFA0B101009F
:108BE00001460289014808F0F3B800BF38B201001D
:108BF000F8B5C3888B4205460E4625D29BB33F2B62
:108C00002FDDB3F5007F36DB03F580734FF6FE7280
:108C10004FF6FF74934298BF1C46B442B8BF344627
:108C2000A00008F061FEEB880746F3B9E21A920053
:108C300007EB8300002105F031FD286808F07AFE7B
:108C40002F60EC80AE80F8BD82889142FAD2006835
:108C5000521A00EB81009200002105F01FFDAE804A
:108C6000F8BD5C00D9E70424D7E79A00296804F02E
:108C700083FBEB88DAE7034C03EB8303A4FB0334A9
:108C80006408CAE7ABAAAAAA704700BF704700BF32
:108C90000B6823F0010370B51B89042B0C460546B5
:108CA00002D16DB9204670BD1048012240F28531D5
:108CB00008F08EF840F2853006F062FA002DF1D00F
:108CC000E81C8000FFF77CFD064608B1084B0360F6
:108CD000A368B360AAB2B5809200002106F10C002F
:108CE000344605F0DBFC204670BD00BF78B20100C1
:108CF000ECB1010038B502690D4B9A42054609D026
:108D00000C4803224FF4627108F062F84FF462706D
:108D100006F036FA2888FFF753FD044600B10560D7
:108D20002A880021043A201D05F0B8FC204638BDF1
:108D3000998B000078B20100036823F001031B69DE
:108D4000184700BF036823F001031B69184700BFE1
:108D5000036823F0010301461A88014808F038B877
:108D6000D0B101004FF6FE7399420AD883888B4236
:108D700070B5054616460C4604D92B6843F82460A6
:108D800070BD70470131FFF733FF2B6843F8246053
:108D900070BD00BF83884BB1013B9BB202688380EA
:108DA000002152F8230042F82310704718467047FC
:108DB000C38870B54BB33F2B0FDDB3F5007F2CDBC1
:108DC00003F580744FF6FE72944223D8A4B28C420D
:108DD00038BF0C46A34207D370BD5C00A4B28C42DE
:108DE00038BF0C46A342F7D20546A000FFF794FD1A
:108DF000EB880646E3B9E21A920006EB83000021F5
:108E000005F04CFC2E60EC8070BD042938BF0421B5
:108E10000C46E7E74FF6FF74E4E7084A03EB8304E8
:108E2000A2FB0424C4F34F048C4238BF0C46D9E79C
:108E30009A00296804F0A0FAEB88DCE7ABAAAAAA9A
:108E400030B5C3888B4283B005460C4609D9036808
:108E500043F82120AB889C4224BF0134AC8003B08E
:108E600030BD4FF6FE739942F9D8013189B20192B3
:108E7000FFF79EFF2B68019A43F82420EAE700BF22
:108E800038B5C3888B4204468DB201D2AB4201D9BA
:108E9000A58038BD2946FFF78BFFA58038BD00BFF0
:108EA00083884BB1013B9BB202688380002152F85A
:108EB000230042F82310704718467047F8B583889E
:108EC0008B421DD905684A1C8F009342044655F811
:108ED000216005EB070007D8013B9BB20022A3806D
:108EE00045F823203046F8BD5A1A02F18042013A73
:108EF000391D2944920011F0B5FAA3882568EBE7E3
:108F00000026EFE783888B421CD970B50E461546C4
:108F1000591CC28889B28A4204460FD9701C216844
:108F200080009B1B061F9A000844314411F09AFAF6
:108F3000A388226801339551A38070BDFFF738FFE5
:108F4000A388EBE7FFF77CBF70B505460A48EB88BE
:108F5000AA88296807F03CFFEB885BB1074E002424
:108F60002B68304653F8241007F032FFEB880134A9
:108F7000A342F5D870BD00BF4CB2010070B2010031
:108F800010B5014604460289034807F021FF201D61
:108F9000BDE81040FFF7D8BFB4B10100024A02603B
:108FA0000022C0E90122704704B30100024A0260B6
:108FB00000224260704700BFD4B20100034A026041
:108FC0000022C0E90122C0E903227047A4B20100D7
:108FD0002DE9F843068947680C46002E34D03B68DB
:108FE00099423AD03B46002003E053F8042FA242B6
:108FF00025D00130B042F8D1236820465B6A9847FB
:10900000236880461B6A20469847043F8146002417
:1090100057F8045F2B6828465B6A984780452846C6
:1090200008D12B681B6A984742460146484611F012
:109030000AFA30B10134B442EAD14FF0FF30BDE852
:10904000F8832046BDE8F8830B6808465B6A9847BA
:10905000236820461B6A9847EFE70020EFE700BF30
:10906000704700BF10B504460A460448214607F081
:10907000AFFE2046BDE8104006F082B878B201008D
:10908000014B1B681869704778050020014B1B686D
:109090009869704778050020014B1B68188C704751
:1090A00078050020014B1B68D86B704778050020BD
:1090B0000268F8B544F210239A4200D0FEE74168F6
:1090C0001B4B0A681B4F9A420446396013D0088C28
:1090D000194E8000FFF732FC3B6830601A8C00218B
:1090E000920005F0DBFA3D68144B2A6831689A4219
:1090F0000E600AD0FEE71248103107F069FE40F218
:109100009F30BDE8F84006F03BB8A3682A699A4250
:10911000F0D100F049FA3A680023146B05F14000E1
:109120001A461946A047BDE8F84000F047B900BF0D
:10913000718E3B927805002074050020708E3B9262
:109140001CB201000148FFF7B3BF00BF60A60100D9
:1091500048B110F0030207D1036823F00103D97866
:10916000F92903D010467047002070471889A0F1F4
:109170000600B0FA80F04009704700BF70B50546A0
:109180000C20FFF71DFB044620B1154B03600023A4
:10919000C0E901333DB1AB0705D12B6823F00103D2
:1091A000DA78F92A01D0204670BD0E4A9342FAD1EE
:1091B0002E89002EF7D02046FFF78CFC63899E4253
:1091C00003D93146201DFFF7F3FDB20069682681FF
:1091D000606804F0D1F82046FFF78AFC204670BD95
:1091E00004B30100A4B2010038B50D46044608B12D
:1091F000830714D040F29B3005F0C2FF2946204679
:10920000FFF7E6FE051E08DB2946201DFFF756FE88
:10921000294604F10C00FFF751FE422038BD0368D7
:1092200023F00103DA78F92AE4D1024A9342E5D027
:10923000E0E700BFA4B2010070B50E46FEF76CF87F
:10924000044630460D46FEF767F802460B462046B8
:1092500029460EF069FDBDE87040FDF7BDBD00BFB9
:1092600008B5FEF759F80EF001FBBDE80840FDF720
:10927000B3BD00BF08B5FEF74FF80EF0B3FABDE876
:109280000840FDF7A9BD00BF08B5FEF745F80EF090
:109290005DFABDE80840FDF79FBD00BF08B5FEF7C9
:1092A0003BF8F7F7EDFBBDE80840FDF795BD00BFC3
:1092B00008B5FEF731F80EF0E5FCBDE80840FDF713
:1092C0008BBD00BF08B5FEF727F80EF033FCBDE8F4
:1092D0000840FDF781BD00BF08B5FEF71DF80EF090
:1092E00055FFBDE80840FDF777BD00BF054B1A6884
:1092F00010B4146B0023A4461A4619465DF8044BBB
:10930000604700BF780500202DE9F04385B06C462A
:1093100084E80F0094E80F00BDF80260114CBDF81E
:10932000007084E80F0038463146FDF715FA044610
:109330003046FDF75BFE94B1DFF82C908046D9F8FB
:109340000030E0681D6B00231A464146A84720689C
:1093500032463946FDF7F0F904460028EFD105B052
:10936000BDE8F083000500207805002008B5FFF770
:10937000BFFBBDE8084008F037B900BF08B5064E8E
:10938000054632680023146B19461A462846A04742
:10939000142008F093F8F4E77805002010B504468F
:1093A00007F002FE034638B100200CB144F820302B
:1093B0001B6A0130002BF8D110BD00BF08F014B9B2
:1093C00008F07CB808F06EBB50B110B50446FFF74A
:1093D00081FB2146034A0448BDE8104007F062BF04
:1093E000704700BF1D1601007D93000050B110B5FD
:1093F0000446FFF76FFB2146034A0448BDE81040CE
:1094000007F050BF704700BF6D930000ED92000061
:1094100089B280B208F078B8064B10B51C68FDF729
:1094200041FE04F6FF74204420F47F6020F00F001A
:1094300010BD00BF780500200CF0C4BD08B508F0D1
:10944000E7FE08BD08F0F4BE024B186800B1406AA0
:10945000704700BF0C0B0020014B1B68586270471F
:109460000C0B00202DE9F04FDFF81C91D9F80030EB
:1094700087B0002B70D0824607F096FD0346002887
:1094800074D000241B6A0134002BFBD1A5002846B0
:1094900008F02AFA0390FFF781FFA04257D1002C71
:1094A00041DD039BA3F1040B0AF0020302930BEBD3
:1094B000050300934FF000085BF8047F7E6A7EB3DB
:1094C0007069FEF7B5FEDDF808A0CDF804B00436EB
:1094D000D9F8003034689F422BD03868BD680CF052
:1094E000BBFDD9F80030281A9F420444756807D0A4
:1094F0003868D7F808B00CF0AFFDABEB00000544BE
:10950000BAF1000F19D1A54205D954F8040BFEF7A2
:109510008FFEAC42F9D3B668002ED9D1DDF804B085
:10952000009B5B45C8D1039807B0BDE8F04F08F039
:1095300001BA7568BAF1000FE5D02B1B41469B10AC
:109540002246104807F044FC08F10108DBE74FF41D
:109550004B7005F015FEA2E7012008F0C5F9059053
:10956000059807B0BDE8F04F08F0E4B908F0BCF981
:109570000390FFF713FF0028D5D04FF44B7005F090
:10958000FFFDD0E744B301000C0B002010B500F044
:1095900079FD0446382010F032FF214601230022D5
:1095A000BDE8104008F094BE70B5FFF7EFFF00F083
:1095B00017FE1E4B1B681C8D3CBB1D4C1D481E4ED0
:1095C00007F046FD04F5807501E0AC420AD054F87E
:1095D000040F0028F9D003681B68B342F5D0984700
:1095E000AC42F4D100F06CFE4FF0FF310D20FDF7DE
:1095F00061FDC0B200F0FCFA18B1036800211B68DD
:109600009847BDE8704000F097BD21464FF02020FC
:10961000FFF760F8214605460246084807F0D8FBE8
:10962000002DCAD1142005F0ABFDC6E77805002057
:10963000040600207C050020B556000034B301006C
:1096400010B5084C08480AF081FB204609F060FD7F
:10965000064A0749204610F0CDFE064B064A1A601E
:1096600010BD00BF7C050020000500201000002078
:1096700069300100A4050020CCB701002DE9F04FAE
:109680008DB016461F4604460D46FDF765F838B105
:10969000324629462046FDF773F80DB0BDE8F08F3D
:1096A0000F2CBFB201D1C02F0ED1282010F0A7FE81
:1096B000A1B2804600971D4BAAB208F083F941463B
:1096C0001B4809F0B9FB50BB002DE1D14FF0FF3131
:1096D0002046FDF741F807460028D9D0DFF84CB006
:1096E000DFF84CA01FFA84F94FF010083A89CDF842
:1096F00000805B46494602A808F064F902A950467A
:1097000009F014FC02A808F075F938684FF0FF3230
:109710002146FDF711F807460028E7D1B8E7404693
:1097200008F068F9404610F061FECDE709930000AB
:109730007C05002000B585B08AB2012381B268465D
:109740000AF0E4FA05B05DF804FB00BF4FF0FF310A
:109750000148FDF7B5B800BF50B3010008B509F0E6
:109760002BFE08BD08B503681B6A9847BDE8084092
:109770000146014807F02CBB58B3010010B503683F
:109780001B6A0C46984722460146BDE81040014836
:1097900007F01EBB60B30100014820F06040704735
:1097A00000000220F8B538B30E46054621B31D4F20
:1097B0003C6814B90CE0246A54B123689D42FAD184
:1097C00063689E42F7D1184807F002FB2046F8BDB7
:1097D000164807F0FDFA242010F011FE3246044628
:1097E000C0E900562946002308300AF0B7FD3B685F
:1097F00023623C602046F8BD0D4807F0E9FA4FF0BF
:10980000FF311920FDF756FCC0B200F0F1F94FF01E
:10981000FF3105461820FDF74DFCC0B200F0E8F915
:109820000646C4E7A805002088B30100A0B30100E4
:109830006CB3010008B5FFF7B5FF083008BD00BFE5
:109840002DE9F041074682B00C460020114616462D
:109850009846FDF7B9F80546FFF73CF9610089B273
:10986000334605F10802CDF8008007F108000AF040
:1098700081FE04462846FFF73BF9002C0CBF284622
:10988000002002B0BDE8F08110B582B054680093AA
:10989000490089B22346083208300AF007FE02B0B8
:1098A00010BD00BF2DE9F04F02EB8207F03783B007
:1098B0008046384615460E4610F09AFD3A4600217D
:1098C000044604F0EBFE8022114678234FF0000C92
:1098D000AC4528DAE05C5FEA620940EA0200E05445
:1098E00004EB030E39D016F80CB0921011EA0B0FEE
:1098F0005FFA82FA5FFA89F055D09EF800B040EA2C
:109900000B008EF80000002A43D101331022E05CE6
:1099100060F07F00E05449101DD10CF1010CAC4502
:109920004FF08001D6DB00221146404600F094FC47
:10993000036822499B6805469847296800230093DD
:109940003A4628464D692146A847204603B0BDE85F
:10995000F04F10F04BBDC9B2BAE716F80C20114217
:1099600003F101030BD14FF0200A4FEA6A0A5FFAB4
:109970008AF2BAF1000FCED101338022CBE7E05C4E
:1099800040F08000E05404EB030E4FF0400A4FF02B
:10999000800940EA0A005FEAA9098EF8000005D1B3
:1099A00001332022B7E7002AFAD001E05FFA89FAF2
:1099B0005FEA6A0AD9D101334022ACE700093D00D1
:1099C000182A01D9FFF76EBF0CF06CBB02682DE9B5
:1099D000F0471268089E0C460021074699469047BA
:1099E0002025236801211B68204698472368002111
:1099F0001B6820469847013DF3D116B309EB060AD0
:109A00000AF1FF3A09F1FF3919F8018F082680257C
:109A10003B6818EA050F14BF012100211B68384676
:109A20009847236801211B68204698472368002136
:109A30001B6820469847013E4FEA5505E8D1CA45C4
:109A4000E2D13B6838461B680121984720252368EE
:109A500001211B6820469847236800211B68204687
:109A60009847013DF3D1BDE8F08700BF2DE9F043F1
:109A700083B00A4600211E460A9F00F0EDFB002439
:109A8000036800940546D3F8148014492346042241
:109A9000C0472B68009431463A465E692846234603
:109AA000B0472B6800945E690C492346284604227F
:109AB000B047FF080ED0DFF82890A0462B68CDF8FD
:109AC00000805E6920340023042249462846B047BE
:109AD000BC42F3D303B0BDE8F08300BFAC05002067
:109AE0001800002070B4039D38B131B12BB125B1FD
:109AF000182D04D970BCFFF7B9BF70BC704770BC9B
:109B0000FFF764BFA0B19BB130B55C6883B06CB1A6
:109B1000042A03F1080306D02246194603B0BDE823
:109B20003040FFF74DBF0094FFF7DCFF03B030BDBE
:109B3000704700BF2DE9F04B85B22F2D33DC1C4F51
:109B40001C4E7C5D30683CBBDFF86C8098F80010E0
:109B500001318900FEF768FF3060182010F04FFCDB
:109B60004FF0FF3121FA05FB00230BF001021343F4
:109B70000CBF01230323EAB205F1640181460BF017
:109B8000A7FA98F800203068531CDBB240F8229006
:109B90007B551C4688F8003004F18044013C50F8A5
:109BA0002400BDE8F08B4FF4637005F0E9FAC6E7D6
:109BB000B0050020E0050020980C002038B54FF0DB
:109BC000FF310546FDF776FA0446013004D0204601
:109BD000BDE83840FFF7AEBF2946044807F0F8F863
:109BE0002046BDE83840FFF7A5BF00BFBCB3010069
:109BF000002804DBFF2802D080B2FFF79BBF0020C3
:109C0000704700BF08B54FF0FF31FDF753FA002849
:109C100006DBFF2804D080B2BDE80840FFF78ABF0A
:109C2000002008BD0B4B10B403F5807401E0A34283
:109C30000AD053F8042B002AF9D091888142F6D13A
:109C400010465DF8044B7047002210465DF8044B47
:109C5000704700BF08060020FFF7D4BF0146002070
:109C6000FCF7B2BE014B9868704700BF00050020AA
:109C700003685B69184700BF0368DB68184700BFCB
:109C8000704700BF0048704716FCFFFF10B5044B3B
:109C9000036000230446C38006F002FF204610BD87
:109CA000A8B7010010B5064B036000230446C3802B
:109CB00006F0F6FE204610F099FB204610BD00BFCE
:109CC000A8B7010090F82C3003B970472DE9F04790
:109CD00006468068036884B01B6800219847B06816
:109CE000036801211B689847082400253069036830
:109CF00001219B688D409847002108B145F001057E
:109D0000F06803681B689847F068036801211B68C6
:109D10009847013CEAD1D6E905376F409F4229D0E8
:109D200006F11C0506F12C094FF0010811E061B99C
:109D300040F6020A01235146684609F0E7FF514602
:109D400001230022684609F0E1FFA94504F101045E
:109D50000FD035F8022B08FA04F307EA0301002AB2
:109D6000F3D070690342E2D10029EED040F6030A35
:109D7000E0E7776104B0BDE8F08700BF08B503688D
:109D80005B689847003018BF012008BD03681B6856
:109D9000184700BF70B5036804460D4616465B6D54
:109DA000032198473246294620891023BDE8704098
:109DB000FFF764BC8B1E70B50D4604461646032B98
:109DC00013D8DFE803F00F0F0202036803215B6D75
:109DD000204698473246294620891023BDE8704026
:109DE000FFF74CBC03680221F1E770BD2DE9F04795
:109DF000A1F1040A04461646D71708F019FABAFA70
:109E00008AFA4FEA5A1A8046894609E008F010FAA1
:109E1000B0EB080261EB09039F4208BF964220D3D2
:109E2000236820465B68984750450546EED108F008
:109E3000FFF9824609E008F0FBF9B0EB080261EB9C
:109E400009039F4208BF96420BD3236820465B68F4
:109E500098478542EFD008F0EBF9A0EB0A00BDE887
:109E6000F0870020BDE8F08731B1036801290CBFFD
:109E7000022100215B6C1847036801215B6C1847C5
:109E8000F8B5264D2C680CB12046F8BD302010F0F6
:109E9000B6FA0026224B03600446466006F090FDA9
:109EA000204B23604FF0FF314720FDF703F9C0B28C
:109EB000FFF79EFE4FF0FF31A0604820FDF7FAF853
:109EC000C0B2FFF795FE4FF0FF31E0604920FDF78B
:109ED000F1F8C0B2FFF78CFEE288E66126626662A6
:109EE000A6624FF47A670368A78042F40052012704
:109EF000E28039466661A661206184F82C709B6817
:109F00009847A068036839461B689847E06803686B
:109F100039461B6898472C602046F8BDE4050020B0
:109F2000A8B70100D4B3010070B5A0F21A45072DFF
:109F300004460E460ED9A4F57A73072B01D90020EA
:109F400070BDFFF79DFFA4F5777400EB440401207A
:109F5000A68070BDFFF794FF0122836902FA05F520
:109F60002B43323C8361E6E7104B10B41C68CCB144
:109F700004F11C02002332F8021B884206D0013390
:109F8000082BF8D100205DF8044B704761695DF83B
:109F9000044B012202FA03F30B420CBF00204FF4E2
:109FA0000070704720465DF8044B7047E4050020C0
:109FB000F8B54FF0FF3107464820FDF77BF8C0B2F7
:109FC000FFF716FE002428B3FFF75AFF0546806806
:109FD000036800211B689847A868036801211B6873
:109FE0009847002F16DD26462869036801219B68E3
:109FF0008C4098470136002108B144F00104E8681C
:10A0000003681B689847E868036801211B68984744
:10A01000B742E9D12046F8BD10B54FF0FF314820D6
:10A02000FDF748F8C0B2FFF7E3FDA0B1FFF728FF46
:10A0300004460069036800219B689847A06803688C
:10A0400000219B689847E068036800219B68984757
:10A05000002384F82C3010BD03689B6B184700BFA9
:10A06000026810B4146940F2DC53A4464FF4FA625B
:10A070005DF8044B604700BF03681B6B184700BFC7
:10A08000704700BF2DE9F0412449254DDA20FDF746
:10A0900011F8DFF894C0DCF8007018264FF0010EBC
:10A0A00020FA06F1C9B2102935D00124112304E0A9
:10A0B000994211D015F832301446621C002BF7D1AA
:10A0C000083E16F1080FEBD14FF46770002505F03C
:10A0D00057F82846BDE8F0810EFA04F31F42EFD18D
:10A0E00005EBC404D4F80480D8F80423002AE7D18F
:10A0F0001F4310390B48CCF8007006F069FE182099
:10A1000010F07DF994F90120054641460BF0D8FE88
:10A110002846BDE8F08100240123DFE71310121167
:10A1200010B40100F0B30100E80500204FF08043B7
:10A130000122C3F80025704708B52348FCF766FCE8
:10A140004FF01023D3F80C2232B9D3F8043303F0C4
:10A150000703052B00D108BD1C4806F039FE1C4B37
:10A160000122C3F80425D3F80024002AFBD04FF0C5
:10A170001023D3F80C2212B10022C3F80C224FF0A6
:10A180001022D2F8043303F00703052B07D0D2F8CE
:10A19000043323F0070343F00503C2F804330C4BE8
:10A1A0000022C3F80425D3F80024002AFBD0BFF313
:10A1B0004F8F0849084BCA6802F4E0621343CB6032
:10A1C000BFF34F8F00BFFDE7A10D0C0004B40100E9
:10A1D00000E0014000ED00E00400FA0500207047B7
:10A1E000704700BF2DE9F041174F3C6882B014B9A9
:10A1F0000EE0A46B64B12568A842FAD16568A94253
:10A20000F7D1A3689A42F4D1204602B0BDE8F081AC
:10A2100005463C2090460E4610F0F1F84FF0000C39
:10A220000446C0E90056C0F8088043463246294635
:10A23000CDF800C00C300BF0ABFB3B68A3632046AD
:10A240003C6002B0BDE8F081EC05002008B55A2062
:10A2500004F096FF002008BD08B5FFF7C3FF0C30DF
:10A2600008BD00BF0C300BF055BC00BF70B50D46EB
:10A2700082B014460646A8B17DB105F108016A68AE
:10A280004CB104F108036468009406F10C000BF073
:10A29000FDFB02B070BD2346F6E7002CF9D02A463C
:10A2A0002946EEE740F2DD3004F06AFFE4E700BF44
:10A2B0000C300BF035BA00BF0C3008220BF080BA1E
:10A2C000704700BF00207047024B1B6803B118475E
:10A2D000704700BFF005002010B50A4C23687BB121
:10A2E00008210948984709482368016843B10430A8
:10A2F0009847236823B102210548BDE8104018475C
:10A3000010BD00BFF005002040B401000807002088
:10A310004CB4010008B50368DB699847002814BFF6
:10A320004FF40070002008BD10B588B06C4684E87A
:10A330000F00BDF80020A2F57A6292B2012340F628
:10A34000020104A809F0E2FC08B010BD10B588B005
:10A350006C4684E80F00BDF80020A2F57A6292B244
:10A36000012340F6030104A809F0D0FC08B010BD99
:10A3700010B5054B036003F134020446C26008F0D7
:10A3800031F8204610BD00BF58B4010010B5064B8F
:10A39000036003F134020446C26008F023F820464B
:10A3A00010F024F8204610BD58B4010010B5054B3C
:10A3B000036003F134020446C26008F013F820463B
:10A3C00010BD00BF58B4010010B5064B036003F187
:10A3D00034020446C26008F005F8204610F006F882
:10A3E000204610BD58B4010038B50546102010F0C5
:10A3F00006F82A6845600446002352690360A3609A
:10A4000028469047034BA0811A6822601C602046B2
:10A4100038BD00BFF405002010B50446FFF70EF864
:10A42000A368C31A312B01D8A08910BD6368A0604E
:10A430001A6818465369984780B2A08110BD00BFC2
:10A4400038B50446406AFFF7E7FFB4F92830002B1F
:10A45000ACBFA0F50074C0F500743221D820FCF721
:10A4600029FE4FF4FA710546D920FCF723FE641B40
:10A47000401B640294FBF0F0B0F5007FA8BF4FF4DE
:10A48000007020EAE07038BD10B50446406AFFF75E
:10A49000C3FFB4F92830002BAEBFA0F50070C0F5A3
:10A4A00000705B4298420BDC94F82A2022B103EB47
:10A4B0004303B0EBA30F07DC002084F82A0010BD93
:10A4C000012084F82A0010BD012010BD10B50446FB
:10A4D000081ED8BF04F57A60FFF7A4FB20B103681B
:10A4E000BDE810409B6A18472046FFF73DFD002855
:10A4F00014BF4FF40070002010BD00BF2DE9F041E3
:10A500000B4682B006464FF0FF311846FCF7D2FDED
:10A51000431C0CD0C0F3074306F57A67002B0546B1
:10A52000384614BF1C462024FFF77CFB10B102B054
:10A53000BDE8F081ADB231462846FFF7F5FC034691
:10A540000028F4D1A5F24C46C72E5AD904F0F002E7
:10A55000102A00F08680202A00F08980302A00F03E
:10A56000888040F223301E4604F00AFE2846FFF79A
:10A570003FFB804624200FF042FF04F00F0401232C
:10A580004146CDE90046BAB2054608F04FF83D4BCA
:10A590002B603433EB60AC880F2CC8D03A4E2820A7
:10A5A00037680FF02CFF1023214600930122374B10
:10A5B000804607F007FA3B6838465B684146984793
:10A5C000002858D1AD8834680F2DB0D028200FF066
:10A5D00016FF10232946009302222D4B064607F052
:10A5E000F1F9236831465B682046984700289ED0E1
:10A5F000304607F0FFF9304602B0BDE8F0410FF0F9
:10A60000F5BE4FF49671D520FCF754FD632EC8BFFC
:10A61000A5F596668046C8BFC0F100083046FFF732
:10A62000E7FA1C4B1C6814B91DE02468DCB16368B0
:10A630009842FAD12C200FF0E2FE00266168BAB2EF
:10A640000123CDE90066054607F0F0FF124B6C626E
:10A6500003F13402A5F8288085F82A602B60EA60AF
:10A6600099E7012682E7FFF7BFFE0446E2E70226EC
:10A670007CE706467AE7404607F0BCF940460FF013
:10A68000B5FE9FE758B40100400B00204DA3000029
:10A6900029A30000F405002098B40100704700BF12
:10A6A000704700BF704700BF002070470020704710
:10A6B000704700BF704700BF002070470020704700
:10A6C00000207047002070470020704708B5FEF753
:10A6D00039FD002008BD00BF002070478160704731
:10A6E000064A136883EA433383EA534383EA4313F6
:10A6F00098B2A0F5FF4013607F387047200000201B
:10A70000B1F5007F0846A8BFA1F50070B0F5807FC5
:10A71000C8BFC0F5007000FB00F240F63B1303FB1E
:10A7200002F31B14A3F5A4433A3B02FB03F34CF6DC
:10A73000FE0202EB234300FB03F00012B1F5007FA1
:10A7400028BF4042704700BF8901A1F5FF407F3814
:10A75000704700BFB1F5007F07D3C1F57F710331AA
:10A76000C901A1F5FF407F387047C801A0F5FF403F
:10A770007F38704710B4036A064A1C78064866237F
:10A7800013FB042347F6FF728B42D8BF10465DF8D7
:10A79000044B704704FCFFFF0180FFFF836930B466
:10A7A00003F03F0494421BD00F4D2C6884EA4434DC
:10A7B00084EA544484EA441402F03F0204F400435F
:10A7C0001A432C60826143B1084B47F6FF70B1F524
:10A7D000007F38BF184630BC7047184630BC704701
:10A7E00003F40043EFE700BF1C0000200180FFFFDF
:10A7F00010B4036A0D481B780D4C1844012310F85F
:10A80000100C0240501102F01F0254F8200003FA0D
:10A8100002F2104006D0074847F6FF72B1F5007FFC
:10A8200028BF10465DF8044B704700BF0CB501000F
:10A8300004B501000180FFFF00207047F8B5124BFE
:10A84000124C046003F12C0103F138020546C0F8F4
:10A850005C31C0F86411C0F8682100F5AE7700F5EE
:10A86000C47600F5C874043C204609F0E9FAA64213
:10A87000F9D1074BC5F85C3100233846A5F86231A1
:10A8800006F00EF92846F8BDF8BB0100D8B4010067
:10A89000A8B70100F8B5144B144C046003F12C0167
:10A8A00003F138020546C0F85C31C0F86411C0F805
:10A8B000682100F5AE7700F5C47600F5C874043C55
:10A8C000204609F0BDFAA642F9D1094BC5F85C3122
:10A8D00000233846A5F8623106F0E2F828460FF06A
:10A8E00085FD2846F8BD00BFF8BB0100D8B40100C3
:10A8F000A8B701002DE9F04FD0F85451DFF8BCC0E3
:10A900004FF0FF374FF0020E4FF0010B002D4AD0F1
:10A910002B466FF07F481A793AB9C4681968091B49
:10A92000002908DD8845A8BF88469B68002BF2D126
:10A930004046BDE8F08F81464FF0FF3808EB8801B4
:10A9400000EBC10AD9F8301091B3B8F1FF3F05D040
:10A95000DAF81410D9F81460B14200D290460132EE
:10A96000082A09F12809E9D108EB880200EBC202A4
:10A970001432D16909B181F804E0D3F80C80D361B5
:10A9800008F1080183F804B014601162D8F80430AB
:10A99000D760ACFB0343DB0803EB430301EB83030A
:10A9A0005362002DB4D16FF07F484046BDE8F08F70
:10A9B00002EB820200EBC2021432DAE7ABAAAAAAC7
:10A9C000002A01DD00F002B8012070472DE9F04FA8
:10A9D0002DED028B04468BB0174609900E4605926A
:10A9E000FFF788FFD4F85441003418BF0124B8425F
:10A9F000C0F23581059B5D0000212A46304603F0F8
:10AA00004DFE099FA74A3869030282FB0312DB1738
:10AA1000C3EBA21307930EF0F7FE02460B4600208D
:10AA2000A1490FF085F8B31E1E4608930FF04EFAA9
:10AA300033462B44049308EE100A07F5AA7307F176
:10AA4000140B0693DBF81C20002A41D0DBF82030E1
:10AA50000599DBF808500C3B0029CBF8203040F377
:10AA6000F3800027CDE90277089E0197B8463C465F
:10AA7000BA46002C53D0DDF80C90019BAA0EC5F30A
:10AA8000094158469847029B36F8022F39141F4453
:10AA9000049B00FB01F002EB20429E42454404F17E
:10AAA000FF340AF1010AC8443280E2D1DBE908230D
:10AAB0009A4280F0AA80002C08BF0124CBF80850ED
:10AAC000039BCBF80440CBE90483CBF80C70012442
:10AAD000069B0BF1280B9B45B4D1099A0599D368C5
:10AAE00000290B44D36014DD089B049D4FF60160E0
:10AAF00040F2FF1102E09D4219800AD033F9022F83
:10AB0000B2F5007FF7DA12F5007FD8BF18809D42BA
:10AB1000F4D120460BB0BDEC028BBDE8F08FDBE931
:10AB2000083103F10C028A42CBF820206DD2D9897A
:10AB3000DF8AB3F91220B3F914901C8A187B44F60B
:10AB40002063994228BF1946BB4228BF3B4640F2CA
:10AB5000FF37BA42A8BF3A46B945A8BFB94614293B
:10AB600038BF1421142B38BF142322EAE27229EAD9
:10AB7000E979002C47D04EF66027BC4228BF3C46FE
:10AB8000079F07FB04F4471E042F4CD8DFE807F0AB
:10AB90002F033532380045480190A9EB02094FEAEE
:10ABA0000949240A99FBF4F00290BAF1000F6BD026
:10ABB00007EE901AF8EEE77A8B4267EE887A4FEA52
:10ABC0000247FCEEE77A17EE908A27D007EE903A1C
:10ABD000F8EEE77A67EE887AFCEEE77A17EE903ABD
:10ABE000A3EB080393FBF4F30393994645E730483E
:10ABF0000190D2E72F480190CFE72F480190CCE792
:10AC00002E480190C9E7079CBDE7DBF81C20022312
:10AC1000137100230124CBF81C3059E74FF00009D1
:10AC2000CDF80C9029E7A0F10B07042F09D9DFF824
:10AC300098C0234F1038022898BFBC46CDF804C0F6
:10AC4000ABE720480190A8E7DBF824108B42DED266
:10AC50004FF00008CDF80C804746012430E7099CEE
:10AC60000546024631462046FFF7AAFE059B06EB45
:10AC700045015A1B2046FFF7A3FE012420460BB0D6
:10AC8000BDEC028BBDE8F08FDBF80C70781C8FD028
:10AC9000DBF814300393DBF80440DBF810809946AE
:10ACA000EBE600BFD34D62100000904149A70000C1
:10ACB00055A700009DA7000001A70000E1A6000025
:10ACC000F1A7000075A7000039A800002DE9F041A8
:10ACD0008B6882B00646002B3DD00D4601224FF412
:10ACE000007101A809F092F80BF062F9DDF8048018
:10ACF00008F104044FF4807221462846FFF766FEEF
:10AD0000074605F5AE7009F003FD08F50172B4F9C8
:10AD10000030C3F5007300FB03F39B1224F8023BE1
:10AD20009442F4D10BF036F97FB1A86810B10368F2
:10AD30001B68984701A9304609F07AF801A809F084
:10AD40007FF8304602B0BDE8F08185F85871304692
:10AD500009F056F8F2E709F053F8304602B0BDE8C2
:10AD6000F08100BF70B54FF0FF3105461A20FCF7A7
:10AD7000A1F9C0B2FEF73CFF60B104464FF0FF31CD
:10AD80001A20FCF797F92368294620461B68BDE87E
:10AD90007040184770BD00BF70B51C4B036082B097
:10ADA0000446002500F5AE7613232246A560304602
:10ADB00000931749174B09F0F3FC2946304609F078
:10ADC000D7FD4FF0FF314120FCF774F9C0B2FEF718
:10ADD0000FFF2A460146304609F0BEFE3046E560C8
:10ADE00084F8585109F092FC07EE900AFDEEE77ADC
:10ADF0002946C4ED047A04F114004FF4A07203F064
:10AE00004DFC2046C4F8545102B070BDD8B40100C6
:10AE100000C0014000442C4738B5074D2C680CB1E8
:10AE2000204638BD4FF4CA700FF0E9FA0446FFF728
:10AE3000B3FF2C60204638BDF8050020FFF7ECBFBB
:10AE40002DE9F0410C460746FFF7E6FF064620468F
:10AE5000FDF740FE10200FF0D2FA054630691D4A7A
:10AE6000F168EC6000FB07F082FB0032C317C3EB14
:10AE7000A2130B4400222A712B600BF099F8D6F82C
:10AE80005441AC60C6F8545154B910E0A368E0686E
:10AE9000AB60FDF72DFE20460FF0A8FAAC6834B188
:10AEA0002379022BF2D02546A468002CF8D10BF0B0
:10AEB00071F896F858310BB1BDE8F081B068012304
:10AEC00086F858310028F7D00368BDE8F0411B68C8
:10AED000184700BFD34D621038B5FFF79DFF0546F8
:10AEE0000BF066F8D5F854410023C5F854312B63B4
:10AEF000AB65C5F88030C5F8A830C5F8D030C5F8C6
:10AF0000F830C5F82031C5F848314CB1D4E90250C9
:10AF1000FDF7EEFD20460FF069FA2C46002DF5D125
:10AF2000BDE838400BF036B800207047002070476D
:10AF300000207047704700BF704700BF704700BFD8
:10AF4000704700BF704700BF704700BF704700BF29
:10AF500070B50C4615460646FFF75EFF00218C4291
:10AF60000561816005DD22463146BDE87040FFF78E
:10AF70002DBD012070BD00BF704700BF704700BFEE
:10AF8000024B1B6803EB4000704700BF78050020B0
:10AF9000704700BF704700BF704700BF704700BFD9
:10AFA0000B68984221D10B6998421EDC8B6998424C
:10AFB0001BDA002830B408DB4B681468A3425468DD
:10AFC000B8BF1360A342C8BF53600B6B002B05DDF5
:10AFD0004A688D6A0C6A2A444A601B1B4A6A01301F
:10AFE000134408600B6330BC704770470B6898428D
:10AFF0002DD1F0B44B684F69BB4226DB8C69A0426F
:10B0000023DA0C6BD1F820C00BE0CD6A4E6A054400
:10B010003444A8420D60644403F1FF3313D1BB42B2
:10B0200011DB002807DB15689D425568C8BF136017
:10B030009D42B8BF5360002CE7DC0D68A842644411
:10B0400003F1FF33EBD00C634B60F0BC70477047EB
:10B050000B6898422DD1F0B44B684F69BB4226DC97
:10B060008C69A04223DA0C6BD1F820C00BE0CD6ACA
:10B070004E6A0544A41BA8420D60644403F1010319
:10B0800013D1BB4211DC002807DB15689D425568CF
:10B09000C8BF13609D42B8BF5360002CE7DC0D6849
:10B0A000A842644403F10103EBD00C634B60F0BC95
:10B0B000704770474268014693890248528905F0FB
:10B0C00087BE00BF3CB5010043685889884207DD50
:10B0D000002A05DB98898242ACBF0020012070471E
:10B0E0000020704770B506464068457A012D82B051
:10B0F00000F110040ED0042D27D183899B001F334B
:10B100005B119B0001FB0344C2B9207800F00F00E3
:10B1100002B070BD83890733DB1001FB03440AB121
:10B1200004EBE2040123217802F0070203FA02F2A1
:10B130000A4214BF1846002002B070BD5310E05CF4
:10B14000D307E3D5001102B070BD40F23530CDE930
:10B15000001204F015F800997368019A5B7A641A7A
:10B1600032B1012BDCD0042BE8D0002002B070BD3E
:10B17000042BCAD0012BF8D1D4E700BF70B5044628
:10B18000FFF7A2FF00B970BD2046BDE87040FFF791
:10B19000A9BF00BF70B506464068447A012C84B050
:10B1A00000F1100513D0042C29D1808980001F30B4
:10B1B0004011800001FB00519ABB91F9000020F082
:10B1C0000F0003F00F0303430B7004B070BD8089C0
:10B1D0000730C01001FB00510AB101EBE201012070
:10B1E00002F0070200FA02F2087823B920EA02000E
:10B1F000087004B070BD1043087004B070BD40F218
:10B200003530CDE90223019103F0BAFFDDE90223D5
:10B2100001997068691A407A82B10128DDD004284A
:10B22000D3D101EB6201D20791F90000C7D500F03C
:10B230000F0040EA03130B7004B070BD0428BCD0AB
:10B240000128CCD004B070BD2DE9F84F0A9FBF1A79
:10B2500048BF7F42A3EB01094CBF4FF0FF3B4FF0CB
:10B26000010B7F008B42A7EB09050C46984616465A
:10B2700082464FEA49090EDB324621460B9B504677
:10B280000134FFF787FF002DC4BFA5EB09055E441D
:10B29000A0453D44F0DABDE8F88F00BF2DE9F84F36
:10B2A000DDF828805B1A48BF5B42A8EB02094CBF5F
:10B2B0004FF0FF3B4FF0010B5F009045A7EB0905F6
:10B2C00014460E4682464FEA49090EDB22463146B5
:10B2D0000B9B50460134FFF75DFF002DC4BFA5EB6B
:10B2E00009055E44A0453D44F0DABDE8F88F00BF93
:10B2F000D0E90132013282609A0701D11A0F08D1D8
:10B3000010B50446596803F10800FBF75DFB606067
:10B3100010BD704730B445680B68688923EAE37450
:10B32000431EA342A8BF23460B60AB891168013BB3
:10B3300021EAE1718B42A8BF0B46136030BC704715
:10B3400038B5FBF741FB0546FDF7C4FB0C20FDF7C4
:10B3500037FA044628B10A4A456000230260836038
:10B3600025B12846FDF7C4FB204638BD40F23530F4
:10B3700003F006FF2846FDF7BBFB204638BD00BFA3
:10B3800058B50100B0F5FA6F24D8B1F5FA6F21D89D
:10B39000012A70B518D0042A1ED18B001F335C110E
:10B3A000830003FB04F308330D46044619460020CE
:10B3B0001646FFF7C5FF4368872100225E725C8155
:10B3C0009D811972DA8170BDCB1DDB1000FB03F388
:10B3D0000833E9E700207047002070BD38B14368AA
:10B3E000082B02DD027A872A02D0002070477047BE
:10B3F000427A012A0FD0042AF7D18289408992002B
:10B400001F325211800000FB02F00830181AB0FA07
:10B4100080F040097047828940890732D21000FBD2
:10B4200002F00830F2E700BF48B14268042A04DDA8
:10B43000037AE12B14D0E42B02D000207047704730
:10B44000817A437A1F2000EB81009B00401103FBAF
:10B4500000F30833181F801AB0FA80F040097047D3
:10B46000817A437AC81DC01003FB00F30833F1E76B
:10B4700043685889704700BF43689889704700BF88
:10B480004368587AA0F10100B0FA80F04009704793
:10B4900043689A0704D11B0F0CBF0120002070479E
:10B4A000012070478068003018BF0120704700BF3E
:10B4B0002DE9F0410D1E04DB04461F46FFF704FE94
:10B4C00008B9BDE8F08116462046FFF711FF3B465C
:10B4D000324629462046BDE8F041FFF75BBE00BF7B
:10B4E000002901DBFFF74ABE002070474068437A1D
:10B4F000042B00D0704743898B42FBD970B48489F8
:10B5000055685E1AA30004FB06F4AC4203F11F0366
:10B510004FEA6313A8BF2C469B001030641001FB58
:10B52000030112D0013C08190A32013911F8013F18
:10B5300003F00F0302F8023C0B7881424FEA231319
:10B5400002F8013C02F10202F0D170BC704700BF6A
:10B550002DE9F04143685D7A042D01D0BDE8F0810A
:10B56000B3F80A808845F9D9044617469D890E46E6
:10B57000FFF7BEFE63685A7A012A03F1100424D053
:10B58000042A26D1998989001F31491189007B68D5
:10B59000A8EB060805FB08F09842A8BF1846401023
:10B5A00001FB0641DAD007F10A02084412F8023C16
:10B5B00012F8014C03F00F0343EA041301F8013BB6
:10B5C000814202F10202F1D1C8E799890731C9101D
:10B5D000DDE740F2353003F0D3FD4FF0FF31D6E721
:10B5E0002DE9F04786B0CDE902210BB10E9D15B9CA
:10B5F00006B0BDE8F08745686E89B1420446F7DAC7
:10B60000AD89AA42F4DA01390B440E99013A0A4491
:10B61000002BCDE90432EBDB002AE9DB05AA04A903
:10B62000FFF778FE02AA03A92046FFF773FE6168C0
:10B63000DDE90475DDE90223888901370135460714
:10B64000A7EB0307A5EB020505D123B91AB94B896E
:10B650009F4200F0CA802046FFF74AFE61684B7A9D
:10B66000012B00F09380042B40F0C780B1F80CE070
:10B670000F984FEA8E0E0EF11F0E00F00F06DDE957
:10B6800002324FEA6E1E06EB06164FEA8E0E5FFA86
:10B6900086FA01F11008B1F80CC04FEA8C0C0CF1DD
:10B6A0001F0C4FEA6C1C4FEA8C0C02FB0C8C002B1D
:10B6B00040F09880002F07F1FF3106DC98E7042B5B
:10B6C0002FD001394B1CF44492D063685B7A012B74
:10B6D000F5D1029A002D02F0070203FA02F3F0DD21
:10B6E000E046002205E0384388F800000132954228
:10B6F000E7DDB3F5807F0BD0DFB25B000F9E98F8DB
:10B700000000002EEFD120EA070088F80000EDE7E6
:10B7100008F10100AB1A072B80462FDC022301271A
:10B72000ECE7029B13F0010F14BFF0270F27002D49
:10B73000C7DDE04600200DE0FAB23F0198F8003086
:10B7400083EA0A0902EA090201305340854288F877
:10B750000030B6DDB7F5706FEED108F101022B1A9B
:10B76000012B9046A3F1020302DCF0270F22E5E74C
:10B770000230854202F801ABF2DCA2E708329542C2
:10B7800000F801ABA3F10803C5DC9AE7B1F80CE0BF
:10B790000EF1070E4FEAEE0EF446DDE9023201F13A
:10B7A00010080CFB028C0F9A42F300065FFA86FA2F
:10B7B000002B3FF47FAF0CEBE30C7BE740F235301E
:10B7C000CDE9003203F0DCFC019A009BA8EB020CEF
:10B7D000A3B36268527A012A4FF0FF3EEBD0042AED
:10B7E0007FF468AF0CEB630C64E785427FF433AF02
:10B7F00020460F9900F026F8FAE640F2353003F0C3
:10B80000BFFC6168487A012808D1B1F80CC00CF17E
:10B81000070C4FEAEC0C4FF0FF3EBEE70F9B03F026
:10B820000F0606EB061604285FFA86FADDE90232F7
:10B8300001F11008C2D14FF0FF3E2CE74FF0FF3E60
:10B8400038E700BF30B5054683B00C4619B14368F0
:10B8500099894A072DD12846FFF74AFD69684A7A37
:10B8600001F110034968012AE4B218BF04F00F0483
:10B87000A1F108010CBF44F3000404EB04140329F4
:10B88000E2B20ED998070DD102EB022021F0030499
:10B8900000EB00401C4443F8040BA342FBD101F031
:10B8A000030121B119441A7001339942FBD103B04D
:10B8B00030BD00225B89009101941146FFF790FE94
:10B8C00003B030BD10B5141482B0CDE9004313B2FB
:10B8D0000A1409B2FFF784FE02B010BD2DE9F0474B
:10B8E00084B0CDE900210BB10C9C14B904B0BDE8C3
:10B8F000F08745686E89B1428246F7DAAE89B24276
:10B90000F4DA6D7A042DF1D10D9C65680F2DEDDD13
:10B9100001390B440C99013A0A44002BCDE902325B
:10B92000E4DB002AE2DB03AA02A9FFF7F3FC6A4684
:10B9300001A95046FFF7EEFCDDE90223DDE90061D5
:10B94000013201335046A2EB01089E1BFFF7D0FCE9
:10B95000DAF804700D9A7B7A012B02F1080544D0C5
:10B96000042B53D1B7F80CC04FEA8C0C0CF11F0C10
:10B970004FEA6C1CDDE900494FEA8C0C1037634636
:10B9800003FB0977002C61D1B8F1000F08F1FF34F7
:10B99000ACDD009B002E03F001021FDD3B78384632
:10B9A0000AB301220EE043780132084603F00F018A
:10B9B00003F0F003695C01F00F010B439642037042
:10B9C0000CDD0132191103F00F0315F801E00146F7
:10B9D00043EA0E13964201F8013BE4DC013C631C90
:10B9E0006744D6D182E70122E0E7B7F80CC0DDE971
:10B9F00000490CF1070C4FEAEC0C1037634603FBCF
:10BA00000977002CC0D007EBE407BDE740F23530E2
:10BA100003F0B6FBDAF80430DDF804905A7A009CA3
:10BA2000012A03F1100714D0042A1BD040F235304C
:10BA300003F0A6FBA7EB09078CB1DAF804305B7AB8
:10BA4000012B4FF0FF3CDED0042B9DD107EB6407A8
:10BA50009AE79B890733DB104FF0FF3CCFE74FF0AD
:10BA6000FF3C91E79B899B001F335B119B004FF0CC
:10BA7000FF3C85E710B5141482B0CDE9004313B242
:10BA80000A1409B2FFF72AFF02B010BD81B108B550
:10BA90004068496842684B689A4201D0002008BD5E
:10BAA000083108300EF0CFFCB0FA80F0400908BD34
:10BAB00008467047406841680830FFF741BC00BF46
:10BAC0002DE9F0410746FFF713FC7B685A892AB33A
:10BAD00000269C89013C002C1CDD00252A463146AD
:10BAE0003846FFF7FFFA2246804631463846FFF7D0
:10BAF000F9FA2A46034631463846FFF74BFB013533
:10BB00002246434631463846013CFFF743FBA542F7
:10BB1000E4DB7B685A8901369642DADBBDE8F081C6
:10BB2000F8B5436806465A7A59899889FFF72AFC7E
:10BB300073685A890746BAB100259A8982B10024F0
:10BB4000224629463046FFF7CDFA2A4603462146CB
:10BB50003846FFF71FFB73689A8901349442EFDB84
:10BB60005A8901359542E8DB3846F8BD2DE9F043A6
:10BB7000436899897E2983B05ADC81465A7A58896C
:10BB80004900FFF7FFFBD9F804304268597A5F8912
:10BB90000129804602F110043FD0042957D19E8923
:10BBA000B6001F367611B600517A01293CD004291F
:10BBB00044D19589AD001F356D11AD00D9F8042031
:10BBC0002848517A284A012908BF10460FB303F1CB
:10BBD0000F0E4FF0000905F1FF3C002D14DD7146FA
:10BBE000002311F8012F02F00F026345825C2270DE
:10BBF00008BF013405D00A7812110234825C04F8BF
:10BC0000012C0233AB42ECDB09F10109B945B64422
:10BC1000E3D1404603B0BDE8F0839E89517A0736F0
:10BC200001294FEAE606C2D195890735ED10C5E72F
:10BC30004FF00008404603B0BDE8F08340F23530D5
:10BC400001934FF0FF3503F09BFA019BB6E740F2FA
:10BC5000353001934FF0FF3603F092FAD8F8042004
:10BC6000019BA1E72CB501001CB50100F8B54368A4
:10BC70005B7A042B00D0F8BD02F00F068E42FAD09A
:10BC800005460F46FFF734FB6B6817B99A895207D0
:10BC900021D15A68082A03F11001ECD01144340173
:10BCA00009390F3364B213F8010F00F00F02BA42E2
:10BCB00004BF20F00F003043B7EB101F03D100F09A
:10BCC0000F002043C0B299421870ECD1F8BD9A8998
:10BCD00001379742CFDA5A89002AF8D0002404E0CD
:10BCE0006B685A8901349442F1DA3A462146284673
:10BCF000FFF7F8F90028F3D133463A4621462846A3
:10BD0000FFF748FAECE700BF2DE9F0411C4684B08C
:10BD10008C420746DDE90A5306DB8BE02E462046BF
:10BD200015460C4632460146A142F7DBB2EB050848
:10BD3000A1EB040610D1002E6CD04FF0010C0B9338
:10BD40002A4606EB0C0321463846CDF828C004B03D
:10BD5000BDE8F041FFF744BC7EB9B8F1000F64DDE7
:10BD600008F10102CDE90A232A462146384601237B
:10BD700004B0BDE8F041FFF733BC002952DBD7F82F
:10BD800004C0BCF80A00A0424CDD002C05DA04FB1C
:10BD900008F494FBF6F42D1B0024884207DC0138DC
:10BDA000411A08FB01FE01469EFBF6F00244954253
:10BDB000BCF80C0045DB824234DA002D32DB002A6D
:10BDC00005DA06FB02F292FBF8F2891A002285429C
:10BDD00007DB0138451B06FB05FC05469CFBF8F01C
:10BDE00004443846CDE902230191FFF781FAB8F106
:10BDF000000FDDE90112039B3ADB4645CDE90A233A
:10BE000038460B462A4621463CDC04B0BDE8F041EA
:10BE1000FFF744BA2A462146384604B0BDE8F0414F
:10BE2000FFF746BB04B0BDE8F081C8F10101CDE9E0
:10BE30000A139AE7164608462A462146354604461E
:10BE400074E78542EEDA002AECDB002D05DA06FB0A
:10BE500005F595FBF8F5641B00258242C1DB01382E
:10BE6000821A06FB02FC02469CFBF8F00144B8E78C
:10BE7000C8F1000846450B9309DD0A920B462A4695
:10BE80002146384604B0BDE8F041FFF7DDB90A9518
:10BE900023463846B9E700BF10B5141482B0CDE987
:10BEA000004313B20A1409B2FFF72EFF02B010BD0F
:10BEB000F8B50F1E16DB144600221E460546FFF796
:10BEC00003F978B1069B002B0CDB002219462846AB
:10BED000FFF7FAF830B1079B002B03DD6B685A7A45
:10BEE000042A00D0F8BD7268517A0429FAD19889E1
:10BEF000558981001F3149111033890007FB013733
:10BF0000079B1E198642A8BF0646002C4FEA05452E
:10BF100095FBF3F52FDB01D007EB64070021938934
:10BF200006989B001F335B119B00A64200FB03F3A6
:10BF300002F11002D6DD02EB030C4B14CA031CF80D
:10BF400003304CBF1A1103F00F0297F9003014F0C0
:10BF5000010F03F00F0004BF23F00F03134340EA67
:10BF6000021004F1010414BF07F8010B3B70B44246
:10BF70002944E2D1F8BD05FB04F149420024CEE793
:10BF800030B51D1483B01CB2CDE9004513460A1428
:10BF900009B2FFF78DFF03B030BD00BF2DE9F04FB0
:10BFA0008BB0914601901089059108B153681868CB
:10BFB000FBF744FAB9F80830012B88BFD9F80430F0
:10BFC00004468CBF58680020FBF738FAB9F80830EF
:10BFD000022B88BFD9F8043080468CBF98680020B7
:10BFE000FBF72CFAB9F80830032B88BFD9F80430D6
:10BFF00007468CBFD8680020FBF720FAB9F8083054
:10C00000042B88BFD9F8043082468CBF1869002001
:10C01000FBF714FAB9F80830052B88BFD9F80430BB
:10C0200005468CBF58690020FBF708FAB9F80830BC
:10C03000062B88BFD9F8043083468CBF986900204E
:10C04000FBF7FCF9B9F80830072B064640F2B98037
:10C05000D9F80430D869FBF7F1F9B9F80820D9F814
:10C060000410082A034640F2BE80086A422800F005
:10C07000BE800A2840F0CB8000200290092A09D90E
:10C08000486A422800F0C0800A2803D010B1062870
:10C0900040F0B0804FF00009059A01995268486855
:10C0A0005189B0F80AC0B0F80CE0928930042E44EF
:10C0B0008E42A8BF0E4603EB0B019142A8BF11466A
:10C0C0001B0493FBFAF306930B4690FBF7F004EA8C
:10C0D000E47127441B04C2446745089301FB00F345
:10C0E0000090A8BF6746C3EB0540F245069B08EAEF
:10C0F000E872A8BFF246CDF81CA002FB03FA631A4F
:10C10000CAEB0B4A049320EAE07336040993A8EBC8
:10C1100002082AEAEA7AB9F1000F60D0079B984535
:10C1200049DA089B534546DDDDF814B0CDF80CA084
:10C13000039B4FEA234A049BBB422FDA099CA64289
:10C140002CDD52464B46C246B146049D1E469046E3
:10C150000AE0002837D1029B8BB10135009BBD421C
:10C160001C4417D0A14515DD424621145846FEF760
:10C17000B9FF002EEDD1029B0BB10028EDD0034694
:10C18000294652460198FFF705F80135009BBD424C
:10C190001C44E7D13346D0464E469946039B069A47
:10C1A00013440393079B08F10108984503D0089BAB
:10C1B000039A9342BCDC4FF0000948460BB0BDE83F
:10C1C000F08F002047E7524629460198FEF78AFF84
:10C1D0000028C2D0B14648460BB0BDE8F08F0198A8
:10C1E000FFF786F89AE700220292914654E7012071
:10C1F000029043E70093FBF749FC10F1000918BFD8
:10C200004FF00109009B47E74FF0010944E7002880
:10C210003FF433AF06283FF42FAF0093FBF736FC13
:10C22000031C18BF01230293D9F80410B9F80820A1
:10C23000009B23E72DE9F04F054610899DB0164677
:10C24000894608B153681868FBF7F8F83389012B61
:10C2500088BF736804468CBF58680020FBF7EEF86F
:10C260006B685A899442074602DA9B89984202DB3E
:10C270001DB0BDE8F08F02233246494611A8F4F7FD
:10C28000A7F9119B0793002BF2DDDDF84880B8F188
:10C29000000FEDDD159B00931A46179B9B1A14EBBC
:10C2A0002343E5D4169E189B9B1B17EB2343DFD437
:10C2B000139B0693149B0193199B029328461A9B88
:10C2C0000B93FFF715F89DF86C30002B73D00B9B88
:10C2D000002BCDDD4246D317CDE90E23CDE908472B
:10C2E0000C95DFF8ACA1029D0A964FF0000B002DD3
:10C2F0005BDD0B9BA3F58030A0EB0B00C31719048B
:10C3000041EA1041DDE90E2300040DF02FFE069BEB
:10C310008BFB03234FEA124848EA0348079B194660
:10C32000DA17CDE9041207140024A5F58036301B76
:10C33000C317190441EA1041DDE9042300040DF09C
:10C3400015FE01143A4648462BD4FEF717FF04EBBE
:10C350000801019B01EA0A0181FB03234FEA124C09
:10C360004CEA034CDC44069B0CEA0A0C8CFB0323CE
:10C37000CDE90223039B120C42EA03420A9B1144BB
:10C38000ACEB0302009B01EA0A01C91A03460998B3
:10C3900000EB2242089800EB214113B10C98FFF703
:10C3A00087F804F58034A542C1DC0B9B0BF5803B7C
:10C3B0005B459CDC5CE70B9A002A7FF759AF42464D
:10C3C0009A46D317CDE90C23CDE908760A95DFF814
:10C3D000C0B0029DDDF818800694002D51DD524654
:10C3E000D317190441EA1A41DDE90C234FEA0A4048
:10C3F0000DF0BCFD8AFB0823170C47EA0347079B97
:10C400001946DA17CDE9041206140024E3171904BB
:10C4100041EA1441DDE9042320040DF0A7FD0114D5
:10C420003246484629D4FEF7A9FEE119019B01EAEC
:10C430000B0181FB03234FEA124C4CEA034CD4441A
:10C440000CEA0B0C8CFB0823CDE90223039B120C96
:10C4500042EA0342099B1144ACEB0302009B01EA50
:10C460000B01C91A0346089800EB2242069800EB1C
:10C47000214113B10A98FFF71BF804F58034A54257
:10C48000C4DC0B9B0AF5803A5345A6DCF0E600BFFE
:10C490000000FFFF2DE9F04F064610899DB01446BD
:10C4A0000D4608B153681868FAF7C8FF2389012BB5
:10C4B00088BF636882468CBF58680020FAF7BEFFC9
:10C4C00073685A899245834602DA9B89984203DB56
:10C4D00000201DB0BDE8F08F02232246294611A896
:10C4E000F4F776F8119B0C93002BF1DD129B002BD7
:10C4F000EEDD159A00921146179A521A1AEB224253
:10C50000E6D4169A06921146189A521A1BEB22424A
:10C51000DED41399079114990191DDE919919DF8E1
:10C520006C200D91002A77D00029D1DD1846D9174B
:10C53000CDE90E010022DFF8C4810A96CDE908ABEF
:10C540009246B9F1000F61DD0D9BA3F58030A0EBA1
:10C550000A00C317190441EA1041DDE90E23000463
:10C560000DF004FD079B8AFB03234FEA124B4BEAB5
:10C57000034B0C9B1946DA170714CDE9041200246B
:10C58000A9F5803603E004F58034A1453EDD301B7B
:10C59000C317190441EA1041DDE9042300040DF03A
:10C5A000E5FC01143A462846EDD4FEF7E7FD04EB1E
:10C5B0000B03019A03EA080383FB02124FEA114CB2
:10C5C0004CEA024CD444079A0CEA080C8CFB021289
:10C5D000CDE90212039A090C41EA02411944009B79
:10C5E00001EA0801C91A0028CDD0069B0A98ACEBD5
:10C5F0000302099B03EB2242089B13EB2141C2D4A7
:10C60000FEF7BCFD0028BED0012062E70D9B0AF5B5
:10C61000803A534595DC5BE70D9900297FF758AFC9
:10C6200010461946DA17CDE90A12DFF8D080CDE9B5
:10C6300008ABDDF81CB007960646B9F1000F56DDD1
:10C64000F317190441EA1641DDE90A2330040DF01D
:10C650008DFC86FB0B234FEA124A4AEA034A0C9BE5
:10C660001946DA170714CDE90412002403E004F593
:10C670008034A1453BDDE317190441EA1441DDE9AB
:10C68000042320040DF072FC01143A462846EED42F
:10C69000FEF774FD04EB0A03019A03EA080383FB27
:10C6A00002124FEA114C4CEA024CB4440CEA080C5A
:10C6B0008CFB0B12CDE90212039A090C41EA0241EC
:10C6C0001944009B01EA0801C91A0028CFD0069B33
:10C6D000ACEB0302099B03EB2242DDE9070313EBFA
:10C6E0002141C4D4FEF74AFD0028C0D08CE70D9B41
:10C6F00006F58036B342A0DCEAE600BF0000FFFF8B
:10C700002DE9F04FB7B01646009010898A4608B15F
:10C7100053681868FAF792FE3389012B88BF736853
:10C7200080468CBF58680020FAF788FE022307462F
:10C730003246009920A8F3F74BFF209C002C15DD12
:10C74000219D002D12DD249A269B0F924FEA08416D
:10C750009B1A8B4201910B9308DD259A279B11921E
:10C7600039049B1A8B420491109303DC002037B0EC
:10C77000BDE8F08F3246229E0E96239E1296289E8A
:10C780001596299E1E9605239DF8A860139651467E
:10C790002BA8F3F71DFF2B9B002BE7DD2C9900291D
:10C7A000E4DD2F9A06921046319A121A0198C2427D
:10C7B000DCD4309A07921046329A121A0498C24278
:10C7C000D4D42D9805902E980A90DDE933B09DF8C9
:10C7D000D4201490002A00F0E8800028C6DD002252
:10C7E0000E46CF170C921946DA17CDE90212EB1755
:10C7F0002A46CDE91A232246E317CDE91C67CDE985
:10C800001623CDF87CA0BBF1000F40F3AF80149B42
:10C810000C9C7F4EA3F58030001BC317190441EA1E
:10C820001041DDE91C2300040DF0A0FB059BDDF8A1
:10C830007C8083FB0423110C41EA03434FEA204A26
:10C8400000250BEB0607994614E0159BA3F58030F5
:10C85000401AC317190441EA1041DDE91623000408
:10C860000DF084FB0314089340F1898005F58035B1
:10C87000AB457BDD781BC317190441EA1041DDE9A4
:10C88000022300040DF072FB0114EFD4524640461F
:10C89000FEF774FC0028E9D00A9A05EB090333403F
:10C8A00082FB0301040C0C9A44EA014414440599E8
:10C8B00004EA060281FB0201CDE908010999000C96
:10C8C00040EA01400344049907980C1A019906981C
:10C8D0003340091A5B181444C8D4002CC6DB0B9AE9
:10C8E0009A42C3DD109AA242C0DD119A14440E9AF6
:10C8F00084FB0201020C42EA01420F999B1A59186B
:10C90000129B314081FB0323100C40EA0340241AA0
:10C910000E9A344084FB0223100C40EA0340224666
:10C92000E317CDE90823139B091A3140002B8CD162
:10C93000CB171B0443EA11410020DDE916230DF05B
:10C9400015FB0314189391D4099A110441EA144178
:10C95000DDE91A2300200DF009FB18990214009854
:10C96000FEF70CFC002881D0012000E70C9B149AF4
:10C9700003F5803393420C93FFF645AFF6E61E9A1B
:10C98000A2F58030001BC317190441EA1041DDE90C
:10C990001A2300040DF0EAFA089902140098FEF731
:10C9A000EDFB00283FF462AFDEE7149A002A7FF720
:10C9B000DDAEDA1788464FEAE1791946CDE9021271
:10C9C000EB172A46CDE918232246E317CDE91A8949
:10C9D000CDE90C230027CDF870A0BBF1000F40F388
:10C9E000A780FB17190441EA1741DDE91A2338042F
:10C9F0000DF0BCFA059B064EDDF8708087FB032323
:10CA0000110C41EA03434FEA204A0025994616E0FB
:10CA10000000FFFF159BA3F58030401AC3171904CF
:10CA200041EA1041DDE90C2300040DF09FFA0314E4
:10CA3000089340F1848005F58035AB4578DDEB1730
:10CA4000190441EA1541DDE9022328040DF08EFAAC
:10CA50000114F0D452464046FEF790FB0028EAD07D
:10CA60000A9A05EB0903334083FB0201040C44EAF4
:10CA700001443C44059904EA060282FB0101CDE928
:10CA800008010999000C40EA014003440499079801
:10CA90000C1A019906983340091A5B181444CAD439
:10CAA000002CC8DB0B9A9A42C5DD109AA242C2DD67
:10CAB000119A14440E9A84FB0201020C42EA0142CC
:10CAC0000F999B1A5918129B314081FB0323100CBC
:10CAD00040EA0340241A0E9A344084FB0223100CCF
:10CAE00040EA03402246E317CDE90823139B091AC5
:10CAF0003140002B8ED1CB171B0443EA114100209B
:10CB0000DDE90C230DF032FA0314169393D4099A3D
:10CB1000110441EA1441DDE9182300200DF026FA42
:10CB2000169902140098FEF729FB002883D01BE712
:10CB3000149B07F580379F42FFF64FAF16E61E9A0B
:10CB4000A2F58030001BC317190441EA1041DDE94A
:10CB5000182300040DF00AFA089902140098FEF751
:10CB60000DFB00283FF467AFFEE600BFFFF716BAE3
:10CB70002DE9F04F89B05C000594C4F101040394E1
:10CB80005C1E53D4012306928B468246079304937E
:10CB9000002507E0049A013C02321344A5420492A6
:10CBA000039343DC069E129B4FEA4509A6EB05085A
:10CBB00009F10109CDE90093424601230BEB040181
:10CBC0005046FEF70DFD6700129B0137361BCDE97D
:10CBD0000073324601230BEB05015046FEF700FDC2
:10CBE000129B019342460123ABEB04015046CDF862
:10CBF0000090FEF7F5FC129B01933246012300974B
:10CC0000ABEB05015046FEF7EBFC039B059A002BAE
:10CC1000A3EB0203BEDC039A079B114601351944BE
:10CC2000A54203F1020303910793BBDD09B0BDE800
:10CC3000F08F00BF10B582B00C46009309B21346C6
:10CC40002214FFF795FF02B010BD00BF70B4BDF90C
:10CC50000C500361AC1A84EAE4765B1AA6EBE47626
:10CC6000B342C0E902124260036201604FEA43022C
:10CC70004462456111DD002CB8BF64424FEA4404B0
:10CC8000ACBF01214FF0FF31E31A81620021C0E9FE
:10CC900008240363416370BC70470123002C04FA2D
:10CCA00003F1C362B2BFA418141B02230463C0E9DA
:10CCB0000821436370BC7047F0B505464068467A6A
:10CCC00085B0012E9DF8287000F110042ED0042E9E
:10CCD0003BD1808980001F304011800001FB004162
:10CCE000002A45D10F25002B1EDD00240AE0E8B202
:10CCF0002D010A7882EA0706304001344240A342FF
:10CD00000A7011DDB5F5706FF1D1481C1A1B012AAC
:10CD10000146A2F1020202DCF0250F20E9E702340D
:10CD2000A34200F8017BF2DC05B0F0BD808907303A
:10CD3000C01001FB0041002AD4D001EBE20112F047
:10CD4000010F14BFF0250F25CDE740F23530CDE9B6
:10CD50000223019102F014FADDE902230199611A1C
:10CD6000002ABFD06868407A0128E6D00428E6D1BE
:10CD700001EB6201E3E700BF2DE9F04FB9B08B4250
:10CD8000049198460746439C80F2DE80A142084603
:10CD900040F3EB80444506DB2146449B4298449097
:10CDA000444642938846449BDDF808C1BDF910B063
:10CDB00015B21EB224B20FFA8CF90FFA88FA214686
:10CDC000324600955B460EA8FFF740FF32462146EB
:10CDD0005346CDF800901CA8FFF738FF4A4651464D
:10CDE00000955B462AA8FFF731FF634A379B7D68B1
:10CDF000299C07CA0BAE86E8070038A91B9A6E89E2
:10CE0000AD89319501EB830301EB820201EB8404D0
:10CE100053F8B43C059338464FF0FF3352F8B49CB6
:10CE200054F8B4AC309622961496CDE90953239564
:10CE30001595FEF75DFA7B681E9C5A7A459B012A80
:10CE4000DBB216BF03F00F0343F3000303EB03133E
:10CE5000DBB20393731E9845A8BF984644450793D9
:10CE600009AE2EDC4FF0FF3B05EB0B030693029758
:10CE7000204632460EA9CDE9095BC84720461CA9C9
:10CE80003246D047002C2146029804F1010415DBFC
:10CE9000099AAA4212DA0A9B002B0FDB002ABCBFB8
:10CEA00000220992AB42A8BF069B039FA8BF0A932A
:10CEB000C2F1010C00976344FFF7FEFE4445D7DD45
:10CEC000029F2C98059B32462AA99847049A0799F5
:10CED0002C9C8A42A8BF0A4601349442904630DC1A
:10CEE0004FF0FF3A05EB0A0BCDF810B0DDF814B0A7
:10CEF0000297204632460EA9CDE9095AC847204676
:10CF00002AA93246D847002C2146029804F1010490
:10CF100015DB099AAA4212DA0A9B002B0FDB002AC2
:10CF2000BCBF00220992AB42A8BF049B039FA8BFCD
:10CF30000A93C2F1010C00976344FFF7BDFE44451C
:10CF4000D7DD39B0BDE8F08FA34207DD049BCDF8F3
:10CF5000108011469846429A42911BE7449B4492A6
:10CF600021461A46049C04911DE7449B44922146A5
:10CF7000049104461A460DE710B501002DE9F04F63
:10CF8000C7B01D461EB20B46079112B209B2AB42A2
:10CF90000EAB8246519CDDF84C91BDF94081029266
:10CFA0000391049380F2E2801846CDF80080334666
:10CFB000FFF74CFE529BA5421FB20FFA84FB1CAB3D
:10CFC00080F2CA80069318460097424631465B4677
:10CFD000FFF73CFE549B4C451EB20FFA89F82AAB72
:10CFE00080F2B1800593184600963A46594643466A
:10CFF000FFF72CFE079B4B450DF1E00B80F29A806A
:10D0000000964346DDE902215846FFF71FFE5C4AC1
:10D01000DAF80430379F07CA0BAE86E807001B9882
:10D0200045995A899E893F960DF58C7C0CEB800EB4
:10D0300029983E924C4523460CEB800CB8BF4B46DA
:10D0400046A8AB4200EB870700EB810107983092BE
:10D05000B8BF2B464C45A8BF4C46834202F1FF386F
:10D06000B8BF0346A542A8BF25469845A8BF984625
:10D07000079B5EF8EC4C02949D42A8BF1D465CF8ED
:10D08000EC4C03944FF0FF33504657F8EC9C22923F
:10D0900014920A9351F8EC7C3196239615960996D2
:10D0A000FEF726F9DAF804305A7A559B012ADBB2EA
:10D0B00016BF03F00F0343F3000303EB0313DBB2CC
:10D0C00045451C4633DC731E07934FF0FF3328465B
:10D0D0000A9309AA0499029B099698472846039B3C
:10D0E000069909AA9847284609AA0599C8472846D3
:10D0F000594609AAB847002D2946504605F10105B1
:10D1000013DB099AB24210DA0A9B002B0DDB002ACE
:10D11000BCBF00220992B342A4BF079B0A93C2F18D
:10D12000010C00946344FFF7C7FD4545CDDD47B0D2
:10D13000BDE8F08F029B00933246039B4146584660
:10D14000FFF784FD63E71846059300975B46324678
:10D150004146FFF77BFD4DE718460693CDF800806A
:10D1600033463A465946FFF771FD33E7029A00927B
:10D1700018464246039B3146FFF768FD1AE700BF99
:10D1800010B501002DE9F04F0546088985B00C4621
:10D1900008B14B681868FAF751F92389012B88BF49
:10D1A000636806468CBF58680020FAF747F9238960
:10D1B000022B88BF636807468CBF98680020FAF787
:10D1C0003DF92389032B88BF636880468CBFD868EC
:10D1D0000020FAF733F92389042B88BF636881465E
:10D1E0008CBF18690020FAF729F92389052B88BF1D
:10D1F000636882468CBF58690020FAF71FF92389BB
:10D20000062B88BF636883468CBF98690020FAF7B5
:10D2100015F9CDE9009ACDE902B043463A463146C8
:10D220002846FFF7A9FD05B0BDE8F08F2DE9F04FC6
:10D230000446088989B0884608B14B681868FAF72F
:10D24000FDF8B8F80830012B88BFD8F8043005463F
:10D250008CBF58680020FAF7F1F8B8F80830022BB4
:10D2600088BFD8F8043006468CBF98680020FAF7CB
:10D27000E5F8B8F80830032B88BFD8F80430074623
:10D280008CBFD8680020FAF7D9F8B8F808300690B3
:10D29000042B8ABFD8F8043000201869FAF7CEF8BA
:10D2A000B8F80830052B88BFD8F8043081468CBF09
:10D2B00058690020FAF7C2F8B8F80830062B88BF82
:10D2C000D8F8043082468CBF98690020FAF7B6F887
:10D2D000B8F80830072B88BFD8F8043083468CBFD5
:10D2E000D8690020FAF7AAF8B8F80820082A88BFF9
:10D2F000D8F80420034688BF106A079398BF00201F
:10D30000FAF79CF8079BCDF80490CDE90430069B12
:10D310000093CDE902AB3B46324629462046FFF753
:10D320002DFE09B0BDE8F08F10B50422FEF72AF8F3
:10D330000446D8B143685A68083A032A03F1100337
:10D340000BD913F0030009D122F00301194443F86B
:10D35000040B8B42FBD102F003022AB11A440021D4
:10D36000197001339342FBD1204610BD40F2913039
:10D3700001F006FF204610BD032A70B40FD940EA21
:10D3800001039B0710D003461A440C78E4B21C70CA
:10D390000133934201F10101F7D170BC704703469C
:10D3A000002AF1D170BC704722F00303CE18041F8D
:10D3B00051F8045B44F8045FB142F9D102F0030272
:10D3C0000344002AE0D1EDE770B54A684368558907
:10D3D0005E89AE4200D070BD96899D89AE42FAD179
:10D3E000527A5B7A9A42F6D10D460446FDF780FFE9
:10D3F000696860684A681030083A1031BDE87040CA
:10D40000FFF7BABF2DE9F04FD1F804C0BCF80A50BD
:10D4100005EB0209B9F1000F8BB058DD4468B4F890
:10D420000AB05A45074652DABCF80C001E18002E06
:10D4300003964CDDB4F80C80434548DA002BC0F26B
:10D44000C880A8EB030E86457646A8BF064606961A
:10D45000667A0296149E9CF809A016F1020F02D17A
:10D46000002A00F09980BAF1010F00F03281BAF180
:10D47000040F40F01C8680001F3040118000049093
:10D480000298012800F01981042840F02186B4F8A0
:10D490000CC048684FEA8C0C0CF11F0C4FEA6C1C56
:10D4A0004FEA8C06103001961034059043B178682D
:10D4B000407A012800F08A80042801D104EB63043B
:10D4C0000298042800F08A800299012903D00020E4
:10D4D0000BB0BDE8F08FBAF1010FF8D17968487A46
:10D4E000B1F80CA001F11008A8EB040101280AF121
:10D4F000FF3A069100F0CC85042840F01786BAF177
:10D50000000F40F0268606990791002DDFD0039981
:10D510000198059ECDF8089003F0070A5144089140
:10D5200000FB0244A1F10808059307E0049B1E4498
:10D53000019B1C44029B01329A42C8D05A45F5D245
:10D54000069B059F03EB040E079B4745B446254603
:10D5500003EB040980F2A7850021039207E0014351
:10D560002970474505F10105194680F2C0801CF875
:10D57000013BAE4507F1080703FA0AF3F1D843EA85
:10D580002121A945C9B2ECD3149A28780132E6D1F9
:10D590000142E6D001209BE7002B7FF464AF029E9E
:10D5A000B2457FF460AF5D457FF45DAF40457FF4E9
:10D5B0005AAF38460193FFF707FF019B184687E7EC
:10D5C000002B00F0EC854FF0FF30019004EBE304FA
:10D5D00076E74645A8BF4646069639E7BAF1040FF6
:10D5E00000F0A880BAF1010F7FF471AF002B51DB7E
:10D5F000002D3FF46CAF059D594203F00100002B54
:10D6000001F007014FF0010305F1010A019D03FA42
:10D6100001F3149905FB0244069DB4BF00200123C9
:10D620000901054406934BB20390AE46029307E00E
:10D63000049B01329A44019B4A451C443FF447AF86
:10D640005A45F5D2039B1AF801CC73452546D046BE
:10D65000EEDA0699059210E095F90000029A00F0C2
:10D660000F071743149A20F00F001043002E3CD0F0
:10D670002F700135013373455AD0B1F5807F2DD01D
:10D68000084649001CEA000F03F00106E4D1002E11
:10D69000F0D0EEE74868467A1030012E0590C3F1CD
:10D6A000000400F05D85042E40F06085059901EBD3
:10D6B000640105917C6810349AE7B4F80CC048689E
:10D6C0000CF1070C4FEAEC0610300196103405906F
:10D6D000ECE60730C01004900298D2E698F800C03B
:10D6E000022108F101080120CCE72870C2E7039A63
:10D6F0000899CF1B002F7FF719AFAE453FF616AF45
:10D70000A945FFF413AF9CF80010287801FA0AF13C
:10D7100041EA2323C7F10807FF2141FA07F71499CB
:10D720003B400131DBB200F0FC8403432B70FDE68B
:10D73000059A7DE704998910002D3FF4C8AE03983F
:10D74000DDF814A0CDF80C904045A8BF4046064631
:10D750000198059300FB0244A6F10800069088009A
:10D76000029003F00100A8F1080704908C465A4586
:10D7700080F0EA801498002851462346C0F2FB80CE
:10D78000DDE90430251DE646002B40F0AE819046D1
:10D7900067E0B84203F00F0200F3E0803AB115F8F9
:10D7A000049C29F00F0949EA020205F8042C13F041
:10D7B000F00F09D015F8049C23F00F0209F00F09AF
:10D7C00049EA020205F8042CC3F30329B9F1000F5A
:10D7D00007D015F8032C22F00F0242EA090205F8DF
:10D7E000032C4FEA133919F00F0F07D015F8032C4B
:10D7F00002F00F0242EA091205F8032CC3F30349B1
:10D80000B9F1000F07D015F8022C22F00F0242EAFE
:10D81000090205F8022C4FEA135919F00F0F07D02F
:10D8200015F8022C02F00F0242EA091205F8022C48
:10D83000C3F30369B9F1000F07D015F8012C22F0EA
:10D840000F0242EA090205F8012C1B0F07D015F858
:10D85000012C02F00F0242EA031305F8013C0830E4
:10D8600004351EF1FF3EC0F02682002851F8043B2B
:10D870008FDA13F0F00F0DD0421C0BD4964209DD65
:10D8800015F8049C23F00F0209F00F0949EA02027F
:10D8900005F8042CC3F3032262B110F1020909D484
:10D8A0004E4507DD15F8039C29F00F0949EA0202ED
:10D8B00005F8032C1A0B12F00F0F0CD010F103090E
:10D8C00009D44E4507DD15F8039C09F00F0949EA14
:10D8D000021205F8032CC3F3034262B110F10409EC
:10D8E00009D44E4507DD15F8029C29F00F0949EAD5
:10D8F000020205F8022C1A0D12F00F0F0CD010F1D5
:10D90000050909D44E4507DD15F8029C09F00F09F9
:10D9100049EA021205F8022CC3F3036262B110F166
:10D92000060909D44E4507DD15F8019C29F00F09B9
:10D9300049EA020205F8012C1B0F90D0C21D8ED4BB
:10D9400096428CDD83E74A46029B9A44019B1C4425
:10D95000039B01329A427FF40AAFB8E5002A88D0CF
:10D96000B04286DA15F8049C29F00F0949EA020250
:10D9700005F8042C7DE714980230049800F09D818E
:10D98000059B251D002840F031828646914649E0DE
:10D990009F4200F00F02C0F29E8022B115F8042CC5
:10D9A00012077FF4F7AD10F0F00F05D015F8042C36
:10D9B00012F0F00F7FF4EEAD10F4706F04D015F894
:10D9C000032C12077FF4E6AD10F4704F05D015F864
:10D9D000032C12F0F00F7FF4DDAD10F4702F04D0A3
:10D9E00015F8022C12077FF4D5AD10F4700F05D096
:10D9F00015F8022C12F0F00F7FF4CCAD10F0706F20
:10DA000004D015F8012C12077FF4C4AD020F05D025
:10DA100015F8012C12F0F00F7FF4BCAD0EF1010EE1
:10DA200008330435E6458ED0002B51F8040BAFDAED
:10DA300010F0F00F09D05A1C07D4964205DD15F8F6
:10DA4000042C12F0F00F7FF4A5AD10F4706F08D025
:10DA50009A1C06D4964204DD15F8032C12077FF4B5
:10DA600099AD10F4704F09D0DA1C07D4964205DD49
:10DA700015F8032C12F0F00F7FF48CAD10F4702F1A
:10DA800009D013F1040806D4464504DD15F8022C2C
:10DA900012077FF47FAD10F4700F09D05A1D07D420
:10DAA000964205DD15F8022C12F0F00F7FF472ADEE
:10DAB00010F0706F08D09A1D06D4964204DD15F858
:10DAC000012C12077FF466AD020FA7D0DA1DA5D492
:10DAD0009642A3DD9CE7002AAAD09E42A8DD15F855
:10DAE000042C12077FF456ADA2E7914664E087420A
:10DAF00003F00F02C0F2D2803AB115F8042C02F004
:10DB00000F0242EA031205F8042CC3F30318B8F11C
:10DB1000000F07D015F8032C22F00F0242EA08028A
:10DB200005F8032C4FEA132818F00F0F07D015F84B
:10DB3000032C02F00F0242EA081205F8032CC3F38B
:10DB40000338B8F1000F07D015F8022C22F00F02AD
:10DB500042EA080205F8022C4FEA134818F00F0FAA
:10DB600007D015F8022C02F00F0242EA081205F85D
:10DB7000022CC3F30358B8F1000F07D015F8012C9D
:10DB800022F00F0242EA080205F8012C4FEA13685E
:10DB900018F00F0F07D015F8012C02F00F0242EA1F
:10DBA000081205F8012C1B0F04D02A7822F00F026E
:10DBB00013432B70083004351EF1FF3EFFF4C3AE53
:10DBC000002851F8043B92DAC3F3031262B110F15A
:10DBD000010809D4464507DD15F8038C28F00F0825
:10DBE00048EA020205F8032C1A0A12F00F0F0CD0B3
:10DBF00010F1020809D4B04507DA15F8038C08F0D3
:10DC00000F0848EA021205F8032CC3F3033262B18D
:10DC100010F1030809D4B04507DA15F8028C28F092
:10DC20000F0848EA020205F8022C1A0C12F00F0F36
:10DC30000CD010F1040809D4B04507DA15F8028CAD
:10DC400008F00F0848EA021205F8022CC3F3035249
:10DC500062B110F1050809D4464507DD15F8018CBD
:10DC600028F00F0848EA020205F8012C4FEA136871
:10DC700018F00F0F0BD0821D09D4964207DD15F85E
:10DC8000012C02F00F0242EA081805F8018C1B0F64
:10DC900090D0C21D8ED496428CDD86E7002A93D0A8
:10DCA000864291DD15F8042C02F00F0242EA0312BD
:10DCB00005F8042C88E7424646E6002840F04881F3
:10DCC00005980792E64610E0069A82427FDB4FEA0B
:10DCD00015294FEA154803F8045C2D0E03F8039C40
:10DCE00003F8028C03F8015C08301EF1FF3E7BD381
:10DCF000002803F1040351F8045BE5DA10F1010890
:10DD00000BD4464509DD13F8048C25F00F0908F003
:10DD10000F0848EA090803F8048C10F102080BD434
:10DD2000464509DD13F8038CC5F3032928F00F08D5
:10DD300048EA090803F8038C10F103080BD44645A0
:10DD400009DD13F8038C4FEA153908F00F0848EA8B
:10DD5000091803F8038C10F104080BD4464509DDBB
:10DD600013F8028CC5F3034928F00F0848EA0908A4
:10DD700003F8028C10F105080BD4464509DD13F8B1
:10DD8000028C4FEA155908F00F0848EA091803F801
:10DD9000028C10F106080BD4464509DD13F8018CFE
:10DDA000C5F3036928F00F0848EA090803F8018C55
:10DDB00010F1070898D4464596DD13F8018C2D0F15
:10DDC00008F00F0848EA051503F8015C8CE7864265
:10DDD00094DD13F8048C05F00F0928F00F0848EAC9
:10DDE000090803F8048C89E7079AADE54FF0000EA7
:10DDF000914648E09F4200F00F02C0F29E802AB197
:10DE000015F8042C12F0F00F7FF4C4AB10F0F00FF3
:10DE100004D015F8032C12077FF4BCAB10F4706F1C
:10DE200005D015F8032C12F0F00F7FF4B3AB10F40B
:10DE3000704F04D015F8022C12077FF4ABAB10F42E
:10DE4000702F05D015F8022C12F0F00F7FF4A2AB62
:10DE500010F4700F04D015F8012C12077FF49AAB60
:10DE600010F0706F05D015F8012C12F0F00F7FF450
:10DE700091AB020F03D02A7810077FF48BAB0EF121
:10DE8000010E08330435E6453FF45DAD002B51F833
:10DE9000040BAFDA10F0F00F08D05A1C06D49642EB
:10DEA00004DD15F8032C12077FF474AB10F4706FC7
:10DEB00009D09A1C07D4964205DD15F8032C12F000
:10DEC000F00F7FF467AB10F4704F08D0DA1C06D463
:10DED000964204DD15F8022C12077FF45BAB10F4B8
:10DEE000702F0AD013F1040807D4464505DD15F854
:10DEF000022C12F0F00F7FF44DAB10F4700F08D02D
:10DF00005A1D06D4964204DD15F8012C12077FF441
:10DF100041AB10F0706F09D09A1D07D4964205DD11
:10DF200015F8012C12F0F00F7FF434AB020FA6D0DD
:10DF3000DA1DA4D49642A2DD9DE7002AAAD09E4213
:10DF4000A8DD15F8042C12F0F00FA3D0FFF722BBC8
:10DF500005980792E6461FE0069A8242C0F28D803D
:10DF600013F8049C93F8008009F00F0928F00F08BB
:10DF700049EA051948EA157803F8049C83F80080FB
:10DF80004FEA15194FEA15382D0D03F8039C03F8D5
:10DF9000028C03F8015C08301EF1FF3EFFF424AF51
:10DFA000002803F1040351F8045BD5DA10F10108ED
:10DFB0000BD4464509DD13F8038CC5F3031928F08B
:10DFC0000F0848EA090803F8038C10F102080BD483
:10DFD000464509DD13F8038C4FEA152908F00F08B0
:10DFE00048EA091803F8038C10F103080BD44645DE
:10DFF00009DD13F8028CC5F3033928F00F0848EA4D
:10E00000090803F8028C10F104080BD4464509DD19
:10E0100013F8028C4FEA154908F00F0848EA09186E
:10E0200003F8028C10F105080BD4464509DD13F8FE
:10E03000018CC5F3035928F00F0848EA090803F8D2
:10E04000018C10F106080BD4464509DD13F8018C4C
:10E050004FEA156908F00F0848EA091803F8018C1F
:10E0600010F1070897D4464595DD93F8008028F015
:10E070000F0848EA15751D708DE7864296DD13F886
:10E08000048C08F00F0848EA051803F8048C8DE7A3
:10E09000BAF1000F3FF437AA08EBEA08A8EB040135
:10E0A0000791FFF732BA059F0023FFF721BB40F22B
:10E0B000353007930592019101F062F87C68059A6A
:10E0C000607A01994FF0FF330493079BFFF7D9B9AA
:10E0D00040F23530CDE90723019101F051F87C6819
:10E0E000019994F809C04868BCF1010F00F11003D0
:10E0F000059304F11004DDE907233FF461AABCF1A4
:10E10000040F46D040F23530CDE90823079101F0E5
:10E1100037F84FF0FF3301930799DDE90823FFF744
:10E12000C5B903423FF402AAFFF734BA40F23530D2
:10E130000793029201F024F8029A079BBAF1000FAC
:10E140003FF4E1A97968497A0129A5D004297FF42F
:10E15000DAA908EB6A08A8EB04010791FFF7D5B923
:10E16000059901EBE4010591FFF7A4BA40F23530BF
:10E17000CDE90212079301F003F80299039A496866
:10E18000079B497A0129EBD004297FF493AAFFF772
:10E190008DBA23B14FF0FF300190FFF78FB94FF0E8
:10E1A000FF300190FFF78CB92DE9F04182B00E46A7
:10E1B0001746984605460024FDF79AF843463A4626
:10E1C000314628460094FFF71DF902B0BDE8F08102
:10E1D00010B582B04FF0FF340094FFF713F902B08E
:10E1E00010BD00BF2DE9F041044682B00D46164631
:10E1F0001F46FDF77DF863686A685B7A042B02D1DD
:10E20000537A042B16D04FF000085389CDF80480C0
:10E210009289009231463A462046FDF7E1F9CDF861
:10E2200000803B46324629462046FFF7EBF802B015
:10E23000BDE8F0816FF0010C3B463246294620468E
:10E24000CDF800C0FFF7DEF8F1E700BF2DE9F04799
:10E25000814688461546FDF74BF8D9F80400437A05
:10E26000012B58D0042B40F0AD808489A4001F34CA
:10E270006411A400002D53D1B8F1000F47891DDBB4
:10E280001AD0B84500F1100579DB04FB07F4032C24
:10E290000BD915F0030209D124F003032B4445F8F0
:10E2A000042B9D42FBD104F003042CB12C44002329
:10E2B0002B700135A542FBD1BDE8F087C8F1000AFB
:10E2C000BA4500F11006437A3BDB012B53D0042BF7
:10E2D00040F08180828992001F325211920004FB2B
:10E2E00007F4032C05FB02630BD913F003010AD1D9
:10E2F00024F003021A4443F8041B9342FBD104F0B8
:10E300000304002CD8D01C4400221A700133A3420D
:10E31000FBD1BDE8F08784890734E410002DABD031
:10E3200041680830FDF70CF8002104464846FDF727
:10E3300089FA2B46424621464846BDE8F047FFF79A
:10E3400051BF012B38D0042B56D1818989001F3150
:10E35000491189000AFB01F108EB070531443046F9
:10E3600004FB05F20CF07EF8D9F804005746437A16
:10E3700000F11006A9E782890732D210AFE7437A8D
:10E38000012B14D0042B2DD1808980001F30401127
:10E3900080002946A7EB080200FB085004FB02F2AC
:10E3A0000CF060F8D9F80450474610356DE78089C5
:10E3B0000730C0102946EDE781890731C9100AFBF3
:10E3C00001F1C9E740F2353000F0DAFE4FF0FF34DA
:10E3D000D9F804004EE740F2353000F0D1FE4FF09E
:10E3E000FF327CE740F2353000F0CAFED9F8041065
:10E3F0004FF0FF301031CDE740F2353000F0C0FE75
:10E400004146A9E72DE9F843054600AFFCF770FF48
:10E410006C68637A012B2FD0042B37D1A589B4F80F
:10E420000A80AD001F356D11AD002E4608F1FF3892
:10E4300010342B46073308FB064623F00703ADEBE9
:10E44000030DA642E84614D9C5F1000921462A4623
:10E450004046FEF791FF31462A462046FEF78CFFE4
:10E460002C4430462A4641464E44FEF785FFB442CE
:10E47000ECD3BD46BDE8F883A589B4F80A8007351A
:10E48000ED102E4608F1FF381034D2E740F2353057
:10E4900000F076FE6B685A7A5E89012A06F1FF3831
:10E4A00003F110040AD0042A0ED040F2353000F0F7
:10E4B00067FE4FF0FF331D461E46BBE79B890733BF
:10E4C000DE104FF0FF35B4E79B899B001F335B11D3
:10E4D0009E004FF0FF35ACE72DE9F04743685A89BD
:10E4E0007E2A33DC0446998950005A7AFCF74AFFA9
:10E4F000636845685A7A5E89012A074605F1100566
:10E5000003F110081ED0042A24D19C89A4001F34D2
:10E510006411A4009EB14FEA440A4FF0000941463D
:10E5200022462846FEF728FF09F10109414628192D
:10E530002246FEF721FF4E45A0445544EFD1384610
:10E54000BDE8F0879C890734E410E3E700273846EC
:10E55000BDE8F08740F2353000F012FE4FF0FF3496
:10E56000D8E700BF38B5FFF7B7FF0446FAF7B2FAAD
:10E570002046FDF7FBFA05462046FAF7B9FA284689
:10E5800038BD00BF38B50546FCF728FFA8B10C2000
:10E59000FAF716F9044628B10B4A456000230260D9
:10E5A00083605DB12046FAF795FA2046FFF7DAFF5F
:10E5B00005462046FAF79CFA686838BD40F23530C7
:10E5C00000F0DEFDEEE700BF58B50100F8B50446E7
:10E5D000FCF704FF70BB07462046FCF725FF002828
:10E5E00039D0616838460431F8F7EEF987230372B1
:10E5F000237A03F00F034372637A4381A37A838102
:10E60000C781626804F10C01043A05461030FEF738
:10E61000B3FE2846FAF75EFA0C20FAF7D1F8064660
:10E6200018B1C0E901570D4B03602846FAF760FAAC
:10E630003046F8BD0C20FAF7C3F8064658B1074A31
:10E640004460002302608360002CF1D140F2353039
:10E6500000F096FDECE700263046F8BD58B5010005
:10E66000F0B50C4683B0064615461F46FCF740FE43
:10E670002046FFF7ABFF18B143685B7A012B01D04E
:10E6800003B0F0BD0146009730462B142AB2FEF7C6
:10E69000B9FE03B0F0BD00BFFFF798BF032A19D938
:10E6A000830721D130B422F0030301EB012505EBF0
:10E6B00005450344044644F8045B9C42FBD102F048
:10E6C00003022AB1C9B21A44197001339A42FBD12C
:10E6D00030BC7047034632B1C9B21A4419700133D5
:10E6E0009A42FBD1704770470346F5E782B070B598
:10E6F0000C4684B005464968206802AC03C40399FF
:10E7000008AC481084E80C00CB0745BF2A58029B90
:10E71000029CD4580AAB2E1893E803008DE803003E
:10E7200008AB0CCB3046A04704B0BDE8704002B047
:10E73000704700BFF8B51C460B0A0F460546164643
:10E740001AD1330C1ED1AA7805F10C01881805F1F5
:10E75000FC031B1A04F1040C9C4518D8E4B28C5439
:10E76000330A47708670C370AB78073424F0030413
:10E770001C44AC700430F8BD40F28F3000F000FD56
:10E78000330CE0D040F28F3000F0FAFCDBE70020E1
:10E79000F8BD00BF2DE9F043044683B0C0E9021282
:10E7A00003610022012100F5077000251F4602F0D9
:10E7B000B7FF4AF64442642146F2BC63A4F84C22F7
:10E7C00084F84E1284F82C52C4F83C3284F82D524E
:10E7D00084F8195284F82E5284F82F5284F830525B
:10E7E000C4F83852C4F84852C4F840523B6801217A
:10E7F0009B6838469847204BB7F80890D3F80080BC
:10E8000028200BF0FCFD0646103005F09FFA02238D
:10E8100018207380A6F800900BF0F1FD174ACDE99F
:10E82000002584466A46034603CA4CF80C4BDD605B
:10E83000CCF8045058609960D8F800201049F56071
:10E84000C2205961B360B080C6E90855536840469C
:10E850003146984740B93B6838465B6D022198477E
:10E86000204603B0BDE8F083304603F0C3F83046DD
:10E870000BF0BCFDEFE700BF400B002075ED000082
:10E88000EDE6000090F8193243B110B5044602F0ED
:10E890000BFE94F81932002BF9D110BD704700BF60
:10E8A00010B52030FFF746FF044608B1204610BDE2
:10E8B00040F28F3000F064FC204610BD30B50446B5
:10E8C000C06885B018B1036800211B689847A0682C
:10E8D000064903680294FC22CDE9002104F12001DD
:10E8E0009D6904F58E73A84705B030BD71ED000039
:10E8F0002DE9F047CB6833F0FF0384B021D10C7BC6
:10E90000A410012C01F1100118DD5B4D5B4E5C4F32
:10E91000012309E0B24267D0BA4208BF80F8303222
:10E920000133DBB2A34209DA51F82320AA42F1D124
:10E9300080F82D320133DBB2A342F5DB04B0BDE831
:10E94000F087B3F5000FF9D04B7B90F830229A4254
:10E950005FD090F82D229A424ED090F82E229A4203
:10E96000ECD890F82F229A42E8D3CA8941F20113D9
:10E970009A42E3D191F80C8001F11004A044A04523
:10E98000064689464FF000054FF0010A0FD963781B
:10E9900027781F2B49D9082F55D0A7F10903012B40
:10E9A00064D97B1E062B4FD90234A045EFD8D6F888
:10E9B0003832AB42C2D00024012705E0B3B30134A2
:10E9C000202C56D0D6F8383207FA04F22A4203EA4D
:10E9D0000203F3D1002BF2D0012340F60201A2B2D0
:10E9E000684605F093F9EAE790F82E220AB980F814
:10E9F0002E3280F82F3293E7CB8941F28112934275
:10EA000030D041F28212934298D10B8AA0F834326E
:10EA100094E7CB89B3F5845F10D041F28112934221
:10EA20008CD10B69C0F8483288E7FEE70123A2B217
:10EA300040F60301684605F069F9C0E70B699B0AD7
:10EA4000A0F84C327AE7072799F80D3096F82E2275
:10EA50009B1AC3EBC3033B44002BC4BF0AFA03F366
:10EA60001D43A1E70B8AA0F8323267E707F0B8FA36
:10EA700097E7C6F8385261E7E536FA166EA0EA1D48
:10EA80000636C61FF8B50446C06818B103680121F0
:10EA90001B68984707F08CFA206903685B68984701
:10EAA000002800F0BA80002584F82C5247F6CD26C5
:10EAB00007F070FAC4F82250C4F82650C4F82A505F
:10EAC000E5852684FAF7B8FCB4F81C3160624BF295
:10EAD000CD329342A16249D0B34243D194F81E3162
:10EAE000002B43D004F58E76FF2731462046FFF7F2
:10EAF000FFFE94F8280194F81E31C11D21F0030196
:10EB00008B4233DD021DA51895F82851FF2D00F02A
:10EB1000B08094F81F01621820F0020084F81F01F1
:10EB200092F828E10EF1040288188342C0F2DC80DA
:10EB300001F10C0CB444634604F5927053F8045B85
:10EB400040F8045FA3EB0C05AA42F7DC0EF10703C3
:10EB5000224423F00303A644194482F828718EF856
:10EB60002D11C2E719467E4802F032F994F82D12B1
:10EB7000002959D0E36904F12006002B5ED0402320
:10EB80004FF402523046FFF7D5FD0546002800F04D
:10EB9000CA80E369284603F140021F685D689968EE
:10EBA000D3F80CC0C0F80CC0103393420760456026
:10EBB000816000F11000F0D10023E361812208237D
:10EBC00094F82D123046FFF7B5FD054618B940F20E
:10EBD0008F3000F0D5FA234603CB286069603046B9
:10EBE00094F82D12012342F20102FFF7A3FD05461E
:10EBF000002800F09D8094F84E325A4AC3EB03235C
:10EC0000A2FB03235B092B7094F83032002B6FD1E9
:10EC10002046BDE8F840FFF751BE012384F82C32AE
:10EC2000BDE8F84007F0B6B90B4620460A46FFF7A4
:10EC300037FE2046BDE8F840FFF740BE63692BB3BE
:10EC400094F818529D4228BF1D4630462B46832219
:10EC5000FFF770FD064600286FD02A463046A169AE
:10EC6000FEF78AFBD4E905322A445B1BC4E905326E
:10EC7000CEE7204490F82D118B427FF777AF8A4280
:10EC8000FFF647AF384802F0A3F86FE794F8301268
:10EC900009B3D4F84832D4F8440283421BD294F822
:10ECA0001852C01A8542A8BF05462B46304680221E
:10ECB000FFF740FD064600284CD0B4F84C226910FE
:10ECC0003046FCF745F90746E0B3D4F8480228443B
:10ECD000C4F848029CE7002384F8193204F5077051
:10ECE000BDE8F84002F05EBD204802F071F83DE753
:10ECF000FAF7A8FBD4F84022D4F83C3232B1C3EB87
:10ED000003139B1A03441B09C4F83C32B4F84C2289
:10ED1000C4F84002C3F3552302FB03F39B0A9B0094
:10ED2000C4F8443274E740F28F3000F029FA30E73B
:10ED300040F28F3000F024FA5DE740F28F3000F0AF
:10ED40001FFA8AE72A4630463946FFF7A7FCC4F87F
:10ED500044725DE740F28F3000F012FAADE700BF79
:10ED600088B501001F85EB51A0B50100BCB50100BD
:10ED7000FFF788BE82B08DE80C0090F82C320BB9FA
:10ED800002B0704702B0FFF77DBE00BFF8B51D4668
:10ED9000DB0704460F46164600D49DBB40F28F3079
:10EDA00000F0EEF9A388B34202D1E388AB4203D06E
:10EDB00040F28F3000F0E4F963881BB1B4F83422DC
:10EDC0009A421DD96D0804F5077002F0B3FC06FBEA
:10EDD00005F6069AE261EC23B3FBF5F313FB05F5A8
:10EDE0000123C4E9056784F8185284F81932FC221B
:10EDF000002104F12000FFF751FC2046FFF742FEFE
:10EE00000020F8BD002ACDD1C8E700BF2DE9F041B0
:10EE1000002480460E461546CCB121466408D8F839
:10EE2000040039400368C9B2003118BF01211B68D2
:10EE30009847D8F80000036801211B689847D8F864
:10EE40000000036800211B689847002CE5D12DB114
:10EE50003778013D402401368021E0E7BDE8F081AC
:10EE600070B50446806803680E461B68002115468D
:10EE70009847E06818B1036800211B689847012291
:10EE800031462046FFF7C2FFA068036801211B68D6
:10EE900098476A1E002A03DD711C2046FFF7B6FF63
:10EEA000E06828B1036801211B68BDE8704018477D
:10EEB00070BD00BFF0B5054687B000262C230F4675
:10EEC000144601A90122CDE90166CDE903668DF85A
:10EED00004300596FFF7C4FFA868036801211B688A
:10EEE0009847E86818B1036831461B689847621C68
:10EEF0003B12521043EA071339118DF80670541E65
:10EF00008DF805308DF804103AB1013C032201A9B7
:10EF10002846FFF77BFF631CF7D1E86818B1036848
:10EF200001211B68984707B0F0BD00BFF0B50B4644
:10EF300089B0074610E05E788DF8002026F0800446
:10EF40002246FEF719FA621C69463846FFF788FF29
:10EF5000320605EB040308D41A789D1C29460DF1EE
:10EF60000100002AE7D109B0F0BD2A5D4FF47A70A4
:10EF70005C1C00FB02F002F095FD2346ECE700BFAD
:10EF8000F0B585B0013B0A9C8DF802100B44013CA2
:10EF900014441D128DF80430271200238DF80350FD
:10EFA0008DF80A208DF80C4002A904462B262A254C
:10EFB0000522ADF80030ADF808308DF80B708DF8F3
:10EFC00000608DF80850FFF74BFF20466946052288
:10EFD000FFF746FF05B0F0BD30B583B0150A8DF8D8
:10EFE0000110110CB1238DF807208DF805100222B5
:10EFF000694636248DF800408DF8043004468DF8BB
:10F000000650FFF72DFF9DF80730FF2B20460CBF61
:10F010000322042201A9FFF723FF03B030BD00BF84
:10F0200070B54FF0FF3104462220F8F743F8C0B224
:10F03000FAF7DEFD4FF0FF3160602020F8F73AF874
:10F04000C0B2FAF7D5FD4FF0FF3120602320F8F76A
:10F0500031F8C0B2FAF7CCFD4FF0FF31E060242068
:10F06000F8F728F8C0B2FAF7C3FD4FF0FF31A060FF
:10F070002C20F8F71FF8C0B2FAF7BAFD4FF0FF31B5
:10F0800006462B20F8F716F8C0B2FAF7B1FD054690
:10F09000E06818B1036801211B689847A0680368FD
:10F0A00001211B68984726B1336830461B6801214F
:10F0B00098478DB12B6800211B682846984744F675
:10F0C000206002F0EFFC2B6828461B68012198475E
:10F0D00044F6206002F0E6FC40212720F7F7EAFF23
:10F0E00040F2036105462820F7F7E4FF0A49064687
:10F0F0002046FFF71BFF3246E9B22046FFF76CFFC0
:10F10000A0212520F7F7D6FF802120822620F7F7BF
:10F11000D1FF608270BD00BF14B601002DE9F04F31
:10F12000154F01EB81010F4483B0804692461E4685
:10F1300007F1050B4FF0030917F8015B002445FAAE
:10F1400004F3DB0709D40134052CF8D15F4506F13F
:10F150000406F1D103B0BDE8F08F32460AEB84011A
:10F160004046CDF800900323FFF70AFF09220C99CF
:10F170004046FFF79FFEE6E7DCB50100704700BFA1
:10F180002DE9F041054688B072B606F011FF294618
:10F19000604801F01DFE72B65F4E347804B1FEE7A0
:10F1A000F9F706FB01234FF0FF3122203370F7F708
:10F1B00081FFC0B2FAF71CFD002854D003A8FFF766
:10F1C0002FFFBDF81E20BDF81C30009221462246BC
:10F1D00003A8FFF7D5FEBDF81C30BDF81E204F4F29
:10F1E000214602FB03F203A8FFF764FE4FF47063AD
:10F1F00046220A2103A800931423FFF78FFF484BF0
:10F20000EC1783FB0523C4EB631387FB0312D917A9
:10F21000C1EBA2014FF47F6601EB8101A3EB410139
:10F22000322203A83C230096FFF778FF87FB0523D3
:10F23000C4EBA30487FB0437E117C1EBA70101EB83
:10F240008101A4EB410103A83C234A22009604EB70
:10F250008404FFF763FFA5EB4401009603A83C2359
:10F260006222FFF75BFF2846FFF788FF4FF0FF3170
:10F270000D20F7F71FFFC0B2FAF7BAFC0446294D7C
:10F28000DFF8AC80284F04B9FEE70326236801218C
:10F290001B6820469847284602F004FC236800219A
:10F2A0001B6820469847284602F0FCFB013EEDD142
:10F2B000404602F0F7FB0326236801211B68204625
:10F2C0009847384602F0EEFB236800211B68204671
:10F2D0009847284602F0E6FB013EEDD1404602F099
:10F2E000E1FB0326236801211B6820469847284636
:10F2F00002F0D8FB236800211B6820469847284667
:10F3000002F0D0FB013EEDD1084802F0CBFB002C0F
:10F31000BAD0BAE728B60100990C00206766666685
:10F320001F85EB51A0860100E0930400C02709006F
:10F33000400D03002DE9F04F002187B0044629203D
:10F34000F7F7B8FE402180462720F7F7B3FE40F2DA
:10F35000036105462820F7F7ADFE41F63761814687
:10F360004E20F7F7A7FE002607464FF0FF3184F83E
:10F370006060A6602120F7F79DFEC0B2FAF738FC66
:10F3800041F292039F424FEA186A00F05C8105F057
:10F390008073B3460393BAF1000F00F0028140F28C
:10F3A0008F30FFF7EDFE41F637639F424FF00006C6
:10F3B00000F02B8142F27D439F4200F0A78141F291
:10F3C00092039F4200F0B78040F28F30FFF7D8FEE3
:10F3D000039B002B14BF6FF07F400020290A2A0CEA
:10F3E000EDB2606684F85E1084F85F203B462A46E2
:10F3F0004946BE4801F0ECFC26B318F0FF0818BFE0
:10F40000BB49336808BFBB499B6818BF01FB08F1C3
:10F410003046984733680822DB6800213046984719
:10F420004FF0FF312320F7F745FEC0B2FAF7E0FBBB
:10F4300018B1036801211B689847336830461B697F
:10F44000002198474FF0FF312B20F7F733FEC0B271
:10F45000FAF7CEFB064670B1036800211B68984797
:10F46000142002F02BF8336830461B6801219847BE
:10F47000142002F023F86368ABB14FF0FF312C2069
:10F48000F7F718FEC0B2FAF7B3FB18B10368012111
:10F490001B689847606803681B6898474A46294676
:10F4A000606804F031FBA0212520F7F703FE8021DE
:10F4B000A4F858002620F7F7FDFD666883B2A4F88B
:10F4C0005A30A4F85C30002E56D080B2B4F85830D0
:10F4D00094F85F2094F85E100090304604F0E6FA4D
:10F4E00094F85F0094F85E30B4F85A20B4F85810DD
:10F4F0000090814801F06CFC94F86030002B47D1FB
:10F50000B4F85830B4F85A0000FB03F000EBD070A8
:10F5100040101430F9F712FA23460025206543F80D
:10F52000545F01211846F9F7BBFA204684F84D5084
:10F5300007B0BDE8F08F002363604FF0FF31232058
:10F54000F7F7B8FDC0B2FAF753FB4FF0FF3183462F
:10F550002420F7F7AFFDC0B2FAF74AFB04904FF44E
:10F5600014700AF04CFF049B82465A463146FFF75E
:10F5700011F9C4F808A02BE7A26894F85F00B4F86A
:10F58000581094F85E50158050809180D380A7E782
:10F59000B4F85830B4F85A005B10401000FB03F088
:10F5A000B4E74FF0FF312220F7F784FDC0B2FAF73D
:10F5B0001FFB4FF0FF3104902020F7F77BFDC0B216
:10F5C000FAF716FB01210646049805F0A9FF012170
:10F5D0003046059605F0A4FF2C200AF010FFDDE967
:10F5E00004135A46CDF800A0064606F0D1F90820CB
:10F5F0000AF005FF3146824604F0C8FA41F6376347
:10F600009F42C4F800A07FF4D5AE4FF0FF31232015
:10F61000F7F750FDC0B2FAF7EBFA4FF0FF3183462F
:10F620002420F7F747FDC0B2FAF7E2FA049044202D
:10F630000AF0E5FE049B216882465A4603F0E0FE8C
:10F64000C4F804A0C4E683462C4801F0C1FB04E0E2
:10F65000642001F033FFAA0179D44FF0FF312B2051
:10F66000F7F728FDC0B2FAF7C3FA0021064668B1E1
:10F6700003681B6898470A2002F014FA3368304682
:10F680001B6801219847032001F018FF1120FAF7A9
:10F690008FFC06460028DBD00146194801F098FB94
:10F6A000184B9E4274D0B30625F0C005C6F38216EF
:10F6B0004CBF45F0800545F04005022E60D0032E7A
:10F6C00050D0012E56D040F28F30FFF759FD05F093
:10F6D0008073039331464B462A460B4801F078FB72
:10F6E00020216120F7F7E6FC804636E09CB6010059
:10F6F00040420F00C0E1E400CCB6010040B601007A
:10F700006CB60100FFFF010078B601004FF0FF3139
:10F710002320F7F7CFFCC0B2FAF76AFA4FF0FF31B7
:10F7200083462420F7F7C6FCC0B2FAF761FA0490CA
:10F7300044200AF064FE049B21685A46824602F087
:10F74000E3FF0123C4F804A084F8603040E61348C6
:10F7500001F03EFB05F08073039341F637674FF0ED
:10F76000000B18E64FF0807345F08075039340F26C
:10F770000369AFE705F08073039340F20369A9E7DB
:10F7800005F080730393DFF8189045F00805A1E7B2
:10F79000FAF742FC05F080730393FCE554B60100D0
:10F7A000FF140E0038B50C4D2C680CB1204638BD46
:10F7B0004FF0FF312220F7F77DFCC0B2FAF718FABC
:10F7C00040B168200AF01BFE0446FFF7B3FD2C6031
:10F7D000204638BD2C68E9E7FC05002008B5FFF796
:10F7E000E1FF18B183680BB1012008BD4FF0FF3174
:10F7F0002C20F7F75FFCC0B2FAF7FAF9002008BD39
:10F80000642870B50346A8BF6423054623EAE37461
:10F81000FFF7C8FF20B1836813B183F84E4270BD73
:10F820004FF0FF312C20F7F745FCC0B2FAF7E0F9B2
:10F8300006460028F3D0002D1FDD632D17DCFFF7EF
:10F84000CDFF0028EBD033684FF47A719B6B3046C4
:10F85000984704FB04F30C493268C3EB8323A1FBF4
:10F8600003313046490BD368BDE870401847036840
:10F8700001211B68BDE870401847036800211B6820
:10F88000BDE87040184700BF5917B7D1F8B5044616
:10F89000FFF788FFC8B16368302B054616D16F6E3D
:10F8A000204604F1300605F10802437A047A817A91
:10F8B0001B0243EA04430B4303307B40864242F879
:10F8C000043FF2D1012385F84C30F8BD40F28F306F
:10F8D000FFF756FCE3E700BF70B582B00546FFF7BF
:10F8E00061FF10B190F860300BB102B070BDB0F89C
:10F8F0005A40466890F85E1090F85F20B0F8583093
:10F90000641BA4B2A0F85C4036B9806801804280D4
:10F910008380C48002B070BD0094304604F0C6F805
:10F9200002B070BD10B50446FFF73CFF08B104B14A
:10F93000446510BDF0B583B00546FFF733FF0028DE
:10F9400043D090F84D300446002B3ED190F8602013
:10F950000123002A0CBF1A46022280F84D3055B30D
:10F960006B68597A042906D15989B0F8580002FB0E
:10F9700001F1814239D040F28F30FFF701FC60681D
:10F9800028B303F07DFE94F84C3004F10C0613B359
:10F99000002384F84C306968206D4A681031083AB9
:10F9A000FDF7EAFC6B6860685A89216D9B89B8B1E4
:10F9B000009603F07FFF636D23B194F860300BB9BC
:10F9C000A368D3B1002384F84D3003B0F0BDA06824
:10F9D000FEF758FFD7E7A368002B08BF0026DAE739
:10F9E000A0680096FFF7D2F9E5E79989B4F85C3092
:10F9F00002FB01F29A42BED1C1E7606800286AD0DA
:10FA000003F03EFE656D69684B7A042B07D1B4F8AC
:10FA10005A30B4F85C008A891B1A93425ED040F2D7
:10FA20008F30FFF7ADFB69684A68206D083A1031E6
:10FA3000FDF7A2FC606860B3B4F85C20B4F85A60CB
:10FA400094F85F70B4F8583094F85E10B61A0096C7
:10FA50003A4404F02BF86B6860685A89216D9B89E1
:10FA600078B30025009503F025FF606878B303F0B4
:10FA700007FE606894F85E1094F85F20B4F8583080
:10FA8000B4F85C50B8B1009504F010F80023636539
:10FA900098E7B4F85C0094F85F10B4F85A20A368B3
:10FAA000B4F8586094F85E701F800144121A5980AF
:10FAB000DA809E80CFE7A068018042808380C58085
:10FAC000E4E7A56800902846FFF760F9CDE7A06855
:10FAD000FEF7D8FECDE7FEF7D5FE93E7B4F8582041
:10FAE0004B899A429BD19FE7704700BF4FF08053EC
:10FAF0001869704742EA010080073DD198073BD161
:10FB000070B45BB1CD180846561A0478FF2C02D0A9
:10FB1000345CFF2C2CD10130A842F6D1184C0120C6
:10FB20009B08C4F80405D4F80004C007FBD51448AA
:10FB300002EB8304891AA24202EB01050DD013687F
:10FB40005E1C02F10402F6D02B60D0F80034DD0711
:10FB5000FBD5A24202EB0105F1D1094A0023C2F80C
:10FB60000435D2F80034DB07FBD5002070BC7047A9
:10FB70006FF0020070BC70474FF0FF30704700BF5D
:10FB800000E00140036808491A684FF080538A4238
:10FB900010B55C6903D1186904FB00F010BD0021A9
:10FBA000904704FB00F010BDEDFA00000368164A10
:10FBB0001B68934210B50C4623D14FF0805318694F
:10FBC0000138204218D1114A0223C2F80435D2F874
:10FBD0000034D907FBD50D49C2F80845D1F80034E7
:10FBE000DA07FBD50023094AC1F80435D2F80034FE
:10FBF000DB07FBD5002010BD40F29A30FFF7C0FABA
:10FC0000E1E79847DCE700BFEDFA000000E00140C3
:10FC1000F8B504461D4601601C4BE3610020B5F5B4
:10FC2000003F0F461646C4E91E2584F87400606044
:10FC3000C4E90200C4E90400A061E0622067A4F8FE
:10FC400076001DD83B6838461B6831469847431EEE
:10FC5000334204D1B5FBF0F300FB135058B140F22E
:10FC60009A30FFF78DFA0A4D2B8813B903F0A4FBE5
:10FC700028802046F8BD012BF1D9DB07F3D5EEE74C
:10FC800040F29A30FFF77CFADCE700BF806967FF3B
:10FC9000940C00202DE9F0410746006803681B68BA
:10FCA0000C4601EB02089847431E2342064625D125
:10FCB000444521D23868036821461B689847B04202
:10FCC00003D040F29A30FFF75BFA386803682146A8
:10FCD0005B689847002E04EB06050ADD2378FF2BAE
:10FCE00004F1010440F29A3001D0FFF749FAAC4226
:10FCF000F4D1A8452C46DDD8BDE8F08140F29A3019
:10FD0000FFF73EFAD4E700BF08B5D0E91E12FFF7AF
:10FD1000C1FF40F29A30BDE80840FFF731BA00BF9A
:10FD2000F8B5D0E91E122C4C0E685308A642CF58E5
:10FD300001EB03053AD0A74201D00020F8BD696865
:10FD40008A42FAD129461D444160C56055F8082C05
:10FD50000132A5F1080303D053F8082D0132FBD17D
:10FD600003F1080202615C68013403F1040303D16A
:10FD700053F8044D0134FBD00B3323F007038360A9
:10FD800004461868013002D15868013006D0204678
:10FD9000FFF7BAFFE56861682269A3680F485B1A3C
:10FDA000521A691A01F014F80120F8BDB7424C68E4
:10FDB00002D0A242C8D0C0E76E68B242F9D1A242D6
:10FDC000C0D18C68AA68661C9642BBD0561CB4424F
:10FDD000BAD09442B8D8B5E7DAE0767764B70100D4
:10FDE000C16A01B97047F8B50246054652F8300BB2
:10FDF00003689C684023A047B8B96FF02E06761BB5
:10FE000005F12F0405F16F07321914F8013FFF2B9C
:10FE100006D0E96A8A5C9A42284601D0FFF774FF4F
:10FE2000A742F1D10023EB62F8BD2846FFF76CFF33
:10FE3000E3E700BF4BB32DE9F04781460E469046FD
:10FE40001D4600F1300A06F03F07D9F82C30F41BAC
:10FE5000A34209D04846FFF7C3FF4022FF21504686
:10FE6000FEF71CFCC9F82C40C7F14004AC4228BF87
:10FE70002C4641460AEB07002246FDF77DFA2D1B72
:10FE80002644A044DFD1BDE8F0877047F0B50446B2
:10FE9000006F002385B0C4E9053330B103682367E0
:10FEA0000AF0A4FA206F0028F8D1154800F090FF5E
:10FEB000D4E91E135A0813488D584FF0FF360396A5
:10FEC00085424FF0010601EB0207029611D0204651
:10FED000FFF7E0FED4E91E150A4B00936A46102393
:10FEE00020460195FFF7A6FF2046FFF779FF05B0F2
:10FEF000F0BD78688342EAD1BB6833440293E6E7F9
:10FF000054B70100DAE07677F8B5056F4C88B1F99F
:10FF1000047045B32E46B21C002302E00133202BAF
:10FF20000BD032F8021FA142F8D1002F19DB06EBEB
:10FF3000430300229A800120F8BD3668002EEAD1E2
:10FF4000002F26DAAA1C002302E00133202B0ED05A
:10FF500032F8021F0029F8D105EB430308469C80C4
:10FF6000F8BD0120F8BD002F04DB0020F8BD2D688E
:10FF7000002DE7D1054644200AF041FA3E2206460C
:10FF800000210630FEF78AFB2B6FB48033602E67AA
:10FF9000EBE73046F8BD00BF43680BB10120704766
:10FFA000FFF7BEBE426802B1704710B50446FFF7C6
:10FFB000B7FE00B110BD2046FFF768FF6368002B55
:10FFC000F8D12046FFF7ACFE0028F3D12046BDE86B
:10FFD0001040FFF799BE00BF38B590F87430044662
:10FFE0004BB1094D298840F2FF3001F08DFA94F8A9
:10FFF0007430002BF6D1012384F874302046BDE81C
:020000040001F9
:100000003840FFF7CFBF00BF940C002010B590F828
:10001000743084B004461BB940F29A30FFF7B0F850
:100020002046FFF7DDFE064A002384F8743012886C
:10003000012340F2FF31684603F068FE04B010BDB2
:10004000940C00202DE9F843814608460F460AF03B
:100050004CFA01463846F7F787FF80EA10453846E4
:100060000AF043FAD9E90364B44217D20130ADB2C1
:100070001FFA80F802E00834B4420FD22388AB4262
:10008000F9D16388D9F804004246184439460AF089
:10009000DAF90028EFD12046BDE8F8830024204695
:1000A000BDE8F883F8B50C4616461F460546FFF72F
:1000B00093FFCCB121462846FFF7C4FFA861A8B141
:1000C000C3889BB18488C4F30E0446B16968A74213
:1000D0003A46304628BF22461944FDF74DF92846D6
:1000E000FFF794FF2046F8BDA869E8E74FF0FF341A
:1000F000F5E700BF10B5044682B0FFF76DFF6369F6
:10010000002B38D0E2689A4212D903F108026261EA
:10011000186859686B4603C369462046FFF7F4FE2A
:1001200010B9BDF80630A3B96369E2689342ECD315
:10013000206F0023636130B1036823670AF056F92A
:10014000206F0028F8D12046FFF760FF002002B0A2
:1001500010BDBDF80420BDF802106368A084C2F38E
:100160000E020B4420462262A362FFF74FFF04F108
:10017000200002B010BD206F236963610028C1D048
:10018000036823670AF032F9206F0028F8D1636909
:10019000B8E700BFF0B58168CB1D23F0070383B03B
:1001A000002600275D1A0446CDE9006708D153F800
:1001B000043C013310D02046FFF712FE03B0F0BD1F
:1001C0002B466A46FFF736FEA3681D44A56020460D
:1001D000FFF706FE03B0F0BD6A460823FFF72AFECC
:1001E000A3680833A3602046FFF7FAFD03B0F0BD13
:1001F0002DE9F04F83680569ED1A01F12003AB4248
:100200008BB003DA01200BB0BDE8F08F044617462F
:10021000039101F0FDFFB4F87630002B40F0BA8076
:100220002A460399794800F0D3FDA26F6168002344
:100230009142C4E905330ABFE36F049201EB530313
:10024000204608BF0493FFF7CBFD049DE26F2946CB
:1002500052082046FFF71EFD2B461033E26FA360C5
:10026000002305EB520B019303E0036823670AF0B8
:10027000BDF8206F0028F8D1D4E903369E4240D261
:1002800008364FF0100A324606AB52F8080D656882
:10029000516803C3BDF81A30B0461D4417B1284653
:1002A000B84748B306A92046FFF72EFE20BBBDF88D
:1002B0001E300BB328460AF018F9BDF81C2000F1D7
:1002C0000109C2F30E0202EB09030293019B002B0A
:1002D00073D01FFA8AF5ABF1080BA944ADF81C20C6
:1002E0005946082306AA2046ADF81E90ADF81A50CC
:1002F000FFF7A0FD029B9A44E368434506F1080618
:10030000C1D8019B0133012B01937BD0019B022BB0
:1003100004D0AEE7036823670AF068F8206F00286E
:10032000F8D12046FFF75CFDA1683948ABEB01012D
:1003300000F04EFD6268049E9168E06F354B0693B5
:10034000013106AA102308910790314620464FF04C
:10035000FF350995FFF76EFD2046FFF741FDA268C6
:100360000398E36F6660ABEB02010246403206EB96
:1003700053039142C4E9033B3FF744AF37B1264BE7
:100380009842014602D0254800F022FD00200BB023
:10039000BDE8F08FE169C3EBC37200EB42020B448E
:1003A0009342B6BF1346E361E2619842BFF638AFAD
:1003B00040F29930FEF7E4FE32E7A36805932A463F
:1003C000194620464B46FFF735FDA168BDF81C5085
:1003D000BDF81E0062684944C5F30E052B46024471
:1003E000A1602046FFF726FDA368029A1D44059BE5
:1003F000A560EB1A93423FF47DAF40F29A30FEF7CE
:10040000BFFE77E72046FFF7C5FE32E700B70100E1
:1004100028B70100DAE076770000FF7F3CB70100E3
:1004200038B50D460446FFF7D7FD2A462046044955
:10043000FFF7DEFE2046BDE83840FFF7E7BD00BF0E
:100440000000FF7F2DE9F04F0F4683B01E460446A3
:100450009046002A65D02046FFF7BEFD394620466B
:10046000FFF7F0FD00230546A361D4F804900028AF
:1004700043D138460AF039F806F10801014421F069
:1004800007010831AA4600222046FFF7B1FE0028E6
:1004900000F0868063684B4504D039462046FFF75C
:1004A000D1FD05461FFA86F9002D53D02A886B88A6
:1004B000ADF80020ADF80230BAF1000F23D00023D0
:1004C000ADF806306FEA49436FEA5343ADF80430A4
:1004D0002046FFF75FFE21690839216108236A463B
:1004E0002046FFF7A7FC2046FFF77AFC2046FFF7DF
:1004F0008DFD002003B0BDE8F08FF11D21F0070154
:100500009A460831BFE733464246A1682046FFF7C6
:1005100091FCD4E901231E449B1AA660ADF8063075
:10052000D0E7013306D0002E95D040F29A30FEF786
:1005300027FE90E7FFF750FD39462046FFF782FD82
:10054000C4F818800546D4F8049048B308214FF049
:10055000010A98E7384609F0C8FF01463846F7F720
:1005600003FD80EA10433846ADF8003009F0BDFFC6
:1005700000F1010B3A465B46A1682046FFF75AFCA2
:10058000D4E9012303EB0B019B1AA160ADF8023003
:10059000BAF1000F0AD0ADF80650ADF8049097E715
:1005A0002046FFF733FD4FF0FF30A3E733464246C6
:1005B0002046FFF73FFCD4E901231E449B1AADF807
:1005C0000490A660ADF8063082E700BF4FF0FF331D
:1005D0000022FFF737BF00BF0078A0F12300B0FA78
:1005E00080F04009704700BF70B5144D2C680CB105
:1005F000204670BD4FF400415F20F6F75BFD2146B9
:1006000006466020F6F756FD002818BF06468820EB
:1006100009F0F5FE0A4B0446C6F5E62240F8043B15
:1006200021463346FFF7F4FA002242F2107384F8B1
:100630008420A4F87A302C60204670BD000600208B
:10064000F0B6010038B5FFF7CFFF051D0446284678
:10065000FFF7A2FC28B903461A4628460249FFF7CD
:1006600021FD204638BD00BF98B7010070B5054692
:100670000C46FFF7E7FF2B6806461B6A284698479B
:100680006368014604F10802301DBDE87040FFF7C1
:10069000D9BE00BF38B50446FFF7D4FF236805462E
:1006A0001B6A204698470146281DBDE83840FFF7E1
:1006B0008DBF00BF38B50446FFF7C4FF2368054669
:1006C0001B6A20469847002301461A46281DFFF75B
:1006D000E9FCC043C00F38BD38B50446FFF7B2FF90
:1006E0002368051D1B6A20469847002301461A46C9
:1006F0002846FFF7D7FC011E11DB0020F6F764F94E
:100700000446F8F7E7F9636804F108020021284677
:10071000FFF7C8FC2046F8F7EBF9204638BD002467
:10072000204638BD38B5FFF78DFF0446051D0C483F
:1007300000F04EFB0B492846FFF772FED4F88030DC
:10074000D4E903125B0803EB4303521AB2EB930F95
:1007500000D338BD2846BDE83840FFF797BB00BF3F
:1007600084B70100D90501002DE9F0470446FFF7E1
:1007700069FF002383610546F6F766FC8146F8F7BA
:10078000A9F9236820461B6A9847236806465B6AD6
:100790002046984796F800800746043509F1040A78
:1007A0002846FFF7A7FC3A46314618B38468B8F1EB
:1007B000230F204602D02378232BF1D009F043FEEB
:1007C0004FF0FF310028EBD12046F6F779F80446C8
:1007D000F8F780F92246B9F808105046F8F730FBD0
:1007E0002046F8F785F92846FFF784FC3A4631465B
:1007F0000028DBD14846F8F77BF94846BDE8F0878A
:1008000088B110B5044609F070FE013820448442D6
:1008100007D22378027804F8012B00F801398442CA
:10082000F7D3002010BD6FF47A707047F8B549B364
:1008300080EAE074C4EBE0744F1E0025DFF84CC082
:1008400000E01D468CFB0423E217C2EBA30202EB7F
:100850008203C4EB43033033564207F8013F14468A
:100860006B1C002EEDD1002801EB030203DA2D22D0
:100870000235CA544A19002308461370FFF7C0FF17
:100880003046F8BD6FF47A76FAE700BF67666666B1
:10089000014B186000207047040600200A4B0360DB
:1008A00010B40A4C0023C380224602E00133402BDF
:1008B00006D052F8041B8842F8D1002244F82320C5
:1008C0005DF8044B704700BFA8B701000806002080
:1008D0000048704716FCFFFF10B504460A4B0B4852
:1008E00023600023E380024602E00133402B06D060
:1008F00052F8041B8C42F8D1002240F823202046F5
:1009000009F074FD204610BDA8B7010008060020BC
:10091000013908B503290AD8DFE801F00B0B020200
:100920000368084ADB68934201D000219847002001
:1009300008BD0368034ADB689342F8D00121984759
:10094000F5E700BF859C000070B584B004AC04E9F5
:100950000F00BDF80230012B18D0022B14D1154C1A
:10096000154E04F5807501E0AC420DD054F8040F2B
:100970000028F9D0C3885B04F6D503689B68B342AE
:10098000F2D09847AC42F1D104B070BD094C0B4E87
:1009900004F5807501E0A542F6D054F8040F002854
:1009A000F9D0C3889A04F6D503685B68B342F2D0E5
:1009B0009847F0E704060020819C0000BD56000027
:1009C0002DE9F041314C82B02246002302E0013390
:1009D000402B05D052F8041B0029F8D144F823001D
:1009E0002B4C237813F001030BD12A4D2A6842B116
:1009F0000093102201234FF47A60002101F028FCBB
:100A000010B102B0BDE8F0812820D5F80080224E58
:100A100009F0F5FCC02300930122204B102107466A
:100A200000F0D0FFD8F800305B68B34222D13846DE
:100A300000F0E0FF384609F0D9FC28202F6809F0C3
:100A4000DEFCC02300930222144B0F21054600F068
:100A5000B9FF3B685B68B34212D1284600F0CAFF79
:100A6000284609F0C3FC237843F00103237002B049
:100A7000BDE8F0814046394698470028DDD0D6E7EA
:100A80003846294698470028EDD0E6E708060020BA
:100A90009A0C0020400B0020D108010049090100F8
:100AA00010B4084C0023224602E00133402B06D04C
:100AB00052F8041B8142F8D1002244F823205DF84B
:100AC000044B7047080600200048704750B30100EF
:100AD000084600F0F3BC00BF084600F0E5BF00BFC9
:100AE0000846FEF74DBB00BF05F06CBA084600F0A3
:100AF000D7BF00BF05F074BAF8B51B4D0E460446CB
:100B000005F056FA28688319B3F5806F374616D278
:100B100004302844731E2EB35E1CA119431E14F822
:100B2000012B03F8012FA142F9D1304400230370B7
:100B30002B683B442B60BDE8F84005F02BBA0B4B0B
:100B40006B6040F2FA3304229E422A6005DD084CB5
:100B50001527142305F10800DEE708202844731E3A
:100B6000002ED9D13746E1E7080700202E2E2E0AA5
:100B7000ECB7010030B587B062B901AC2146FFF790
:100B800055FE204609F0B1FC01462046FFF7B4FFB0
:100B900007B030BD054600241C220CE08BB902B31F
:100BA00034B10846303006AB2344013403F8140C4A
:100BB000043A131D0AD025FA02F303F00F030029AB
:100BC000ECD0092B58B2EDDD3730ECE706AB1C4416
:100BD000002304F8143C0221034801ACFFF78CFF0A
:100BE000CFE71046DEE700BFE8B701002DE9F84384
:100BF00015460F46064609F021F9044608F004FEA2
:100C00000B4602463946304608F0B0FC0022064644
:100C10000F4620461146FFF7ADFF01211548FFF7AB
:100C20006BFF002D23DDDFF850906C1E4FF00008A5
:100C30004B4642463046394608F050FE0F460646BF
:100C400009F024F900221146FFF794FF3946304697
:100C500009F0F4F808F0D8FD0B4602463946304654
:100C600008F084FC013C631C06460F46E0D1BDE859
:100C7000F88300BF60B70100000024402DE9F04375
:100C8000504F514E85B080460D461446414602E015
:100C9000252A194611D00B4613F8012B002AF7D14B
:100CA000A1EB08014046FFF727FF1DB1022147488D
:100CB000FFF722FF05B0BDE8F0836FEA0801194491
:100CC00040460193FFF718FF019B0022984618F851
:100CD000011BA1F12503532B6ED8DFE803F0326D21
:100CE0006D6D6D6D6D6D6D6D6D37373737373737AE
:100CF0003737376D6D6D6D6D6D6D6D6D6D6D6D6DC6
:100D00006D6D6D6D6D6D6D6D6D6D6D6D6D6D6D6D13
:100D10006D3E6D6D6D6D6D6D6D6D6D6D454E6D5591
:100D20006D6D6D6D6D6D6D6D6D3E6D6D626D4E6D4C
:100D30006D2A231D2068012200211C46FFF71AFF9F
:100D4000A4E701213046FFF7D7FE9FE702EB8202BE
:100D5000303901EB42024346B8E7012220681146D0
:100D60000434FFF707FF91E704A8236840F8043D27
:100D700001210434FFF7C0FE88E7002220681146F5
:100D80000434FFF7F7FE81E7E31D23F00703002A91
:100D9000D3E90001D8BF042203F10804FFF726FFBE
:100DA00074E7D4F80090484609F09FFB0146484696
:100DB0000434FFF7A1FE69E703213846FFF79CFEE4
:100DC00064E700BF08B8010004B801000CB80100D6
:100DD0000FB400B583B004AA012152F8040B0192AC
:100DE000FFF74CFF03B05DF804EB04B0704700BFA1
:100DF0000048704716FCFFFF10B5044605F0D8F810
:100E0000E3696BB1A2699A61A3690BB1E269DA6126
:100E10000023C4E906336361BDE8104005F0BAB8A9
:100E2000D4E905321A60EFE738B50D46044605F0FF
:100E3000BFF82A6865610AB90AE01A469369002B6F
:100E4000FBD19461C4E90632BDE8384005F0A2B890
:100E5000C4E906222C60BDE8384005F09BB800BF0D
:100E60002DE9F04184B004AC04E90F00114B1C687B
:100E7000DDE902014FF47A72002309F0C7F8B4B13A
:100E8000DFF8348006460F46E268A56900239F42DA
:100E900008BF964208D3636920460BB1FFF7ACFF49
:100EA00020464146FFF7C0FF2C46002DECD104B090
:100EB000BDE8F081140B00201C0B00202DE9F04F41
:100EC000DFF8E08093B0D8F8005004AC84E80F005D
:100ED000002D32D02F4BBDF810401A68BDF81260BB
:100EE000AAB12D4F4FF0000A40F2FE3540F2FF3913
:100EF000D368D2F818B0190CAC429BB288B21FD09C
:100F0000002B33D09C4231D05A46002AF0D1A4F2B3
:100F1000FE33012B11D9D8F80050204B1027324650
:100F2000214608A8009700F04DFD2B681C4A9B68DD
:100F300093422AD108A800F05DFD13B0BDE8F08F00
:100F40004B45DDD109B1B042DED1BAF1000FDBD1A2
:100F5000536923B110460392FFF74EFF039A1046E0
:100F60003946FFF761FF4FF0010ACDE709B1B04202
:100F7000CAD1536923B110460392FFF73DFF039A8C
:100F800010463946FFF750FFBEE7284608A99847A4
:100F9000D0E700BF2C0B00201C0B0020BD0E010071
:100FA000F10D0100100B0020014B1868704700BFC5
:100FB000200B002038B504F0FBFF164B1C68D4B1A1
:100FC000636913B12046FFF717FF04F0E3FF002326
:100FD00023616362256805F031F80146284605F073
:100FE00039F804F0E5FF0C4B1A6822621C6004F02B
:100FF000D1FF204638BD282009F001FA282200211F
:101000000446FDF74BFB05F01DF80023C4E900037F
:10101000A360DAE7240B0020200B002038B50A4B30
:101020001C682369DB0707D5084D286830B1636A5F
:101030004362002363620446204638BDFFF7BAFFCF
:1010400028600028F8D0F2E70C0B0020180B0020D5
:101050002DE9F041464D2A7812F0010482B002D009
:1010600002B0BDE8F081434E434F3060FFF7A2FF6E
:10107000424B43491860FFF7D7FEFFF79BFF3860EC
:10108000D0F8008004F0DAFF011F404604F0E0FFD2
:101090003B683C49186804F0D9FF3768002F4ED0F0
:1010A000282009F0ACF9C0232246009340F2FF311A
:1010B000354B364C804600F085FC3B685B68A342AC
:1010C00044D1404600F096FC404609F08FF92820B4
:1010D000D6F8008009F093F9C023009300222A4B30
:1010E00040F2FE31074600F06DFCD8F800305B6836
:1010F000A34237D1384600F07DFC384609F076F936
:1011000000230F22002100934FF47A60012301F0A5
:101110009FF82820376809F072F9C0230093012254
:101120001B4B0F21064600F04DFC3B685B68A34259
:1011300012D1304600F05EFC304609F057F92B78AA
:1011400043F001032B7002B0BDE8F0813846414600
:1011500098470028BBD0B4E7384631469847002866
:10116000EDD0E6E74046394698470028C8D0C1E7A9
:101170009B0C0020100B0020280B00200C0B0020E3
:101180001C0B0020F9160100BD0E0100D108010062
:10119000610E0100024B187800F00100704700BF9B
:1011A0009B0C0020F0B51F4F3B6883B0002B37D05D
:1011B0001D4B1B78DB0733D50E460446FFF72EFF89
:1011C000436944EA06420546C2600BB1FFF714FECC
:1011D00028461649FFF728FEA4F2FE33012B16D944
:1011E00028203F6809F00BF9C023324600932146BE
:1011F0000F4B054600F0E6FB3B680E4A5B689342E6
:1012000008D1284600F0F6FB284609F0EFF8002048
:1012100003B0F0BD3846294698470028F7D0F0E7DC
:101220000548F5E7100B00209B0C00202C0B00203C
:10123000BD0E0100D108010016FCFFFF2DE9F041B1
:1012400028B321B30546984617460E46FFF7B2FE6F
:101250000446E0B132463B462946006804F004FFEC
:10126000256804F0EBFE011F284604F0F1FE0A4B4E
:101270000A492068B8F1000F18BF194604F0E6FECD
:1012800020460749FFF7D0FD2046BDE8F081002445
:101290002046BDE8F08100BFD1160100FD15010018
:1012A0001C0B0020074B1B7813F0010308D010B46F
:1012B000144601230A4621465DF8044BFFF7BEBFE2
:1012C000184670479B0C0020024B1868B0FA80F05B
:1012D000400970471C0B002030B50F4D2B789A0742
:1012E00085B004D50D4B1B6873B105B030BD43F01C
:1012F0000204022201230F2168462C7002F006FD31
:10130000064B1B68002BF0D12B7823F002032B70C7
:1013100000F0CCFB05B030BD9B0C00201C0B002066
:101320002DE9F0415A4D2C682369D90737D4594E1D
:10133000594F3268396812B36069B04200F0898051
:101340002A6091421CD0944252D08C4252D0534BCE
:1013500062699A424ED0206804F07EFE064604F090
:101360007DFED4E90131361ACB1A9E422F6860D82F
:101370002068BB683A68BDE8F04104F0C7BF296047
:101380001B0745D52C60FFF7A7FF3368002BFAD069
:101390009C422B602CD039688B42D6D13BE0404E2A
:1013A0002068326843F0020323611369146843F034
:1013B0000403136104F056FE0146204604F04AFE81
:1013C0003768386804F048FE044604F047FED7E961
:1013D0000123241A9B1A9C4241D8336899681868E3
:1013E00004F0D5FF2B681A690021920731600AD4F6
:1013F000BDE8F0812A680021936812680846BDE8BC
:10140000F04104F083BF1868BDE8F04104F0F9BF73
:101410002B689C42ECD01E6804F010FE011F304681
:1014200004F016FE3B681F49186804F00FFE396887
:101430008BE72C6004F012FE6068203626F01F0651
:1014400018BB3046F7F7D2FA3118C4E901012F6012
:101450008EE7A069002818BF02462A6071E7D5F818
:1014600000802F6004F0FAFD7868203424F01F0417
:1014700040B92046F7F7BAFA0444C7E90104C5F8B1
:101480000080AAE7F7F702F9F3E7F7F7FFF8D8E7E4
:101490000C0B00201C0B0020280B0020240B00202C
:1014A000180B0020F9160100034B1B78DB0701D550
:1014B000FFF736BF704700BF9B0C002070B5104D82
:1014C0002A78D20714D50446FFF7A8FD064600F097
:1014D0009FFE73692044F06013B13046FFF78CFC27
:1014E00030460849FFF7A0FC2B78DB0704D470BD19
:1014F000BDE8704000F0D4BABDE87040FFF710BFFF
:101500009B0C0020140B002000B583B0FFF74AFEAF
:1015100018B9074B1B78DB0702D403B05DF804FB56
:101520000190FFF7FDFE019803B05DF804FB00BFDA
:101530009B0C002038B5284D2868436913B1FFF78C
:101540005BFC2868254C2146FFF76EFC24684CB1F3
:10155000A369002223B11C460132A369002BFAD1F2
:10156000032A22DC2B6800221A611C6804F066FD45
:101570000146204604F06EFD04F01AFD184B296860
:101580001A688A4225D04AB1136A99421DD02BB1FC
:101590001A6A91421AD01346002BF9D104F0FAFCD2
:1015A000104B1B78DB070CD438BDE26920689361CF
:1015B000F7F76CF86068F7F769F82046F7F766F810
:1015C000D0E7BDE83840FFF7ABBE13460A6A1A629F
:1015D000E4E7126A1A60E1E70C0B0020240B0020FC
:1015E000200B00209B0C0020034B1B78DB0701D550
:1015F000FFF7A0BF704700BF9B0C002010B50C4642
:101600008047A047044B1B78DB0700D410BDBDE822
:101610001040FFF78FBF00BF9B0C0020034B1B78CF
:10162000DB0700D47047FFF785BF00BF9B0C00208D
:10163000002842D02DE9F041DFF8908098F8003082
:10164000DC0782B032D51E4F3B680A46196949074C
:10165000054601D15C6A44B1284601231949FFF7C8
:10166000EDFD002002B0BDE8F0811868019204F0A1
:10167000B0FE3968019A0B6913F0020618D143F0E5
:10168000010310460B61A8473B6818695E6220F0B1
:10169000010210F004001A61E4D098F8000010F084
:1016A0000100DFD0FFF746FF3046DBE70648D9E709
:1016B00023F003030B612046D4E76FF47A70704780
:1016C0000C0B00201D16010016FCFFFF9B0C0020D8
:1016D00038B50346144610460D4698472046A8479D
:1016E000044B1B78DB0700D438BDBDE83840FFF75A
:1016F00021BF00BF9B0C002008B5044CFFF7ECFD98
:101700002378DB07FAD5FFF70BFEF7E79B0C0020E9
:10171000024B1878C0F38000704700BF9B0C00207C
:1017200010B40024C460C0E9001102725DF8044BDB
:10173000704700BFF8B5194D2B78DA0700D4F8BD13
:10174000044604F035FC2668013E266004F022FCC5
:10175000002EF4DAFFF762FC436907460BB1FFF78E
:101760004BFB04F10C013846FFF75EFB04F020FC54
:1017700023689E4208DD7B6913B13846FFF73CFBC6
:1017800038460749FFF750FB04F004FC2B78DB07D1
:10179000D5D5BDE8F840FFF7C3BD00BF9B0C0020C6
:1017A0001C0B0020036810B5C4680133036054B1FA
:1017B000636913B12046FFF71FFB20460249BDE8CD
:1017C0001040FFF731BB10BD1C0B0020C36810B5E3
:1017D00004462BB12046FFF7E5FFE368002BF9D163
:1017E000237A0BB96368236010BD00BFF8B50C4CB9
:1017F00005460E46277804F0DBFB0A4A731B02EB12
:10180000C7019B0843F0004342F837504E602B60FD
:1018100023780133237004F0BDFB0020F8BD00BF26
:101820009D0C0020300B0020064B1B78834207D90B
:10183000054B03EBC00253F830305068C01A7047B4
:10184000002070479D0C0020300B0020F8B5830766
:101850004FEA90063BD188B10D4604F0A9FBD5E9CB
:101860000045771CA54206D92368002B07DB04EB53
:101870008304A542F8D804F08DFB0020F8BD23F0C6
:101880000043990054F82320002A04EB01000DDBEB
:101890000EE022F00042134443F00042226054F86C
:1018A00023209900002A04EB010001DA8542F0D8D8
:1018B0009F4201D90C44D5E702369E4209D32368E2
:1018C00023F00043236004F065FB201DF8BD0136C2
:1018D000C2E704EB8606B542F1D9DB1B43F00043B7
:1018E00046F8043C2760EEE738B5044640B10C4D9D
:1018F0002B783BB120460B49FFF7A8FF044658B1AF
:10190000204638BD0849094A086809491370FFF79D
:101910006DFF01232B70EDE71420FDF731FCEFE79D
:101920009C0C0020300B0020300000209D0C00207B
:1019300000F80120A0B10E4B1A6882420DD25B68FC
:1019400083420AD950F8043C002B10B5044608DD48
:1019500043F0004344F8043C10BD1E20FDF710BCCA
:1019600070471E20FDF70CFC54F8043CF0E700BF64
:10197000300B002038B501FB00F52846F7F736F8A4
:10198000044628B101232A4603600021FCF786FEA5
:10199000204638BD70B5044608460E46F7F726F8CF
:1019A000054664B158B154F8042C9200B242A8BF65
:1019B00032462146FBF7E0FC2046F6F767FE284654
:1019C00070BD00BF2DE9F04104461030884617462F
:1019D0001E46BDF8185002F0B9F90020E060C4E9D5
:1019E0000800A4F800806780A660A5802046BDE8B6
:1019F000F08100BF83889B0710B5044602D580683C
:101A000008F0F4FC204610BD82B070B586B00AA97B
:101A100081E80C00036A4BB31C696CB1012200E041
:101A20001C4623690132002BFAD1092A05DD06B0D4
:101A3000BDE8704002B070471C460AAB0FCB02AD48
:101A400085E80F00182008F0DAFC06AB064613E91B
:101A5000030095E80C008DE80300304602F09CF985
:101A6000266106B0BDE8704002B0704704460FC959
:101A700002AD85E80F00182008F0C1FC06AB064651
:101A800013E9030095E80C008DE80300304602F0EE
:101A900083F9266206B0BDE8704002B0704700BF0F
:101AA00000F092BC00F060BCFEF7F2BE04F088BA11
:101AB00000897047807A704738B5036881720446A0
:101AC000DB6A98472368074A9B6A9342054603D11D
:101AD000A07AA072284638BD20469847A0722846B2
:101AE00038BD00BFB51A010038B50368018104464E
:101AF000DB6A98472368074A1B6A9342054603D16D
:101B000020892081284638BD2046984720812846D4
:101B100038BD00BFB11A0100F8B504460025154BC9
:101B2000036045600E461746FEF74AFF94F83630CC
:101B300066624FF00112C4E90E22022103F0F9039C
:101B400065F3C3030C4E2563142084F84050A17242
:101B50002081E560C4E90455C4E906552562A780E3
:101B6000E580A586A4F8425084F8363026602046E9
:101B7000F8BD00BFA8B7010018B80100C16811F591
:101B8000C87FF0B480F2848090F8363013F00203FE
:101B900040F08680046914F5C87F66DA90F8362034
:101BA00012F0040269D1456915F5C87F31DA90F861
:101BB000362012F0080234D0B2FA82F390F8366080
:101BC00090F840205B0963F3C30680F83660032A6F
:101BD00008D80132D2B2012A80F8402000F08B8070
:101BE000042A77D0B0F8423090F8366001339BB2C7
:101BF00016F00107A0F8423062D01D2B17D9002340
:101C00006FF3000680F83660A0F8423080F840306C
:101C10000DE0B5F5C87F04DD90F8362012F008021B
:101C2000CAD090F84020002BD1D1002ADAD104FB91
:101C300004F301FB0133334A05FB053393423CD9DE
:101C400011F5487F51DBB1F5487F51DC14F5487F31
:101C500054DBB4F5487F3BDC15F5487F50DBB5F528
:101C6000487FD4BF0020062028E0B4F5C87F9ADD65
:101C700090F8362012F0040295D1B2FA82F390F86F
:101C800036205B0963F3820280F8362001238AE75D
:101C9000B1F5C87F0FDD90F8363013F002030AD19A
:101CA00090F83620B3FA83F35B0963F3410280F8BE
:101CB000362001236EE700236CE70720F0BC704755
:101CC000092BB4D9013A80F84020A0F84270AEE761
:101CD0000120F3E790F83630002243F0010380F84A
:101CE0003630A0F842200B20E8E70320F0BC704714
:101CF0000420F0BC7047A0F8422098E70220DDE7FE
:101D00000520DBE7FF700200D0E9033230B502FBAB
:101D100002F2456903FB032305FB0535B5F5800F8A
:101D200085B0044616D9038F002B4DD0B5F5100FA2
:101D300025D8012384F831302046FFF71FFF0B28F8
:101D400014D0A38E834231D00023A08684F8303093
:101D500005B030BD90F83130042B56D90023C0E9CE
:101D60000E332046FFF70AFF0B28EAD160860246B1
:101D700001230D21684601F0C9FF05B030BD638F16
:101D8000002B39D0B5F1107FD3D9A38F5BB3B5F158
:101D9000806FCED9E38F002BCBD101230A220D21F6
:101DA000684601F0B3FF0123E387C2E794F83030BF
:101DB000628E042B14D80133DBB2904284F83030A9
:101DC000C6D0052BD2D0C3E701230C220D216846D3
:101DD00001F09CFF0123B5F5100F2387A9D9CEE7A9
:101DE0009042C3D1B4E7012309220D21684601F0D6
:101DF0008DFF0123A387CAE7012308220D2168462E
:101E000001F084FF01236387BCE70133DBB291E774
:101E100030B5D0E908218BB002AD009200F1180373
:101E200004460CCB284601F03FFF95E80700E38805
:101E300004F10C0523F0020385E80700E380204647
:101E4000FFF762FF0123A1881A4606A801F05EFF92
:101E500000200BB030BD00BF10B5036804461B6BFB
:101E60009847E06810BD00BF10B5036804461B6BBF
:101E70009847206910BD00BF10B5036804461B6B6E
:101E80009847606910BD00BF036810B504461B6B1E
:101E90009847E3889B0702D42046EEF7D5FCA06A5A
:101EA00010BD00BF08B5FFF7EFFFDFED077ADFEDEC
:101EB000076A07EE100A67EE277A87EEA67AFDEE2C
:101EC000C77A17EE900A08BD0000B443DB0FC94083
:101ED000036810B504461B6B9847E3889B0702D440
:101EE0002046EEF7B1FCE06A10BD00BF08B5FFF771
:101EF000EFFFDFED077ADFED076A07EE100A67EE06
:101F0000277A87EEA67AFDEEC77A17EE900A08BD0B
:101F10000000B443DB0FC94010B5044B036000233D
:101F20000446C380FEF7BCFD204610BDA8B70100E3
:101F3000C1600020704700BF08B5C06803681B6B14
:101F40009847002008BD00BF08B5C06803689B6AB9
:101F50009847002008BD00BF2DE9D84704469246A7
:101F6000994604F025F8E66894F811803468304604
:101F7000A36CE76B98474B465246002B08BF0A2AD2
:101F800038BF0A22024441463046B847BDE8D84728
:101F900004F000B870B5044604F00AF8E06803687D
:101FA0009B6C9847D4E90151D4E908236060401B39
:101FB0001518084443F10006B0F57A7FC4E90856C5
:101FC000A0600CD3D4E906230132A0F57A7043F166
:101FD0000003B0F57A7FF7D2C4E90623A060BDE81C
:101FE000704003F0D7BF00BF2DE9F84F1646426B93
:101FF000BDF82880BDF82C909DF830A0002A10DD97
:10200000C46A1F46238A83B104F11803002102E049
:1020100033F8085C4DB1013191421C4603F11803BD
:10202000F6D16FF47B70BDE8F88F0546FFF7B2FF7D
:10203000D5E9082312EB060B43EB070CBAF1000FAE
:1020400022D1002001460D9BA4F81080C4E90001B4
:10205000C4E902BCA4F81290636103F0A9FF296BE4
:1020600039B1D4E90223D1E902018B4208BF82428F
:1020700005D22C6332463B462846FFF76DFF03F03E
:1020800089FF0020BDE8F88F30463946DBE700BF06
:102090002DE9F003456BC36A00218D4201631EDD0B
:1020A0000A461C8A013254B139B1D3E90267D1E939
:1020B00002894F4508BF464501D203631946AA422B
:1020C00003F11803EDD151B1036A8A68D21A0A2AC2
:1020D000B8BF0A22D317BDE8F003FFF73DBFBDE844
:1020E000F00370472DE9F04F83468BB059B1C468B7
:1020F000067C236820469A6CDD6B9047394A31464E
:1021000002442046A8475846FFF744FFDBF8342036
:10211000DBF82C40002A49DD0025AA461CE0D4E962
:10212000006756EA0701628A46D1DBF830000021D9
:10213000A042218247D001210291CDE900891946B0
:1021400006A801F0F3FDDBF834200AF1010A01359D
:10215000AA4204F1180426DD238A002BF7D0D4E923
:102160000201DBE90889894508BF8045CDE9040102
:10217000D5D26369DB07EAD5FFF7CAFA60B1DBE9BC
:102180000801194ED4E9022336184FF000074F41D9
:10219000BB4208BFB24219D3DBF834200135AA4252
:1021A00004F11804D8DCBAF1000FB1D15846FFF79A
:1021B0006FFF0BB0BDE8F08FDDE9040180197941B4
:1021C000C4E90201B7E7CBF83010B4E70123CDE949
:1021D00000010293052240F2FF3106A801F0A6FD9E
:1021E000DAE700BF80969800A0860100074B1B68C5
:1021F00053B1197C084110F00101184601D1FFF7D5
:1022000071BF0121FFF76EBF704700BF3C0B00207C
:10221000064B10B51C682CB12046FFF7BBFED4E975
:10222000060110BD0020002110BD00BF3C0B0020A6
:10223000064B10B51C682CB12046FFF7ABFED4E965
:10224000080110BD0020002110BD00BF3C0B002084
:1022500070B50A4C266884B076B11D4614460B460C
:102260000246012108980390CDE9004530460291CD
:10227000FFF7BAFE04B070BD0148FBE73C0B00203D
:1022800016FCFFFF70B50E4D2C68B4B12046FFF769
:1022900081FE0C4B266A42F2107098472C6820464B
:1022A000FFF778FE236A0849053B9B1B42F2107238
:1022B0000020B2FBF3F30B6070BD044870BD00BF9B
:1022C0003C0B002025000020380B002016FCFFFFEF
:1022D000F8B50D46437416460A231E4A1E4901608E
:1022E00004464363C56006740121F0201460FFF7C3
:1022F00041FB2B68194FDA69E0620021002021635D
:10230000BA424FF00001C4E90601C4E908011AD13C
:10231000134AEA603146134ADB6B28469847E06867
:1023200003685B6A9847E068036800229B6CA260C0
:102330009847E36860601A681846936A9847FFF701
:10234000A1FF2046F8BD284605499047E5682B685F
:10235000E0E700BF3C0B002058B80100311F01002E
:10236000ED210100809698002DE9F843124D2E686A
:1023700006B3124B04461868A8B93046FFF70AFEA8
:10238000D6E9086716EB040847F100092C682046D7
:10239000FFF700FED4E908234B4508BF4245F5D3BB
:1023A0000020BDE8F88304FB00F0054B98470020AF
:1023B000BDE8F8830348F4E73C0B0020380B00200D
:1023C0002500002016FCFFFF4FF47A7303FB00F09A
:1023D000FFF7CABF6FF47D70704700BF6FF47D7068
:1023E000704700BF10B5054B03F1080238330446AF
:1023F0000260C36001F05EFE204610BD60B80100BF
:1024000010B5074B03F10802383304460260C3607D
:1024100001F050FE204607F0E9FF204610BD00BF46
:1024200060B80100C28838B5047C22F4005200254F
:10243000C280CD6014B103689B699847002038BD05
:10244000A0F10C00FFF7EEBFC388DB0400D4704797
:102450002DE93048036888B05B6A04469847227EBD
:10246000E38878B10B2A04D80132D2B2082A227646
:102470000ED9D9071ED503F00305012D2CD008B0C5
:10248000BDE8308832B1013AD2B2082A2276F0D8BB
:10249000012AF0D8DA07EED523F00303E380022205
:1024A0000123A188684601F031FC657E012D2CD006
:1024B000E388E0E743F001020123E280A1881A46A5
:1024C00004A801F023FC238901332381FFF7A0FE38
:1024D000227EE3886061DBE7FFF79AFE6369B0EB79
:1024E000030B61F1000C002340F2DB52634508BF8F
:1024F0005A45C4D2E288A18842F00202E2802B460B
:10250000052204A801F002FCB9E7FFF781FE636928
:10251000B0EB030B61F1000CBCF1000F08BFBBF581
:102520007A7F2B462CBF04220322A18804A801F045
:10253000EDFBBDE710B5044684B0E9B9C269D288A5
:10254000930502D4002004B010BD03685B6A98476D
:102550000028F7D0E288A188012342F0010203207D
:10256000E28020761A46684601F0D0FB01232381E1
:10257000FFF74EFE6061E5E7C288002122F003020A
:10258000C28001810176002004B010BDC16938B558
:10259000CB6800F10C05AB421CD0044623B11A688D
:1025A000184612689047E169A27ECB88CD60012A67
:1025B0000CBF43F4807323F48073CB800B680A4A0A
:1025C0005B6C93420AD1E08840F40050E08000F058
:1025D000010038BDC08800F0010038BD084694F8FD
:1025E00020109847EFE700BFDD23010070B50546D6
:1025F00000F10C063046012101F072FDE8690A4A3B
:1026000003685B6893420CD16FF47D73AC7EE41A6F
:10261000B4FA84F430466409002101F061FD2046DB
:1026200070BD98470346F1E7D52301002DE9F84333
:1026300004460D4690461F469DF820609DF8249064
:1026400001F022FD0B48E561002100F1080538305A
:10265000E06084F82090A4F804806776A676256070
:1026600021746174616121762046FFF78FFF204657
:10267000BDE8F88360B801006FF47D70704700BF5B
:1026800010B5044B036000230446C380FEF708FA2C
:10269000204610BDA8B7010010B5064B036000230B
:1026A0000446C380FEF7FCF9204607F09FFE204653
:1026B00010BD00BFA8B7010038B50446C06890B18E
:1026C00003680F4D1B68AB4216D1206903681B6875
:1026D000AB420ED10A20FEF7F1FE2046094901F077
:1026E00095F9002038BD2069054D03681B68AB4291
:1026F000F0D001219847EDE701219847E5E700BFB9
:10270000792601009CB8010010B5044600F078FE5F
:10271000034B2360012384F84030204610BD00BFE6
:1027200018B9010003681B6B184700BF018938B551
:102730004FF47A75044605FB01F1224801F028FCAC
:10274000214AA17A0346A2FB03239B0923811F4848
:1027500001F01EFC2189A07205FB01F1194801F06E
:10276000F7FB626CB4F84C10156840F00703DBB25D
:1027700010466D6A2022A84710BB606CB4F84C105C
:10278000036822225D6A1023A847C8B9A17A0F48BE
:1027900001F0DEFB626CB4F84C101568030103F025
:1027A000F00310466D6A2322A84748B9606CB4F85C
:1027B0004C10036824225C6A0823A04700B938BD86
:1027C000034838BD3CB90100D34D621034B9010053
:1027D0000EFCFFFF10B5034B03600446FFF79CFBA4
:1027E000204610BDA4B9010010B5054B0360044696
:1027F000FFF792FB204607F0F9FD204610BD00BF11
:10280000A4B90100034611B90368DB6A1847406C9C
:10281000B3F84C10036810B45C6A2022A44600236D
:102820005DF8044B604700BF816CC3880A6870B5CF
:102830005268244C43F48043A24286B0C38003D143
:102840000025284606B070BD04460846904701287A
:102850000646F5D1606CB4F84C1003680196062268
:102860000092DD6AA82204ABA847054638BB0320C6
:10287000FFF718F9606CB4F84C100368CDE90066F6
:102880003122DE6A0DF10F03B0479DF913009DF967
:1028900015209DF91160A37A2168F600C000D200CE
:1028A00003FB02F203FB00F003FB06F3C4E907029B
:1028B000A36120464B6B9847284606B070BD024D79
:1028C000BFE700BFD52301000EFCFFFF2DE9F0415B
:1028D000BDF81C50BDF818600446884617461946D6
:1028E0002A46FFF719F9084AC4F844800023A76470
:1028F000A580A4F84C602260E3802046FFF716FF15
:102900002046BDE8F08100BFA4B901000189424A18
:10291000F8B54FF47A7303FB01F3934204466EDC7F
:102920003E4A93426BD83E4A93426AD844F62062AC
:10293000934268D842F21072934266D841F28832CC
:10294000934264D840F6C412934262D8354E40F2A6
:10295000E24106F108028B4288BF1646A37A042B97
:102960004AD8314D032B05F102032ABF1D4602222E
:10297000042233682D49E06CA272A1FB0323026894
:10298000B4F84410576A9B0923812A220023B847D0
:1029900000282FD1E06CB4F8441003682B225F6A42
:1029A0001023B84730BBE06CB4F8441003682D2204
:1029B0005F6A0123B847E8B9E06CB4F844100368D3
:1029C0002E225F6A0123B847A0B9E06C6B780268D9
:1029D000B4F84410556A0E22A84758B9E06C337910
:1029E0000268B4F84410546A43F001032A22A04755
:1029F00000B9F8BD0E48F8BD0E4D0822B9E70E4EDD
:102A0000ACE70E4EAAE70E4EA8E70E4EA6E70E4E16
:102A1000A4E70E4EA2E700BF00C409000071020047
:102A200080380100E4B90100DCB90100D34D621027
:102A30000EFCFFFFE0B901001CBA010014BA01004E
:102A40000CBA010004BA0100FCB90100F4B901009C
:102A500003681B6B184700BF10B5034B03600446A7
:102A6000FFF75AFA204610BD2CBA010010B5054BED
:102A700003600446FFF750FA204607F0B7FC2046F3
:102A800010BD00BF2CBA0100034611B90368DB6A10
:102A90001847C06CB3F84410036810B45C6A2A226B
:102AA000A44600235DF8044B604700BFC38820495B
:102AB0005A04826C58BF43F4804370B558BFC3803A
:102AC00013685B688B4284B003D10025284604B0AC
:102AD00070BD0446104698470028F6D1E06CB4F863
:102AE0004410036806250122CDE90052DD6A02ABDD
:102AF000A8470546C8B99DF90A009DF90C209DF923
:102B00000860A37A2168F600C000D20003FB02F23D
:102B100003FB00F003FB06F3C4E90702A3612046B0
:102B20004B6B9847284604B070BD024DCEE700BFFE
:102B3000D52301000EFCFFFFF8B504460E461746EC
:102B40001946BDF81C20BDF81850FEF7E5FF084BEC
:102B5000A4F84450C4E9127623602046FFF7D6FE5D
:102B600018B9E38843F48053E3802046F8BD00BFE2
:102B70002CBA010003681B6B184700BF10B5034B4C
:102B800003600446FFF7C8F9204610BD7CBA010077
:102B900010B5054B03600446FFF7BEF9204607F069
:102BA00025FC204610BD00BF7CBA0100034611B9C8
:102BB0000368DB6A1847406CB3F84C10036810B424
:102BC0005C6A6B22A44640235DF8044B604700BF5B
:102BD000816CC3880A68F0B55268334C43F4804373
:102BE000A24287B0C38003D10025284607B0F0BDBC
:102BF00004460846904701280346F5D1606CB4F8B6
:102C00004C10026801930E230093D56A02AB3B225D
:102C1000A8470546002844D19DF80E609DF80F3066
:102C2000BDF80800BDF80A10BDF80C20BDF810C0B2
:102C3000BDF8127043EA062340BA49BAC0F30B103C
:102C4000C1F30B111BB2C4E90301184EBDF8140007
:102C500052BA03EB8303C2F30B125B00626186FB83
:102C6000036104F10C02DB17C3EB211346BA9CFA93
:102C70009CFC07CA7FBA1FFA8CFCBFB2C4E914C718
:102C800003F645632768A4F84E30B6B204F1180382
:102C9000A66583E807007B6B20469847284607B067
:102CA000F0BD034DA1E700BFD52301007978787806
:102CB0000EFCFFFF10B5436CB0F84C101C6884B0DC
:102CC0000122CDE900221846E46A0DF10F037522B6
:102CD000A04728B99DF80F00C0F3450004B010BD0F
:102CE0004FF6FF7004B010BD38B50446406CB4F820
:102CF0004C1002688023556A6B22A8471420FEF707
:102D0000DDFB606CB4F84C1003686B225D6A002335
:102D1000A847606CB4F84C1003681A225D6A01235E
:102D2000A847606CB4F84C1003681B225D6A182336
:102D3000A847606CB4F84C10036819225D6A202320
:102D4000A847606CB4F84C10036837225D6A3023E2
:102D5000A847606CB4F84C10036838225D6A012300
:102D6000A8472046FFF7A6FF01460248FEF730F8C5
:102D7000002038BD64BA01002DE9F041BDF81C60A7
:102D8000BDF8185004468846174619463246FEF7E5
:102D9000C3FE6D0000231421022209482060A4F81C
:102DA0004C50C4E91187A6802181A272C4E9143372
:102DB000A365E3802046FFF797FF2046BDE8F0813A
:102DC0007CBA010082B08DE80C00014802B0704767
:102DD00016FCFFFF002070470029806905DD08B957
:102DE00004E010B10139406AFBD17047704700BF61
:102DF00082B070B50C4684B005464968206802ACC4
:102E000003C4039908AC481084E80C00CB0745BF05
:102E10002A58029B029CD4580AAB2E1893E8030050
:102E20008DE8030008AB0CCB3046A04704B0BDE8EA
:102E3000704002B0704700BF002971D0F0B58469BE
:102E400085B00D4606463CB966E0A388980708D5CC
:102E5000914219D0646A14B3AB8821682A689F072D
:102E6000F3D49142F6D1A268AB689A42F2D1EA68F3
:102E7000E3689A42EED1A3881A0402D5C3F30E0385
:102E8000A380294805B0F0BDA968A06801F0ECF85E
:102E90000028DFD0EA68E3689A42DBD1EBE7D6F896
:102EA00018C02A88BCF1000F2ED06046634600E0AF
:102EB0000B461C88944211D2596A18460029F7D152
:102EC00063451DD0596A69625D62012340F2FD319C
:102ED000684600F01BFF002005B0F0BD1ED16F88D2
:102EE0005988B94204D319E04888B842E8D20B4661
:102EF000596A0029E4D00888A042F5D06345E1D1A1
:102F000019888A4202D26B62B561DEE7DAD158884D
:102F100069888842D6D9F6E70A88F5E70346CFE7FD
:102F20006FF47A70704700BF16FCFFFF002943D092
:102F3000F0B5846985B0002C3BD00D46204F0026AB
:102F400005E0A268AB689A420DD0646A04B3AA880F
:102F5000A38853409907F8D49207F2D5A968A068CE
:102F600001F082F8D0B12B88E3B96B8813B1628885
:102F70009A42EAD1A38822883B43A3804FF47F7111
:102F8000012368461E4400F0C1FE646A002CDED1B5
:102F9000002EC8BF20460CDD05B0F0BDAB889B07F6
:102FA000D3D4CEE722889A42CFD16B88002BDED1D2
:102FB000E0E76FF47A70EFE76FF47A70704700BF64
:102FC0000080FFFF2DE9F04183885F0782B006464D
:102FD00003D59D062DD4DC0638D443F00403B3801A
:102FE00006F1100506F1180815E0F368009395E85E
:102FF0000F00A047B388DA0618D5346AB4B194E854
:103000000F00276985E80F002046376207F0EEF9C8
:10301000FEF74AFAB388B46898070DD4D907E4D408
:1030200095E80F00A047B388DA06E6D423F004033E
:10303000B38002B0BDE8F08198E8030095E80C0089
:103040008DE80300204600F0F7FFD3E700F11803F6
:1030500093E803008DE8030006F110030CCB304623
:10306000FEF7D2FCE5E700BF70B51C4B8CB003F156
:103070000802283304460260C36006A800F066FE1A
:103080000F231820029307F0BAF90025144A009282
:10309000064601956A46034603CA46F80C4B114A98
:1030A000DD60049375605A6158609960204602A9FA
:1030B0001223ADF80C300595CDE90A55FFF736FF20
:1030C00002A8FEF797FC084B658204F10C00E36050
:1030D000FDF7E6FC20460CB070BD00BFCCBA010085
:1030E00071330100F12D0100A8B70100A0F10C001F
:1030F000FFF7BABF10B50446FFF7B6FF204607F04A
:1031000075F9204610BD00BFA0F10C00FFF7F2BF1B
:10311000F0B5254B254A02600025044683B0C0E97E
:10312000025305610C30FDF74BFC214B236003F18A
:103130002002E260A561C4E90755E584282007F074
:103140005EF90646103000F001FE1A4B336018207D
:1031500007F055F9184ACDE9002507466A460346A7
:1031600003CA47F80C4B154ADD604FF0C20C7D6076
:1031700058609960204631465A61C6E90235C6E971
:103180000855A6F804C0FFF757FE30B90C4B1A6873
:1031900002B91C60204603B0F0BD3046FEF72AFCA1
:1031A000304607F023F9F1E7A8B70100BCBA0100E7
:1031B000D4BA01000F00020071330100F12D0100AB
:1031C000400B002038B5044602F0F2FEE5692DB14F
:1031D0002B69E36133B1E38C013BE38402F0DAFE57
:1031E000284638BD2362F6E72DE9F041846934B3FF
:1031F000A388656A4FF000081A040746464606D4BD
:103200002646BDB12C46A388656A1A04F8D55B072B
:10321000F6D496B17562656ABB680BB120469847D3
:103220002046FEF7E7FB204608F1010807F0DEF82C
:10323000002DE7D14046BDE8F081BD61ECE7A04636
:103240004046BDE8F08100BF2DE9F0418469002CC3
:1032500044D016460D46DFF88C8001270CE0A38889
:1032600003F0C003A3F1C003B3FA83F35B09B342D5
:1032700015D00027646A4CB323882988994201D06D
:10328000002BF7D163886A889A4201D0002BF1D1D4
:10329000FDF780FF0028E2D10123B342E9D1B4F861
:1032A00004E01EF4004FE4D195E80F0004F1100C87
:1032B0001EF0400F8CE80F0002D1FDF76BFF40B904
:1032C0002046FFF77FFE646A002CD5D13846BDE862
:1032D000F08121464046FEF7ABF9CBE7012738469F
:1032E000BDE8F081C52F0100F0B5012287B004468A
:1032F000066A0D46FFF7A8FF10B9E38C092B01D928
:1033000007B0F0BD95E80F0002AD85E80F0018206A
:1033100007F075F806AB074613E9030095E80C00C3
:103320008DE80300384600F037FD02F041FE66B13B
:1033300033693B6137613B695BB1E38C0133E38403
:1033400007B0BDE8F04002F025BEE3693B61E761EC
:10335000F2E72762F1E700BF82B008B502A9C1E930
:103360000023FFF7C1FFBDE80840002002B070470E
:1033700082B038B5054604A981E80C00FFF734FF98
:103380002846FFF71FFF90B1044604E02846FFF7E8
:1033900019FF044658B1002221462846FFF754FF82
:1033A000204607F023F8FDF78FFF0028EED1BDE897
:1033B000384002B0704700BF024B1888421C1A8088
:1033C000704700BF0C02002010B5044B03600023BF
:1033D0000446C380FDF764FB204610BDA8B701007A
:1033E00010B5064B036000230446C380FDF758FB6D
:1033F000204606F0FBFF204610BD00BFA8B7010025
:103400002DE9F0410E4D05600025044645608846D3
:1034100017461E46FDF7D4FA0A482060C4E9028721
:103420002661A5622A4604F130000121FEF778F9F1
:1034300084F8405084F82C502046BDE8F08100BF4D
:10344000A8B7010050BB0100F0B5044683B00F4699
:10345000002964D0826AD2F80C32994228BF1F46F4
:10346000DB1BC2F80C3290F84030781E73B3A36AAD
:1034700003F108010FB303F11005D3F8FC21561C2A
:10348000C3F8FC611378A26A03F00F0684361B119F
:1034900052F8262045F8082CA26A8433013852F8E5
:1034A000233045F8043C421C05F10805A36AE4D129
:1034B00001EBC70703F108017F1AA0681B4B0568E1
:1034C00000943A466C68A04703B0F0BDA56A05F1C8
:1034D0000801002FF1D000EB400005F10E0C8444F0
:1034E00005F10B0300E0A56AD5F8FC21561CC5F8D0
:1034F000FC6112788432033355F8222003F8062C3D
:10350000150A120C03F8055C03F8042C9C45EAD15B
:10351000A36A03300F1803F108017F1ACDE740F2C8
:103520008D30FBF72DFEA16A0831C6E76D3701002B
:103530002DE9F041826AD2F80C328B4238BF23F079
:10354000030182B00646002900F08B805B1AC2F8A6
:103550000C32836A90F84050D3F8FC41890803F597
:10356000047003F10802002D4CD0002900F0838084
:10357000283304EB810554F804CB0CF00F07CCF38F
:10358000031E50F8277043F8207C50F82E7043F843
:103590001C7CCCF30327CCF3033E50F8277043F890
:1035A000187C50F82E7043F8147CCCF30347CCF30E
:1035B000035E50F8277043F8107C50F82E7043F8E3
:1035C0000C7CCCF303674FEA1C7C50F8277043F85F
:1035D000087C50F82C7043F8047CAC4203F12003C3
:1035E000C9D1B36A02EB4112C3F8FC51B068B16AA9
:1035F0000368009608315C68204B521AA04702B05D
:10360000BDE8F081B9B3143304EB810554F804CB61
:10361000CCF3072E5FFA8CF750F82E8050F8277005
:10362000CCF3074E47EA086743F80C7C50F82E703D
:103630004FEA074E4FEA1C6C4EEA182E43F808EC8E
:1036400050F82CC03F0C47EA0C27AC4243F8047CEE
:1036500003F10C03DAD101EB410102EB8102B36A01
:10366000C2E740F28D30FBF78BFDB36AD3F8FC5113
:1036700003F10802B8E72546B6E700BF6D37010041
:10368000836A73B110B593F8043204461BB907E09E
:1036900093F8043223B1FDF707FFA36A002BF7D19B
:1036A00010BD70472DE9F04100F114078F42044628
:1036B000154602D03846F9F75FFE2069194E0368B7
:1036C0001B68B34221D1E06818B103681B68B3429C
:1036D00021D1A068036839461B68012298472069F8
:1036E00003681B68B34213D16A1E002A05DDA06877
:1036F000036804F115011B689847E06818B1036876
:103700001B68B3420AD1BDE8F08100219847DAE78F
:1037100001219847E8E700219847DAE70121BDE851
:10372000F0411847792601000346002908BF2C21E3
:1037300070B503F8141F044619460122FFF7B2FFC3
:103740002069094D03681B68AB4206D1E06818B1D7
:1037500003681B68AB4203D170BD01219847F5E7B0
:103760000021BDE87040184779260100F8B5846A49
:10377000D4F80872064687B3002104F108054FF417
:10378000FA72C4F808122846FAF788FF3B1F07F1BF
:103790003C00E21D53F8041FC1F3854102F8011FEC
:1037A0001968C1F3852182F8201019688342C1F39A
:1037B000850182F86010EDD12D213046FFF7B4FF6E
:1037C000B068036829461B6880229847F06820B1DA
:1037D0000368374A1B68934259D1D4F80012002974
:1037E0004CD096F84020D4F80C32A2B9D4F8FC1191
:1037F000002B38D1F06820B103682D4A1B68934232
:1038000053D1B36A002283F8042206F13000BDE8E8
:10381000F840FDF7C7BFB3B923684A1CB1EB430FAB
:10382000C4F80022E6D26368D4F8FC1101335B08C7
:10383000D20758BFC91AC4F80C3258BFC4F8FC11DB
:10384000002BD7D00FE0D4F8FC1101F0030171B9BF
:10385000032B24D996F840303046DBB9A421BDE8CB
:10386000F840FFF765BE01F003010029F0D03046B3
:10387000C1F10401BDE8F840FFF7E6BD3046FFF7AF
:1038800053FFD4F800120131C4F80012A9E7012156
:103890009847A2E73E21BDE8F840FFF749BE194628
:1038A0003046BDE8F840FFF7CFBD01219847A8E7B3
:1038B000792601002DE9F843D0F8289004460E46F9
:1038C00015461F46B9F1000F30D004F13000FDF766
:1038D00031FF94F82C30002B5FD1A36A089AC3F80B
:1038E0000822A36A012283F80422A36AC3F8FC61B8
:1038F000A36A1D60A36A5F60A36A1744D740C3F838
:103900000C7294F840304BB1A36A00252046C3F8EE
:103910000052FFF72BFF2846BDE8F883A36AD3F8CF
:103920000C2205FB02F5C3F80C52EDE74FF4C26020
:1039300006F065FD4FF4C262A06249468046FAF780
:10394000ADFE94F8403093B108F503734946CA00C0
:1039500042EAE10241EA411042EA002292B2013118
:1039600042EA0242102943F8042FF0D1ADE708F5EE
:10397000037003F00F02191102EB022E01EB011C80
:1039800002EB0E1201EB0C21013342EA0122B3F5E6
:10399000807F40F8042FECD197E70148BCE700BFD7
:1039A00012FCFFFF90F82C308B422DD030B504462E
:1039B00083B00D46C9B1836A102101228DF807102A
:1039C00080F82C2023B907E0FDF76EFDA36A1BB138
:1039D00093F80432002BF7D1204601220DF10701A4
:1039E000FFF760FE002003B030BD02A9112301F8EB
:1039F000013D0122FFF756FE7820FDF75FFD002014
:103A000084F82C5003B030BD002070472DE9F843F6
:103A100007460B4600F1150800F114090FE03A754E
:103A20005C7824F080052A46F9F7A6FC6A1C494612
:103A30003846FFF737FE220606EB050307D41A784F
:103A40009E1C31464046002AE9D1BDE8F8835C1C43
:103A5000705DFDF733FD2346F1E700BF38B504463E
:103A6000C06890B103680F4D1B68AB4216D1206946
:103A700003681B68AB420ED10A20FDF71FFD2046EC
:103A80000949FFF7C3FF002038BD2069054D0368D1
:103A90001B68AB42F0D001219847EDE70121984720
:103AA000E5E700BF7926010010BB010070B584B0C6
:103AB000013B089C8DF802100B44013C14441D127C
:103AC0008DF804300B1211128DF8035026128DF868
:103AD00001308DF80A202A238DF80C408DF809104A
:103AE000044602A92B2505228DF808308DF80B60BD
:103AF0008DF80050FFF7D6FD204605226946FFF7F6
:103B0000D1FD04B070BD00BF30B583B0130C150AF1
:103B100014468DF805303622B123FF298DF8065062
:103B20008DF807408DF801108DF800208DF80430D5
:103B3000054603D002226946FFF7B4FD6FF07F43CC
:103B40009C4209D09DF80730FF2B28460CBF03226A
:103B5000042201A9FFF7A6FD03B030BD10B54068EF
:103B600082B00023046800936469A04702B010BDCE
:103B700030B5406885B00468089D01930023029524
:103B80000093A469A04705B030BD00BF014AC0E959
:103B90000021704774BB0100704700BF00207047D0
:103BA0000048704716FCFFFF0020704741607047D7
:103BB0004068704730B5447F85B0054634B1C06871
:103BC000E0B103681B68984705B030BD01690B6818
:103BD00068461B689847694605F1180000F038F9F7
:103BE000684600F02DF9012368462B77AA8A40F237
:103BF000FF3100F08BF8204605B030BD0048E3E708
:103C000012FCFFFF10B40170427043605DF8044B7A
:103C1000704700BF82B030B402AC84E80C000D469F
:103C2000034694E807009DF8144083E80700B4B108
:103C3000687818B149425242C3E901126A68022AFF
:103C400011D0032A2AD0012A22D0012C15D0022C0F
:103C500005D1D3E9011249425242C3E9011230BCF5
:103C6000184602B07047D3E90012012CC1F10001DF
:103C7000C2F10002C3E90012E9D130BCD3E900105F
:103C80009A68186052421846C3E9011202B07047A0
:103C9000D3E90021524219605A60D6E7D3E90012F5
:103CA000524259601A60D0E782B010B582B004ACBD
:103CB00084E80C000B78069C019304AB0CCB0094B9
:103CC0000446FFF7A7FF204602B0BDE8104002B04F
:103CD000704700BF30B50B4B1C6883B024B122681D
:103CE000094B15689D4201D103B030BD00F10802B7
:103CF000034692E803008DE8030020460CCBA8475A
:103D000003B030BD400B0020C52D010038B5018047
:103D1000428004461D46FEF78BFAC4E9020115B144
:103D20002046FFF7D7FF204638BD00BFD0B5DDE9FC
:103D300004679DF8183001800446C0E9026742809C
:103D40000BB1FFF7C7FF2046D0BD00BF10B5002361
:103D500003600446FEF76CFAC4E90201204610BD78
:103D600030B50B4B1C6883B024B12268094B156831
:103D70009D4201D103B030BD00F10802034692E834
:103D800003008DE8030020460CCBA84703B030BDEC
:103D9000400B0020C52D010082B038B5002504A9D4
:103DA0000560044681E80C00FEF742FA04AB0FCB35
:103DB000256184E80F002046BDE8384002B0704716
:103DC000F8B50546101D14461F460E46F4F70EFEC4
:103DD000286000F0B9F82B685C802EB12868314665
:103DE00004302246F9F7C8FA012F00D0F8BD286840
:103DF000224604300021BDE8F840FAF74FBC00BF6E
:103E0000014B0360704700BF7CBB0100002910B567
:103E1000044606DD13460A460021FFF7D1FF20467F
:103E200010BD024B0360204610BD00BF7CBB0100EB
:103E300010B504460868206000F040F8204610BD28
:103E400010B50446006800F057F8204610BD00BFCA
:103E500038B504460B680068984206D00D4600F05D
:103E60004BF82868206000F029F8204638BD00BFD4
:103E700038B5151E13DB04686288A8B290420ED8CC
:103E800033EA230328BF1346521B9A4204F1040469
:103E9000A8BF1A466019FAF701FC002038BD6FF47C
:103EA0007A7038BD002906DB03685A888A4202DB33
:103EB0005980002070476FF47A70704703884FF67E
:103EC000FF729BB2934215D0012B10B504460DD062
:103ED000DB070BD5BFF35B8FD4E85F3F0233C4E849
:103EE000523F002AF8D1BFF35B8F10BD1E20FBF7B5
:103EF00047F9EFE7704700BF03884FF6FF729BB2A8
:103F0000934218D0012B10B5044610D0DB070ED514
:103F1000BFF35B8FD4E85F3F9A1EC4E8512F00299E
:103F2000F8D1BFF35B8F9BB2032B05D010BD1E20D1
:103F3000FBF726F9ECE770472046BDE8104000F09B
:103F400001B800BFF4F7A2BB03230380704700BF92
:103F5000D0E9002303F10053013B10B402EBC3048A
:103F6000A24210D852F8333099420CD8A21A22F04B
:103F700007022346A21A03E053F8080D814202D833
:103F800093421C46F8D160685DF8044B704700BF4F
:103F9000D0E9002303F10050013802EBC0039A423C
:103FA00052F8300016D8814215D89A1A22F007022A
:103FB00010B49A1A03E053F8080D814206D89342D0
:103FC0001C46F8D118685DF8044B704720685DF80E
:103FD000044B704770477047D0E9002303F100504D
:103FE000013802EBC0039A4252F830001FD88142D8
:103FF0001DD89A1A22F007029A1A9342184615D031
:1040000010B453F8084DA14206D8934218460BD07D
:1040100053F8084DA142F8D900685DF8044B081A1E
:10402000B0FA80F0400970471868F6E71868081A77
:10403000B0FA80F04009704782B070B582B0044693
:1040400008A906A880E80C0003C9266865698DE800
:10405000030006AB0CCB3046211DA84702B0BDE8DB
:10406000704002B0704700BF08B502680B689A4202
:1040700001D0002008BD04311022043006F0E3F91D
:10408000B0FA80F0400908BD38B50446074B03601C
:1040900000254560FCF794FCE388054A258143F43C
:1040A00080532260E380204638BD00BFA8B70100DE
:1040B00088BB010010B5044B036000230446C38095
:1040C000FCF7EEFC204610BDA8B701000A7170474E
:1040D000704700BF6FF47D70704700BF4079704734
:1040E0004171704719B30B68934214D070B50E46F6
:1040F0001446054623B11A680E49126E8A420CD145
:1041000034B123680C4ADB6D93420BD100232B7131
:104110003460002070BD0020704718469047002C86
:10412000EFD1F5E72946002220469847F0E76FF4E3
:104130007A707047D1400100CD400100154A4369B3
:10414000914218D9144A914221D9013210B44FF04A
:10415000C86000249142C3F80045C3F8240503D188
:104160004FF0C462C3F8242506220020C3F80025BE
:104170005DF8044B70474FF0CC720021C3F8001576
:10418000C3F824250622C3F80025002070474FF00D
:104190008062F2E78FD003007F1A0600704700BFED
:1041A00010B5044606F022F9204610BDF0B585B0E2
:1041B00004AC066804F8012D9DF82C700097224687
:1041C0001F46366A012305460C46B04738B92B68AE
:1041D000009021463A469C6A0A9B2846A04705B0B3
:1041E000F0BD00BFC3688B4210B5044606D003691A
:1041F0008B4203D0237953B9002010BD23680022DD
:10420000DB6B1146204698472379002BF4D02368B6
:10421000054A9B6B9342204603D106F0E7F8002045
:1042200010BD9847E8E700BFA1410100C368002B1B
:104230003AD00369002B37D01A6870B504460121C3
:10424000184613689847E068036801211B6898477F
:104250000420FDF727FC0025E068036802219B6825
:104260009847014608BB206903681B6898470420EB
:10427000FDF718FC2069036801211B680D4498476D
:104280000420FDF70FFC092DE6D1E068036800214A
:104290001B6898470420FDF705FCE06803680121CE
:1042A0001B68BDE8704018477047002DEDD170BD08
:1042B00038B5044615460A4600F10C01FFF712FF17
:1042C0002A4604F110012046FFF70CFF6269E368FB
:1042D0000025C2F80055F3B12369E3B1012120465E
:1042E000FFF7FEFE0621E06801F0FEF806212069D6
:1042F00001F0FAF82046FFF799FFE0680368022111
:104300009B6898472069036802219B689847294663
:104310002046FFF7E5FE0A20FDF7C4FBD4E904239D
:104320009AB1107DE268AAB1147DC3F808054FF078
:10433000CC710622C3F80C450A20C3F82415C3F833
:104340000025FDF7AFFB002038BDE2684FF0FF30DD
:10435000002AE9D14FF0FF34E7E700BFF8B5044683
:104360001D4617460E4602F07FFE0022104B2360CA
:10437000C4E9022222615DB1284601F0D9FE6061E4
:1043800060B13A4631462046FFF792FF2046F8BD1D
:10439000012001F0EFFE60610028F2D15A20FAF707
:1043A000EFFE3A4631462046FFF782FF2046F8BD31
:1043B000B0BB01002DE9F04143698EB282B09A5939
:1043C0000546002A61D1D3F82441002C36D14FF0A4
:1043D0000108334F10E0D3F8482592B9632C54DC20
:1043E0000A20FDF75FFB6B699A59002A4DD1D3F87B
:1043F00024211ABBBC4221D0D3F850210134002A19
:10440000E9D1632CECDDD3F860213AB1D3F8002276
:10441000D10503D5D3F84821002A32D0D3F8602142
:10442000002ADDD0D3F800229205D9D5D3F8042193
:10443000002AD5D1C3F814801446D1E7D3F8C42498
:10444000C3F8C4240022C3F82421D3F82421019204
:1044500001220199134C1A625A6101E0013C16D005
:104460000A20FDF71FFB6B69D3F80431002BF5D050
:104470000D4CA86808B1FDF715FB204602B0BDE859
:10448000F081C3F81C801446AAE70024F1E72B68EA
:104490002A69DB6BE968044C28469847E9E700BFC6
:1044A00041420F00A08601000EFCFFFF70B444697A
:1044B000C1F34701C4F888150021C4F8041189B07C
:1044C000D4F804610696069EC4F82411D4F8246139
:1044D0000596059EC4F86011D4F860610496049EA8
:1044E000C4F85C11D4F85C610396039EC4F85011C3
:1044F000D4F850610296029EC4F84C11D4F84C6175
:104500009DF830500196019EC4F84425C4F8483502
:1045100075B14FF480720123C4F80022A360D4F86F
:104520004821DAB94FF4A47109B070BCFFF742BF5B
:104530004FF400720123C4F80022A360D4F848218C
:10454000A2B12362C4F84851D4F848310793079BBD
:104550004FF4827109B070BCFFF72CBF2362C4F81E
:104560004811D4F848310793079BDBE74FF4827179
:10457000DAE700BF70B54469C1F34701C4F8881594
:104580000021C4F8041188B0D4F804610696069E90
:10459000C4F82411D4F824610596059EC4F860116E
:1045A000D4F860610496049EC4F85C11D4F85C6190
:1045B0000396039EC4F85011D4F850610296029EEF
:1045C000C4F84C11D4F84C619DF830500196019E0E
:1045D000C4F83425C4F83835B5B94FF480520123F6
:1045E000C4F800222360D4F8482132B12362C4F811
:1045F0004851D4F848310793079B4FF4827108B0B3
:10460000BDE87040FFF7D6BE01232360D4F84821EF
:1046100092B94FF4AE710446FFF7CCFE08B108B072
:1046200070BD6369012220464FF4A471DA6108B0BD
:10463000BDE87040FFF7BEBE2362C4F84811D4F84D
:1046400048310793079BE4E70E4B03F12C0103F17C
:10465000380270B5C0E902120546036000F12C066D
:1046600000F13404043C2046FFF7EAFBA642F9D1EE
:10467000054B2B6000232846EB80FCF711FA2846F7
:1046800070BD00BFF8BB0100A8B7010070B5446958
:104690000D7D00234FF0FF3604EB83020133D2F887
:1046A0006015A94208BFC2F86065042BF4D1037CF1
:1046B00013B103689B699847002070BDA0F10C00FE
:1046C000FFF7E4BF0F4B03F12C0103F1380270B583
:1046D000C0E902120546036000F12C0600F1340423
:1046E000043C2046FFF7ACFBA642F9D1064B2B60F9
:1046F0000023EB802846FCF7D3F9284605F076FE28
:10470000284670BDF8BB0100A8B70100006A7047D9
:104710004369D3F8080570479FED1F7A07EE901A9A
:10472000C7EE277A10B4B0EE677ABEEECE7A17EEF7
:10473000101AB1F5004F29DB0023013341FA03F2CF
:10474000B2F5004FF9DA072B04DD144B5DF8044B8A
:10475000184670471C4612FA03F348BF0F331B116B
:1047600007EE903ADFED0C6A4169F8EEE77A002334
:1047700086EEA77AC1F80C45C1F808255DF8044B10
:10478000C0ED097A80ED087A18467047002417EECC
:10479000102A2346DFE700BF0024744900407AC492
:1047A0002DE9F843494D05600025456004460F4654
:1047B00016469846BDF82090FCF702F94448676118
:1047C00000F12C0200F13803C4E9022320602574B3
:1047D000657404F12C00FFF713FB04F13000FFF7C0
:1047E0000FFB63693B4F66630126A4F80490E56103
:1047F000657625852576A676E676C3F800554FF0D2
:104800008023C7E90033C7E9023341462046FFF75A
:1048100083FF6369304AC3F804550227042030211E
:104820009342C3F81075C3F84855C3F82855C3F828
:104830004C55C3F82C55A676E676C3F81465C3F834
:104840000002C3F8041320D0244A93422FD0244AF4
:1048500093420CD0606B016801224D68227604F10E
:104860000801C3F80025A8472046BDE8F8831D4A83
:104870001D4B92681D49C2F8C81004221C49C3F898
:1048800084215A6063698C60E4E7194A154B14600F
:104890009A681849C2F8B010A3F540634FF08052EF
:1048A000C3F880211A6063690C4A9342CFD10D4A44
:1048B0000D4B92681049C2F8C41002220C49C3F88B
:1048C00084215A6063694C60C1E700BFA8B701004A
:1048D000F8BB0100440B002000C001400010024062
:1048E0000020024000ED00E000E100E0494B010043
:1048F000540B0020294B0100394B010007EE901AA0
:10490000FEEECE7A10B417EE901AB1F5004F23DB0D
:104910000022013241FA02F3B3F5004FF9DA072A17
:104920001FDC14464169DFED106AC1F80C45C1F87F
:104930000835934048BF0F331B1107EE903AF8EE4D
:10494000E77A002386EEA77AC0ED097A80ED087A2F
:1049500018465DF8044B7047002417EE903A224643
:10496000E0E76FF47A73F3E700247449406A704714
:1049700043690020C3F81015704700BFC2768176E6
:10498000436939B93022C3F81415C3F80012C3F8CB
:1049900008237047012004213022C3F81405C3F80E
:1049A0000012C3F80423704770B590F9293004460B
:1049B00082B0C0696BB1626901235360D2F80431DF
:1049C000002BFBD0002565762585D0B9002002B0EC
:1049D00070BD0D46F0B9A37E002BF7D0637E002B8F
:1049E000F4D0E37E002BF1D163691C4903EB45153C
:1049F00008220123C5F82015C5F8242584F829309C
:104A0000E5E723680138E061DB69204698472846DE
:104A100002B070BD616B0B6805F10B061B6801A845
:104A200004EB8606984701A93046FFF711FA01A862
:104A3000FFF706FA04EB85026369D16AE26903EBCA
:104A400045150B1DC5F820354988531E4910012016
:104A5000C5F82415E36102B070BD00BF440B00200F
:104A600038B5C369817E01330446C36119B1637EE1
:104A700063B1002038BDFFF797FFC8B16369012219
:104A80009A60A37E002BF2D1002038BD0125657607
:104A900094F828102046FFF787FF94F828302B441D
:104AA0002B4084F828303BB9636901229A60E0E723
:104AB000E37E002BE5D0E1E7E3691BB900236376D1
:104AC000002038BD29462046FFF76EFF94F82830B5
:104AD000013303F0010384F82830002BEED1E3E723
:104AE000A0F10800FFF7BCBF38B54369D3F8102127
:104AF000044672B9D3F8143103B938BD002584F8DF
:104B0000285001212046FFF74FFF6369C3F8145175
:104B100038BD012380F828300021FFF745FF636985
:104B20000022C3F81021E5E7024B186808B1FFF72F
:104B3000DBBF7047540B0020024B586808B1FFF7E9
:104B4000D3BF7047540B0020024B986808B1FFF7A1
:104B5000CBBF7047540B0020032A26DC70B502F54A
:104B6000AC7642690B7D52F826209A421BD00B6826
:104B70000C4605461B6E08469847236800211B68B3
:104B8000204698476A692368217D42F8261020460E
:104B900005F10C01DB6D00229847E38843F0080320
:104BA000E380002070BD002070BD6FF47A70704704
:104BB000C088C0F3802070476FF47D70704700BFDD
:104BC00001610020704700BFF8B5C7688F4208D068
:104BD000054616460C4617B103681B6E98472671AA
:104BE000EC60F8BD10B5036804465B6C9847236819
:104BF00020465B68BDE81040184700BFF0B4047958
:104C0000A40728D5002922DB002A20DD002B1EDD89
:104C1000B4294FF47A74A8BFB42104FB01F10F4FFB
:104C200005680F4E2D6B8908A7FB017102EBD27747
:104C3000A3EB670304FB03F3890802FB013286FB45
:104C40000231D2172B46C2EBA111F0BC18476FF40A
:104C50007A70F0BC70470348FBE700BF176CC116C1
:104C6000D34D621016FCFFFFC08800F00500003035
:104C700018BF0120704700BF037D0B4A1F2B98BF50
:104C80004FF0A04203F01F03D2F81415012202FADC
:104C900003F30B4206D1C08800F00A00003018BFB1
:104CA000012070471046704700030050C08810F084
:104CB000030018BF01207047C08800F00C000030CE
:104CC00018BF0120704700BF03684FF47A729B6BD6
:104CD00002FB01F1184700BF08B50368DB6B98477A
:104CE000024BA3FB0030800908BD00BFD34D62100A
:104CF000027D0F4B202A38BF4FF0A04302F01F0265
:104D000003EB82030129D3F80027417122F00C0242
:104D100007D0022908BF42F00C02C3F80027002088
:104D2000704742F00402C3F800270020704700BF1C
:104D300000030050D0F8103521EA0301C0F818151F
:104D4000704700BFD0F810351940C0F818157047EB
:104D5000704700BF10B5044605F048FB204610BD63
:104D600038B503799A071ED5C3885B07044602D479
:104D700003681B6E98470D4B1868A0B101222146AD
:104D800001F03CFD054670B1E06810B1FFF7A6F9EF
:104D900018B9E38843F00403E380284601F0E2FCFD
:104DA000C0F30F1038BD024838BD00BF240C0020EE
:104DB00016FCFFFF70B52DED028BC38882B01B0778
:104DC000019137D51C4D1D4C286808EE101AFFF7CD
:104DD0009FFCF8EE487A08EE900A17EE901A2868C1
:104DE000FFF78CFDF8EEE88A04F1080623882868AE
:104DF00007EE103AB8EE478AFFF78AFC07EE900AF2
:104E0000B8EEE77A27EE087AC7EE287AFCEEE77A62
:104E100017EE903A24F8023BB442E7D1084B074919
:104E200018680822012302F079FC002002B0BDECD2
:104E3000028B70BD0348F9E7280C00202C0C0020E1
:104E4000340C002016FCFFFF38B5027D1B4B202AD6
:104E500038BF4FF0A04302F01F020125D3F81445DC
:104E600005FA02F2144224D10D460446D1B9C3F822
:104E70000C2518461146FFF765FF217D0F4B2029B1
:104E800038BF4FF0A043D3F81435134213D0236832
:104E900020461B6E9847236829461B682046984782
:104EA000002038BDC3F8082518461146FFF742FF19
:104EB000E3E7002038BD024838BD00BF00030050C2
:104EC00012FCFFFF38B5C3889B0704460D4614D576
:104ED000C06810B1FFF702F978B1227D012302F01A
:104EE0001F018B408DB31E491F2A8CBF0A464FF00D
:104EF000A0420020C2F8083538BD236820461B6E4A
:104F00009847217D164B202901F01F004FF0010228
:104F100038BF4FF0A0438240A5B9C3F80C25202923
:104F20000F4BE28838BF4FF0A04303EB800342F001
:104F30000202D3F8001741F00101C3F80017002066
:104F4000E28038BDC3F80825E9E705491F2A8CBF70
:104F50000A464FF0A0420020C2F80C3538BD00BF11
:104F600000030050C388DB0770B5044616D5C0683F
:104F700010B1FFF7B3F888B1237D2049202B38BF4B
:104F80004FF0A0410122D1F8101503F01F0302FADF
:104F900003F30B4214BF1046002070BD2368174D69
:104FA0001B6E20469847237DE0882168202B03F064
:104FB0001F0234BF4FF0A0432B4603EB820340F0A7
:104FC0000102D3F800074E6C617920F00300C3F8AA
:104FD0000007E2802046B047237D202B38BF4FF0EA
:104FE000A0450122D5F8101503F01F0302FA03F3C0
:104FF0000B4214BF1046002070BD00BF00030050DC
:1050000008B5C3881B070AD5064B1868FFF7AEFC26
:1050100007EE900AFCEEE77A17EE900A08BD024808
:1050200008BD00BF280C002016FCFFFF38B5036840
:10503000234A9B6A934204461DD1C588C5F3802547
:10504000C5B9E06810B1FFF749F8B8B1227D1D4B32
:10505000E1881F2A98BF4FF0A04302F01F0203EB24
:10506000820301F43062D3F8001721F44031C3F811
:105070000017E28038BD98470546E1E7E068E3881D
:10508000026843F480631268E380214690470E4B28
:10509000E1681B680BB103F10C05A942227D02D027
:1050A0000023E360D3E7094BFF25181D13F9011B0B
:1050B000914208BF03F8015C9842F7D1F0E700BFC6
:1050C000B14B010000030050280C00202C000020F0
:1050D00070B5044615464FF480760E4823710122C0
:1050E00000232F2D21812575E68020606271C4E99F
:1050F000033302D93220FAF743F8074A0749084B2D
:1051000042F825404FF000454022C1F804531A6090
:10511000204670BD3CBC0100600B002000600040D8
:1051200000E100E00379DB0755D5F0B5C388DA0666
:1051300083B00D46044603D5C3F3C023994223D060
:10514000236820461B6E9847012D23682ED05B688C
:105150002046984723682420DE6D05F050F900238F
:1051600022890746CDE9003321460123FDF75EFA87
:1051700007F10C0101222046B047E38823F40063C5
:105180009BB243F01103E380012DE0680AD038B1EF
:1051900050F80C3CDB690C3803B0BDE8F040184710
:1051A0000368FFDE0028F3D10368FFDE3420DE6DE4
:1051B00005F025F9094A40F6AC5307461268214626
:1051C00002F0D2F92A4607F10C012046B047E388E5
:1051D00043F40063D5E70248704700BF200C00206D
:1051E00016FCFFFFC188C1F3C021FFF79BBF00BFC2
:1051F00010B5044684B00A46002368462189FEF7AC
:1052000085FDE3684BB1029AD96ADA626846521AA0
:105210000023CDE90223FEF7A3FD04B010BD00BFBB
:1052200010B5C388590684B0044609D49A060DD433
:105230001B0603D523690BB10120984704B010BDAC
:105240000521FFF7D5FFE3889A06F1D50123022255
:1052500021896846FEF75AFDE388E9E710B5C3885F
:10526000590684B0044609D49A060DD41B0603D50A
:1052700023690BB10020984704B010BD0421FFF74B
:10528000B7FFE3889A06F1D50123032221896846F6
:10529000FEF73CFDE388E9E72DE9F04BD0F8204527
:1052A00084B0054674B3DFF890800E4601274FF0B6
:1052B0001F0BB4FA84FCABEB0C03991907FA03F249
:1052C00058F8219024EA0204B9F1000F18D0B9F877
:1052D000062012F0E00F05EB83030FD0D3F8002770
:1052E00082F48032C3F80027D3F8003713F4803FEC
:1052F00048461CD0FFF794FFB9F80620930508D460
:10530000002CD4D14FF0FF33C5F8203504B0BDE8F0
:10531000F08BFCF7FDF90028F2D00123052240F2C2
:10532000FF316846FEF7F2FC002CC0D1EAE7FFF738
:1053300095FFB9F80620E1E7600B002008B5094B9E
:10534000D3F87C2102B908BD0021C3F87C114FF0CD
:10535000A040FFF7A1FF20210348BDE80840FFF768
:105360009BBF00BF0060004000030050C38813F0E3
:10537000E00F70B504460D4640D05A060ED423F017
:10538000E003022D9BB218D0032D22D0012DE38023
:1053900004BF43F08003E380002070BD032D11D0D3
:1053A000E068036821461B689847E388002223F0E1
:1053B000E003022D9BB2E260E8D143F02003E380DA
:1053C000002070BD23F0E00343F04003E3800020A1
:1053D00070BD43F04003E380302005F010F8214613
:1053E000054601F0EDFEFCF723FF2368E86229463D
:1053F0002046DB6D01229847002070BD03685B6882
:105400009847237D114A1F2B98BF4FF0A04203F00D
:105410001F0302EB8301D1F8006726F44036C1F880
:10542000006758B1D1F8000740F44030C1F80007D8
:1054300001219940E388C2F820159EE7D1F80007C2
:1054400040F40030C1F80007F2E700BF000300504D
:1054500000B583B0042920D8DFE801F0100A0A0A59
:1054600003000368DB6A9847002003B05DF804FB83
:10547000FFF77CFF002003B05DF804FBC38803F056
:10548000F0031BB9084603B05DF804FB0368019103
:105490001B6E984701990846E7E76FF47A70E4E7D6
:1054A00038B5036804465B680D469847E3885B0699
:1054B00005D52946E068BDE8384001F00FBF2368F4
:1054C000084A5B6D93424FF00301204607D1FFF776
:1054D0004DFF2946E068BDE8384001F0FFBE98471F
:1054E000E7E700BF51540100072913D8027D0B4B99
:1054F000202A38BF4FF0A04302F01F0203EB8203C3
:105500000020D3F8002722F4E06242EA0121C3F828
:10551000001770476FF47A70704700BF00030050A7
:1055200010B4037D0C4A00290CBF00244FF44074D2
:105530001F2B03F01F018CBF13464FF0A04303EB5A
:1055400081030020D3F8002722F4E0622243C3F84D
:1055500000275DF8044B704700030050F0B5154C70
:10556000236883B0CBB1144D2E6816B1002003B070
:10557000F0BD382004F043FF2268104B104913247B
:1055800007460094FFF70CF93846314601222F6098
:10559000FFF7F4F9002003B0F0BD442004F02FFF22
:1055A000054602F07FF828460321256002F022F824
:1055B000D9E700BF340C0020280C0020000048422E
:1055C00000C0014003799B0760D5B1F5806F5FD2C1
:1055D000C3881A072DE9F04105460E4602D4036838
:1055E0001B6E98472C4F297D3A464FF0FF3400231D
:1055F00012F9010B884208BF1C460133042BF7D176
:10560000631C2FD0DFF8A880E86810B1FEF766FDB4
:1056100018B9EB8843F00803EB80D8F800001F4D61
:10562000FFF776F807EE906ADFED1D6A1D4AB8EEC7
:10563000E77AF7EE007AE7EE667A2946012307EE6D
:10564000100AB8EEC77A106867EE877A0822FDEE76
:10565000E77A17EE906A25F8146002F05FF80020F0
:10566000BDE8F0812846FFF779FF0F4BDFF8408057
:105670001C78297DD8F80000013404F00304224688
:10568000395529461C70FFF767FABDE70748704790
:105690006FF47A70704700BF2C0000202C0C0020A3
:1056A0000000803A340C00200E02002016FCFFFFA0
:1056B000280C002070B5174D2DED028B044608EE26
:1056C000101AFFF74BFF2868FFF750F9DFED127A49
:1056D00007EE100AB4EE677AF1EE10FA04D02868EB
:1056E00017EE901AFFF70AF9DFED0C7A9FED0A7AB0
:1056F0002368B8EE488A204628EE278ADB68C8EE81
:10570000077ABDEC028BBDE87040FDEEE77A17EE3C
:10571000901A1847280C002000409C460000804446
:105720001F4B026A9A4220D01E4B994209D94FF072
:10573000004143698B4202D00023416183760020FF
:105740007047194B99421FD8184B99421FD8184BD4
:1057500099421FD8174B99421FD8174B99428CBFBB
:105760004FF080614FF00071E3E7144B994202D98A
:105770004FF0A051DDE7A3F57403A3F51053994250
:10578000D2D94FF02061D4E74FF08041D1E74FF0FC
:105790000051CEE74FF08051CBE74FF00061C8E7F2
:1057A00000F00240FF117A00FF083D007F841E00D8
:1057B0003F420F001FA107008FD00300FF47E80101
:1057C000082A4FF000034176837614BF6FF47A7095
:1057D00018467047704700BF10B5044604F006FE37
:1057E000204610BD036AD3F8182182B100B500220B
:1057F000C3F8182187B0D3F81811436A01910199B1
:1058000033B14262806A984707B05DF804FB704785
:1058100001230322182102A8FEF778FAF4E700BF5B
:1058200070B5012104468176FEF75AFC236AA06810
:105830000021C3F80015002873D003681B6898473F
:10584000A068627E0368012A5B6C8CBF0221012183
:105850009847A368E0681D7D002867D003685B68EF
:105860009847E068627E0368012A5B6C8CBF022166
:1058700001219847E36820691E7D617E00285BD086
:105880000368012994BF002101211B6898472369FF
:10589000617E187D236A6269C3F808050139C9B2BF
:1058A0000229C3F80C55C3F81065C3F824259CBF22
:1058B000264A52F8211094F9182088BF00210025AB
:1058C000C3F8541542200721AA42C3F8C055C3F8B3
:1058D0000403C3F8001532DB02F1604202F56142B5
:1058E000E02382F8003394F91830002B13DB5909B8
:1058F000603103F01F030122154802FA03F340F858
:10590000213094F91830002B05DB03F01F015B09EF
:105910008A4040F8232020460121BDE87040FEF770
:10592000DFBBE0684FF0FF35002897D12069617E2A
:105930004FF0FF360028A3D14FF0FF30AAE7054B08
:1059400002F00F021344E0221A76CCE7A8BC010053
:1059500000E100E0FCEC00E070B5044616460A46A3
:1059600000F108011D46FEF7BDFB324604F10C01B3
:105970002046FEF7B7FB2A4604F110010025204619
:10598000FEF7B0FB2046A576FFF74AFF284670BD1C
:1059900038B504460498174DA1600021C4E90323DB
:1059A000256021716171C8B100F0C2FB2062D8B1DD
:1059B00000F004FC63692076B3F1805F1CBF4FF0F8
:1059C0008053636100220023A276206A63766362BB
:1059D0002246094900F026FC204638BD042000F08C
:1059E000C9FB20620028E3D15A20F9F7C9FB206ADD
:1059F000DEE700BFBCBC0100E55701002DE9F04720
:105A0000847E82B005468A46DDE90A8716469946B5
:105A10002CB3B6F5803F35D2B8F5803F32D22C6A30
:105A20000020C4F844A5C4F84865C4F83495C4F807
:105A30003885C4F81801D4F818310193019BC4F8D3
:105A40005005C4F840056FB1012240230C996F62E4
:105A5000A9622261C4F8043302B0BDE8F087FFF701
:105A6000DFFED6E703211820FBF79CFB2B6A012100
:105A700040221961C3F80423FBF716FD384602B033
:105A8000BDE8F0876FF47A70E6E700BFF0B585B047
:105A9000B2F5803F144606460F469C460A9D02D248
:105AA000B5F5803F09D363462246394630460A950C
:105AB00005B0BDE8F04001F0DFBA00240095CDE963
:105AC0000144FFF79BFF05B0F0BD00BF2DE9F04199
:105AD000DDE90664DDF82080C4B1B2F5803F0746F9
:105AE0008C4615469E4602D2B6F5803F0AD3CDE9D4
:105AF0000748069673462A4638466146BDE8F04197
:105B000001F0E6BABDE8F041FFF778BF6FF47A70B4
:105B1000BDE8F08130B585B000250122C17600F1E5
:105B20001C0300F11B01CDE9015500920446FFF76B
:105B300065FFA842ACBF207F014805B030BD00BF63
:105B40000AFCFFFF007A704790F910304901002BE2
:105B5000C9B207DB03F1604303F56143002083F81A
:105B600000137047034A03F00F031A440020117614
:105B7000704700BFFCEC00E090F91030002B11DB07
:105B80005A0910B460320A4C03F01F03012101FAD4
:105B900003F344F8223043695DF8044B01220020EE
:105BA0001A607047436901221A600020704700BFE5
:105BB00000E100E090F91030002B07DB03F01F003C
:105BC00001225B090249824041F8232000207047EE
:105BD00000E100E010B5036804461B6B9847636959
:105BE00001225A6000201A6110BD00BF90F91030E8
:105BF000002B0DDB5A0920320121064803F01F0358
:105C000001FA03F340F82230BFF34F8FBFF36F8FD9
:105C10000020704700E100E0012902D006D30229EC
:105C200002D14369C3F8041500207047436900227C
:105C3000C3F8042500207047437A013B99420FDCEA
:105C400010B44FF48033446901F5A87003FA01F1F0
:105C500044F820200020C4F804135DF8044B70477A
:105C60006FF47A70704700BF437A013B994211DCB0
:105C700030B4446904EB81054FF48033D5F8400516
:105C800003FA01F10244C5F840250020C4F80413CA
:105C900030BC70476FF47A70704700BF437A013BA5
:105CA000994208DC42694FF4803303FA01F1C2F8EB
:105CB0000813002070476FF47A707047032907D8E3
:105CC000DFE801F01710090243690322C3F8082531
:105CD00001720020704743690222C3F8082501724F
:105CE0000020704743690022C3F808250172002094
:105CF000704743690122C3F80825017200207047EC
:105D000010B5044B036000230446C380FAF7C8FEB5
:105D1000204610BDA8B7010010B5064B0360002354
:105D20000446C380FAF7BCFE204604F05FFB204621
:105D300010BD00BFA8B7010010B5034629B190F906
:105D40001020002A0CDA002010BDC288D107FAD535
:105D5000196822F00102DA808B6A9847002010BD92
:105D60005409084951F8241002F01F0221FA02F2E6
:105D7000D407E8D5C288016842F00102C2800B6BEB
:105D80009847E0E700E100E038B590F91030002BCB
:105D9000044611DA0025236820461B6B9847626988
:105DA0000123D360D368002BFCD11DB123682046AA
:105DB0009B6A9847002038BD5909044A52F821507F
:105DC00003F01F03DD4005F00105E4E700E100E01A
:105DD000B1F57A5F14D830B4002201254FF47A541B
:105DE00005FA02F3B4FBF3F3994205D3436930BCDF
:105DF0000020C3F8102570470132092AF0D1F5E7D9
:105E00006FF47A70704700BF70B590F91050036856
:105E1000002D04461B6B07DA984763690122DA6498
:105E2000D3F84C65304670BD69090A4A52F82160C2
:105E30009847636905F01F05012226FA05F5DA6423
:105E4000D3F84C65EB07EDD5236820469B6A98474D
:105E5000304670BD00E100E00E4BF0B453F8207006
:105E6000B7B100237E6918469C46012506EB8302E4
:105E700005FA03F4D2F84011013319B12043C0B23E
:105E8000C2F840C1042BF1D1FB680BB1F0BC18473C
:105E9000F0BC7047380C00200020FFF7DDBF00BFCA
:105EA0000120FFF7D9BF00BF0220FFF7D5BF00BF19
:105EB0000320FFF7D1BF00BF0420FFF7CDBF00BF15
:105EC000F8B52D4B03600026466004460D46174684
:105ED000FAF776FD29492A48277403238D42E660A4
:105EE0006561206063723CD0264A954230D002F54D
:105EF0008032954237D1244A204642F82340FFF7AA
:105F000075FE94F9103062690121002B5160116116
:105F100020DB03F1604303F56143402283F8002353
:105F200001231A464FF47A51092B02FA03F003F1C8
:105F3000010504D0B1FBF0F0B0F57A7F1AD86169A1
:105F40000322C1F810352046C1F808252272F8BD99
:105F50000223D0E70D4A03F00F031A4440231376BF
:105F6000DEE70123C7E70A4B9D4208BF0423C2D0E6
:105F70003346C0E72B46D7E7A8B7010000900040A2
:105F8000E8BC010000A00040380C0020FCEC00E060
:105F900000B00140054A1378013B5BB2002B01DDE4
:105FA000137070470023137062B670479E0C002078
:105FB00072B6024A13780133137070479E0C0020AA
:105FC00020BF70474FF0805130B44C6E086E0022F5
:105FD000234642EA00042046194630BC704700BF01
:105FE000BFF34F8F0549064BCA6802F4E0621343C2
:105FF000CB60BFF34F8F00BFFDE700BF00ED00E0B7
:106000000400FA05704700BF08B50B4B0122C3F826
:10601000402502210022930003F1A0430132202AEF
:10602000C3F80017C3F8001AF5D1FFF7EBFFBDE87E
:106030000840EFF757BA00BF00E001400048704742
:10604000000002204020F2F7D1BC00BF81637047FE
:1060500041637047C1637047C06B7047EFF30880BE
:10606000704700BF406B7047C0E900128360704703
:1060700070B5094D094CAE68204631464FF4807228
:10608000F7F77AF9AC60AB68054831462246BDE8BF
:106090007040FAF79DBE00BF00ED00E00004002054
:1060A00040BD01002DE9F0471D4D2C6882B08146AE
:1060B0000F4690466CB11B4E494620460022FEF723
:1060C0004BFD30684246394602B0BDE8F04700F06B
:1060D0008FBD302004F093F9124E824600F056FD39
:1060E0003820C6F800A004F08AF94FF0130C0E4BCC
:1060F000CDF800C0824632680C49FEF751FB2246BB
:1061000050460121C5F800A0FEF738FC214628685A
:10611000FEF72EFC04492868FEF7FEFA2C68CBE750
:10612000540C0020500C0020005043490020024035
:10613000F0B40E4F0E4E3C680523012505FA03F21C
:10614000224203EB430103F1FF3303D156F8211040
:10615000814205D05A1CF1D100210846F0BC70479D
:1061600022433A600846F0BC704700BF580C00203C
:1061700060BD0100F0B40F4FDFF83CC03C686246E0
:106180000523012505FA03F1214202D1566C304264
:1061900007D1013B591CA2F10C02F3D10020F0BC45
:1061A000704703EB430321435CF823003960F0BCE4
:1061B000704700BF580C002060BD010008B5174BA8
:1061C000984218D0B0F1402F1ED003F5003398420A
:1061D0001CD0A3F5043398421AD003F53433984207
:1061E00018D0A3F5E043984216D05A20F8F7C8FF1C
:1061F0004FF0FF3008BD0023094A03EB430302EBD5
:10620000830393F9040008BD0123F5E70223F3E7B4
:106210000323F1E70423EFE70523EDE70030004017
:1062200060BD010038B5184B98420D46144620D089
:10623000B0F1402F1FD003F5003398421DD0A3F5D5
:10624000043398421BD003F53433984219D0A3F598
:10625000E043984208BF052304D05A20F8F790FF86
:106260004FF0FF33094A0A4842F8235040F82340D0
:1062700038BD0023F6E70123F4E70223F2E7032306
:10628000F0E70423EEE700BF003000405C0C002084
:10629000740C0020024A034B10681B68184700BFAB
:1062A000740C00205C0C0020024A034B50685B68B1
:1062B000184700BF740C00205C0C0020024A034BFE
:1062C00090689B68184700BF740C00205C0C00208D
:1062D000024A034BD068DB68184700BF740C0020EB
:1062E0005C0C0020024A034B10691B69184700BF71
:1062F000740C00205C0C0020024A034B50695B695F
:10630000184700BF740C00205C0C0020002815D03A
:10631000006041608260C360046145618661C7615D
:10632000444604624C464462544684625C46C462FD
:10633000644604636E46466374468463002906D04F
:10634000C46B043C043925680D60B442F9D1946BE8
:10635000A646566BB546002B06D0D46B043C043BD6
:106360001D682560B442F9D1146BA446D46AA346D3
:10637000946AA246546AA146146AA046D7699669EF
:1063800055691469D3685168106892687047006055
:1063900041608260C360046145618661C7614446B3
:1063A00004624C464462544684625C46C46264465D
:1063B00004636E46466374468463C46B043C0439CC
:1063C00025680D60B442F9D1C769866945690469D9
:1063D0007047006041608260C3600461456186610E
:1063E000C761444604624C464462544684625C463B
:1063F000C462644604636C464463744684630469FF
:106400007047846BA646446BA546046BA446C46AD9
:10641000A346846AA246446AA146046AA046C769A4
:10642000866945690469C368826800684168704785
:106430000649074A074B9B1A03DD043BC858D05056
:10644000FBDC00F0EBFBFFF7DFFD0000B4C5010053
:106450001000002000040020FEE7FEE7FEE7FEE754
:10646000FEE7FEE7FEE7FEE7FEE7FEE7084B094A28
:106470000321C3F80815D2F80034DB07FBD401234D
:10648000936090F80832002BFBD10120704700BFC9
:1064900000F001400070004010B5898A04460022D7
:1064A000FDF7B4FC20464FF0FF3300228821FDF7B2
:1064B000DFFC204610BD00BF38B504468069036884
:1064C00000219B6B9847A06903684FF47A51DB6CFD
:1064D00098472269A17D07EE902A01290B46F8EE24
:1064E000677AB8BF012303EB8303B3EE007AB2FBF4
:1064F000F3F3FF2B67EE877A2FD9802300225B10FE
:1065000002F10102FBD101293AD92649072AC1F833
:10651000F4352BDD9FED247A67EE877A4FF4807295
:10652000C4F80422A069FDEEE77A03680021DB6B62
:1065300017EE902A9847A3691C4A5B691C48012101
:1065400003F5A0740225C3F80012C2F80855C2F87A
:106550001845C2F81C05D96038BD5B10CED10129A1
:106560001DD910490122C1F8F435D9E7012303FAF6
:1065700002F207EE102AB8EEC77AC7EE877ACFE7A5
:106580000123934007EE103AB8EEC77AC7EE877A38
:1065900004490123C1F8F425C4F80432C2E71A46BD
:1065A000F6E700BF007000400000803B00F00140B3
:1065B00004700040F0B5514D51492B68514C524A7E
:1065C00085B0012600930B68019323680293002392
:1065D000136017681660009A2A60019A0A60029A8E
:1065E0002260A1F2446103222324C1F800351F4632
:1065F000C1F8F0258E46C1F804431A469C468375BF
:10660000064617E0CFB2877596F8353096F8331006
:1066100096F8344043F480530EEB011143EA04230F
:10662000082AC1F8183506F13C06C5F81025C5F84A
:1066300014C51CD013019C1A00EB840403F180459F
:1066400094F8324014F0100407F1010105F5E0451B
:1066500002F1010203F18043D4D103F5E043082A9B
:10666000C3F8104506F13C06C3F81445E2D117B94A
:10667000384605B0F0BD254D04460126C5F8006535
:10668000FFF71AFFE77D7F3704EB870703A8214652
:10669000FFF702FF03A93846FDF7DAFB03A8FDF771
:1066A000CFFBD4F80422A17DE07DA38AB24001FB98
:1066B00002F204EB800093FBF2F702FB17329B1A05
:1066C000D0F8FC21124801F1004103EBD3730139EA
:1066D000043233410327C5F82C26C5F8303602EBC7
:1066E00041022E6048F68801C0F8047584F80862FB
:1066F00013889942FCD0012005B0F0BD40760040DF
:106700004476004048760040FC7F00400070004026
:1067100000F0014038B590F8083204460D465BB9E8
:10672000AB7D43F01003AB7594F8083213B92046E3
:10673000FFF740FF002038BDFFF798FEF0E700BFED
:1067400038B50D460446FDF75BFBFFF731FCEB7DEA
:106750007F3305EB83012046FDF77AFBFFF71AFC38
:10676000204638BD30B5837D13F0100483B002D1CC
:10677000204603B030BD044601A8A168FFF7E0FF42
:106780000023E57D1B481A4602F1510109014158D9
:1067900001B10133954202F1010228D0082AF3D158
:1067A000154B01990A1D48F68800D55A85421344B5
:1067B00012D0A5684988AD7D0A449A424FEA450542
:1067C00002D805E09A4203D92B4419888142F9D1B5
:1067D0005B1BB3F900302382248A01A824B2FDF7A1
:1067E0002FFB24EAE474A4B2204603B030BD013B81
:1067F0005B00D6E7007000402EF8FFFFF8B50E46AC
:106800000446097D19481546FDF7E6FBC8B1317D00
:106810001648FDF79DFB471EA5B13D01E91B890008
:10682000631893F83230DB0613D53368104ADB6DFA
:10683000934214D10023ED1B237304EB850404F170
:106840001C00F8BD3D01ED1B04EB850404F11C00A8
:10685000F8BD1C3121442046FFF75CFFE5E73046D8
:10686000002204F108019847EDE700BFA8BD010030
:10687000CD4001002DE9F04F857D847EED0685B089
:1068800005D54CB1013C847605B0BDE8F08F002CF5
:10689000F8D105B0BDE8F08F0F68B7F802804FEA75
:1068A00068089045F0DD043707EB480807EB42071E
:1068B00000E0A846A8F10205EC1B641094FBF3F677
:1068C00003FB1644002CF4D1B5F900200282827D2E
:1068D0009206D9D5012B064649D0B0F91210C068EE
:1068E0000A1DB84500EB020BB0F802A0CCD95D0040
:1068F00006F10C03A146019307E0B6F912305345A7
:1069000030D0B845C0D9B6F91210514504F1010490
:1069100013D0B7F9003099440E9B9C422F44ECD120
:1069200099FBF4F4ABF80040738A02331BB20024E5
:106930000BF1020B7382A146E1E70122B6F91410B4
:1069400003A8FDF763FA03A90198FDF781FA03A8EC
:10695000FDF776FAF26800237382B2F802A002F122
:10696000040BD6E706F11C00FDF724F9C9E70C304B
:10697000FDF76EFAF3685B88738206F11C00FDF781
:1069800019F981E72DE9F0433B4BD3F8042185B099
:1069900005461AB9D3F81431002B42D095F8178068
:1069A000354F08F1010303F00103EB75D7F83416F6
:1069B00008F17F0805EB8808490040460024FDF7F0
:1069C00071FA264605F11C0902E00134082C1DD09D
:1069D00004F151031B01FB58002BF6D0414603A8DC
:1069E000FDF726FAD5F80422AB7D0092C4EB041023
:1069F000324609EB800003A9FFF73CFF013403A8EE
:106A0000FDF71EFA082C06F10106E1D11A4BD3F866
:106A1000042112B10022C3F80421174BD3F814212A
:106A20001ABB154ED6F80031E3B1EC7D013404F009
:106A3000010404F17F07294605EB870703A87E348C
:106A4000FFF72AFD05EB840503A93846FDF700FA98
:106A500003A8FDF7F5F96B6800220433C6F82C365D
:106A6000C6F8002105B0BDE8F0830022C3F8142168
:106A700085F80822D5E700BF00700040024B186877
:106A800008B1FFF77FBF70478C0C00208161704711
:106A9000012070472DE9F84F0B698C6803F16406FB
:106AA0000746A6424FF0010288462146B8BF264657
:106AB000FDF7ACF9D7F80090B9F8024004344C4423
:106AC00009F1040294425ED9D8F814C04FF4004E84
:106AD000634648F2050A2AE0D8F8101001F13200A6
:106AE0009842A3F1320101F007058B4621DB002912
:106AF000B8BFA3F12B0BD8F80C0049424FEAEB0BBF
:106B000001F0070158BF4D4210F80B10C5F1070501
:106B100041FA05F515F0010F48F20C0108BF514686
:106B20001180023201339442C8F8143009D9312B54
:106B3000D2DCA2F800E0023201339442C8F81430EB
:106B4000F5D8A4EB0904053C0CF1010C0CEB540442
:106B5000B44205DB98F81C3073B93846BDE8F88FAD
:106B6000D8F8180003681B689847D8F81430B34267
:106B7000F0DA3846BDE8F88F08F12000FAF712FE87
:106B80003846BDE8F88FD8F81440E1E738B5054637
:106B9000094B45F8203B0446012100222846FAF71C
:106BA000BFFD00224FF480732846A261A360FAF76C
:106BB000C1FD204638BD00BFF8BD010038B585696C
:106BC00075B1002A0CDD04462868E160D20000217E
:106BD000237722610368616128469847237F03B9C0
:106BE00038BD04F12000BDE83840FAF7A3BD00BF6E
:106BF0000123FFF7E3BF00BFBFF34F8F0549064BEB
:106C0000CA6802F4E0621343CB60BFF34F8F00BF4A
:106C1000FDE700BF00ED00E00400FA0508B57F4B7A
:106C20001A68511C28D07E4B0D2A1B6800F09A80F0
:106C30007A4A12680D2A40D07A4AD2F8883043F452
:106C40007003C2F88830BFF34F8FBFF36F8F4FF0E0
:106C50001023D3F80C22D20700F1BF80D3F8002212
:106C6000002AC0F29480D3F80432002BC0F28F8047
:106C70006D4B6E4A1A6008BD6D4A6E4B12781B68E8
:106C80000D2AC3F3031310D1012B6DD9684A694B48
:106C900012781B680D2AC3F3031306D1012B19D9EF
:106CA0005E4B1A68501C40F0B680614A614B127806
:106CB0001B680D2AC3F30313BED1012BBCD84FF0C0
:106CC0008043D3F80024D10744BF6FF00102C3F81A
:106CD0000024B1E74FF08052574BD2F80414C3F8A8
:106CE0002015D2F80814C3F82415D2F80C14C3F8F0
:106CF0002815D2F81014C3F82C15D2F81414C3F8C0
:106D00003015D2F81814C3F83415D2F81C14C3F88F
:106D10004015D2F82014C3F84415D2F82414C3F84F
:106D20004815D2F82814C3F84C15D2F82C14C3F81F
:106D30005015D2F83014C3F85415D2F83414C3F8EF
:106D40006015D2F83814C3F86415D2F83C14C3F8AF
:106D50006815D2F84014C3F86C15D2F84424C3F86F
:106D600070259DE7012B0CD82C4A4FF08043126808
:106D70000021C3F80C11C3F81011C3F83815531CC7
:106D800084D0274B0D2A1B687FF452AF86E72B4A2D
:106D90000123C2F80435D2F80034002BFBD04FF0A9
:106DA00010231221254AC3F80012D2F80034002B18
:106DB000FBD04FF010231221204AC3F80412D2F85E
:106DC0000034002BFBD000231C49C2F80435D1F855
:106DD0000034002BFBD0FFF70FFF184B0122C3F844
:106DE0000425D3F80024002AFBD04FF01021134BC8
:106DF000D1F80C2222F00102C1F80C22D3F80024B1
:106E0000002AFBD000210D4AC3F80415D2F8003443
:106E1000002BFBD0DFE704331B680BE730010010C9
:106E20003401001000ED00E0340000200090D00399
:106E3000E00F00F0E80F00F000C0004000E001406B
:106E40006FF47D70704700BF6FF47D70704700BFB6
:106E50006FF47D70704700BF6FF47D70704700BFA6
:106E600010B584B004AB046803F8012D0022009231
:106E7000246A1A460123A04704B010BD10B584B09F
:106E800004688DF80C20002200928DF80D30246AE1
:106E9000022303AAA04704B010BD00BF10B5012310
:106EA00084B00468CDE900330DF10F03E46AA04714
:106EB00008B99DF80F0004B010BD00BFF0B585B053
:106EC00004469DF82C508DF80F201F4602680E4690
:106ED00085B101230093156A0DF10F02A84738B957
:106EE000236800909D6A0A9B3A4631462046A8478F
:106EF00005B0F0BDD3699DF80F209847EFE700BFBC
:106F00002DE9F84F9DF82870002A3CD0002B3ADD7F
:106F100088460168DFF874901E468B684B458246B0
:106F2000144628D10D69DFF868B05D451BD12644B1
:106F300005E00134A6420AD0DAF800301D695D454B
:106F4000F7D0217850460134A847A642F4D117B1B2
:106F50000020BDE8F88FDAF80030DB684B450ED131
:106F60003846BDE8F88F5FFA88F15046A847DAF84E
:106F700000301D69DBE79847DAF80010D2E7504689
:106F800098473846E5E76FF47A70E2E7516E010002
:106F9000596E01002DE9F04F83B09DF83090002A22
:106FA0005AD0002B984657DD05689246AB682C4AAC
:106FB000934206463DD12B692A4FBB4241D1B8F1DD
:106FC000010F1BD0A8F102080AEB080B0AF1FF34ED
:106FD00005E00B2004F8010FA3450BD035686D695F
:106FE000BD42F6D000213046A847C0B204F8010FD8
:106FF000A345F3D108F101083568C2446B69BB426F
:1070000012D10B208AF80000B9F1000F03D0002044
:1070100003B0BDE8F08F3368114ADB68934217D1A3
:10702000484603B0BDE8F08F012130469847C0B212
:10703000E8E70191984735680A4F2B690199BB42EF
:10704000BDD041F00101C9B2304698473568B6E776
:10705000304698474846DBE76FF47A70D8E700BFC0
:10706000516E0100596E0100024A02600022027155
:107070004271704724BE01002DE9F84FDDF82890D9
:107080004A45904638BFC846B8F1000F1BD09B4612
:107090008A4605461746002406E0A14588BF0BF83E
:1070A0000400013444450ED02B68A74288BF1AF86B
:1070B00004101E6998BF00212846B0470028ECDA6A
:1070C0000248BDE8F88F0020BDE8F88F0AFCFFFFFA
:1070D00030B583B00468069D00956469A047044AF2
:1070E0000446DDE90701FAF7DDF8204603B030BDBC
:1070F0001D1601006FF47D70704700BF82B070B53F
:107100000C4684B005464968206802AC03C4039964
:1071100008AC481084E80C00CB0745BF2A58029BF6
:10712000029CD4580AAB2E1893E803008DE80300A4
:1071300008AB0CCB3046A04704B0BDE8704002B0AD
:10714000704700BF82B0D0B50699C16000F110044D
:1071500000260027C0E9086704A9204681E80C0042
:10716000FAF734FB2046BDE8D04002B0FAF7E2BAA5
:1071700082B038B5D0E9084504A981E80C0054EA8A
:10718000050303D1BDE8384002B070470446FBF761
:107190004FF8D4E908238B4208BF8242F2D2002381
:1071A00004F1100500200021C4E90801E36028462D
:1071B000FAF70CFB2846BDE8384002B0FAF7BABA35
:1071C00070B5044600250A4B036000F1100681608B
:1071D0002A460121304625716571FAF7A1FA304639
:1071E000E560E56284F82850FAF7A4FA204670BDFD
:1071F00060BE01002DE9F041044682B00E461546FE
:1072000010309846BDF82870FCF7A0FD26806580F8
:10721000182003F0F4F808AB054693E803006A462B
:1072200082E803002E4603CA46F80C8B0023084A66
:10723000EB6047F00207736068602046A780A56096
:10724000E360C4E90833A9606A6102B0BDE8F08177
:10725000FD7001002DE9F04385B0BDF838806BB3B7
:107260000C9C44B30F2902D1B8F1C00F26D10646B9
:1072700028201C460D46174603F0C1F80CAB81468A
:1072800093E803003A468DE803002346CDF80880D2
:1072900029464846FFF7AEFF33680E4A5B689342C3
:1072A0000FD14846FAF7A6FB484603F09FF80A4874
:1072B00005B0BDE8F0830D9CE407D3D46FF47A7079
:1072C000F6E73046494698470028EAD105B0BDE8C0
:1072D000F08300BFD108010016FCFFFF2DE9F04349
:1072E00090F8283089B004460D469BB1002D4FD14F
:1072F00000220023C4E908230023E36004F1100006
:10730000FAF718FAE0682F4B002808BF184609B0B2
:10731000BDE8F08380682C4A03685B6D93424CD1D2
:107320002A4B04934FF0000804AACDF81480284F8C
:10733000C688B0F808C03B68DFF89C9092E803006C
:1073400016F4807F4FF0C0068DE803000CBF0522C5
:1073500004226146184602962346FFF77BFF1D4B29
:107360003A68CDE9063808AB13E9030023468DE8F7
:10737000030002961046232142F21072FFF76AFFC3
:1073800099F8003063B1012384F82830002DAFD084
:10739000FAF74EFF421941EBE573C4E90823ABE766
:1073A0000093232242F2107342F210700021FAF788
:1073B0004FFF012389F80030E5E703219847A068D3
:1073C000AEE700BF11FCFFFFF57001004571010041
:1073D000400B0020717101009F0C0020F0B52B4B79
:1073E00081682B4ECD88B1F808C0376893B0002271
:1073F000CDE9063206AB80F82820044693E8030066
:1074000015F4807F4FF010058DE8030014BF0422AF
:10741000052223460295614608A8FFF7EBFE3B686C
:107420001C4D9B68AB4228D108A8FAF7E3FA1A4B27
:1074300004930023059304AB93E8030036681023FC
:107440008DE80300029342F210722346232108A81C
:10745000FFF7D0FE33689B68AB4212D108A8FAF759
:10746000C9FA002100230020C4E90801E36004F107
:107470001000FAF7ABF913B0F0BD384608A99847E9
:10748000D2E7304608A99847E8E700BF45710100F8
:10749000400B0020F10D01007171010090F82830BF
:1074A00010B504463BB923791BB1236820469B687D
:1074B0009847002010BDFFF791FFF4E790F82830BF
:1074C000044A10B5044602600BB1FFF787FF20465F
:1074D00010BD00BF60BE010090F82830054A10B50D
:1074E000044602600BB1FFF779FF204602F07EFFF1
:1074F000204610BD60BE0100C3889A0610B5044640
:1075000008D4406A03682146DB699847E38843F062
:107510002003E380DB0606D4D4E90A309842B4BFE6
:107520000020012010BD002010BD00BF10B5044692
:10753000406A074B026803F1080138332160E360B9
:107540002146136A98472046FAF74CFF204610BDA3
:107550006CBE010010B50446FFF7E8FF204602F0BC
:1075600045FF204610BD00BFF0B50C8983B0002553
:107570001E46174601232246CDE900550446FBF777
:1075800055F80C4B676203F13002C4E90A652360C9
:10759000E2602046FFF7B0FFAE4207DAE388A5625B
:1075A00043F010034FF4FA72E380E262204603B026
:1075B000F0BD00BF74BE010010B50446FAF732FFFB
:1075C000606A036821461B6A9847E38823F020031A
:1075D000E380002010BD00BFA0F10C00FFF7ECBF5E
:1075E00081627047806A003018BF0120704700BF79
:1075F0008068704781600020704700BFF0B5CB689D
:107600000D6A9D42A8BF1D460C4683B00122294643
:10761000064604F1100701A8FCF7F8FB01A938465B
:10762000FCF716FC01A8FCF70BFC2069A1692A46AF
:107630000430F5F7A1FEA269236A2A445D1B002DE0
:10764000A26125622BD1636A002BC4BF03F1FF3313
:10765000636293B1E36962692362002BA26104DD76
:10766000A06A03681B689847236A33B139463046DD
:10767000FCF7DEFB304603B0F0BD636A002BF5D1AA
:1076800094F82C30002BF1D004F13000FAF78AF88E
:1076900039463046FCF7CCFB304603B0F0BDDFDCAA
:1076A000E4E700BF38B504460C4B40F8103B04F14A
:1076B0003005FCF7A5FB284600220121FAF730F837
:1076C000002101224FF4807328462464A162C4E99A
:1076D0000223FAF72FF8204638BD00BFB0BE0100E4
:1076E00070B5856A9DF810608DB1002A0FDD73B109
:1076F000044628686362C4E90511036884F82C60B5
:10770000C4E907222846984794F82C3003B970BD85
:1077100004F13000BDE87040FAF70CB810B582B043
:1077200000240094FFF7DCFF02B010BD024B186884
:10773000BFF35B8F704700BF900C0020024B1868AE
:10774000BFF35B8F704700BF3800002030B5214A7F
:1077500021F00043934287B01BDD1F4A934205DDB1
:1077600002460B4601F002FF07B030BD02AAECF75B
:1077700023F900F00303012B11D0022B23D0DBB13E
:107780000124DDE90423DDE902010094EDF724F989
:10779000EAE700220023ECF7F7FB07B030BDDDE994
:1077A00004450093DDE9020122462B46EDF714F96A
:1077B00001F1004107B030BDDDE90423DDE902013C
:1077C000ECF7E2FBD0E7DDE90423DDE90201ECF7A9
:1077D000DBFBEDE7FB21E93FFFFFEF7F21F00043FB
:1077E0001946704730B51F4A21F00043934287B0D5
:1077F0001CDD1D4A934205DD02460B4601F0B6FE34
:1078000007B030BD02AAECF7D7F800F0030001285A
:10781000DDE9042312D002281CD0A0B1DDE9020169
:10782000ECF7B2FB01F1004107B030BD002300933B
:1078300000220023EDF7D0F807B030BDDDE90201EA
:10784000ECF7A2FBDCE70124DDE902010094EDF78F
:10785000C3F8D5E70124DDE902010094EDF7BCF897
:10786000E0E700BFFB21E93FFFFFEF7F30B5144A9F
:1078700021F00043934287B019DD124A934205DD9F
:1078800002460B4601F072FE07B030BD02AAECF7CB
:1078900093F8440004F00204C4F10104DDE9042378
:1078A000DDE902010094EDF74FF907B030BD012387
:1078B000009300220023EDF747F907B030BD00BF69
:1078C000FB21E93FFFFFEF7F334A21F00043934262
:1078D000D0B506460F460C460DDD02460B4600208D
:1078E0002E4902F025F9002F4FF000022B4B2EDB22
:1078F00001F03EFED0BD2A4A934207DD2749002011
:10790000002CF7DA01F100431946D0BDB3F1725FE4
:1079100020DB244A934226DDFFF760FF02460B4638
:1079200001F026FEEDF7F4FA00224FF0804301F05B
:107930001FFE02460B4600204FF0804102F0F8F88F
:1079400002460B460020154901F010FED8E701F071
:107950000DFED0BD0022114B01F00AFE32463B461F
:1079600001F0BCFFD0BDFFF739FF00224FF04043CC
:1079700001F0B4FFEDF7CCFA00224FF08043064649
:1079800001F1004701F0F4FD02460B46304639464E
:1079900002F0CEF8B4E700BFFFFFEF7F0000F03F3A
:1079A000FFFF3540FFFFEF3F70B5C1F30A56A6F267
:1079B000FF33132B0A4608DC002B1BDB0F4C44FA69
:1079C00003F3002022EA030170BD332B044607DDD8
:1079D000B3F5806FF8D102460B4601F0C9FD70BDCA
:1079E0004FF0FF33A6F2134623FA06F6114624EAB7
:1079F000060070BD002002F0004170BDFFFF0F00C7
:107A000000B585B0234A0190019B23F000439342C7
:107A10001DDDB3F1FF4F08DBDDED017A77EEE77A8C
:107A200017EE900A05B05DF804FB02A900F032FEE3
:107A300000F00302012A14D0022A22D0D2B101227E
:107A40000399029801F048FB07EE900AE8E700214D
:107A500000F078FF07EE900A17EE900A05B05DF887
:107A600004FB0399029801F037FB07EE900AF1EE50
:107A7000677AD5E70399029800F064FF07EE900A51
:107A8000CEE70399029800F05DFF07EE900AF1EE51
:107A9000677AC5E7D80F493F00B585B0244A019001
:107AA000019B23F0004393421EDDB3F1FF4F08DB3F
:107AB000DDED017A77EEE77A17EE900A05B05DF812
:107AC00004FB02A900F0E6FD00F00300012816D037
:107AD000022823D0D0B10399029800F033FF07EEBB
:107AE000900AF1EE677AE7E70022002101F0F4FA4C
:107AF00007EE900A17EE900A05B05DF804FB0399B3
:107B0000029800F01FFF07EE900AD5E701220399C3
:107B1000029801F0E1FA07EE900ACDE701220399FD
:107B2000029801F0D9FA07EE900AF1EE677AC3E7FE
:107B3000D80F493F2DE9F043DFF898808BB0044619
:107B40000D46E9F7DDFE98F90030013306460F4691
:107B50002BD022462B462046294602F059F9814671
:107B600018BB20462946FFF739FE0022164B02F0CB
:107B700045F9D0B1154B164801930122CDF820905C
:107B80000092CDE90445CDE9024501F0FBFA98F9F0
:107B90000030022BCDE906010CD0684601F0F0FA66
:107BA00040B1089B5BB9DDE90667304639460BB04A
:107BB000BDE8F08301F068FC21230360F1E701F0E8
:107BC00063FC089B0360EEE70000F03FD4BE0100B9
:107BD00048B401000F0200202DE9F0438BB00446A9
:107BE0000D46EAF7E1F8244B93F90080B8F1FF3F26
:107BF00006460F460ED022462B462046294602F066
:107C000007F9814630B900221C4B2046294602F074
:107C1000D7F820B9304639460BB0BDE8F0830022D2
:107C2000002301210091164ECDF8209010461946F0
:107C3000CDE90445CDE90245019601F079FFB8F19F
:107C4000020FCDE906010CD0684601F099FA40B167
:107C5000089B5BB9DDE90667304639460BB0BDE8E5
:107C6000F08301F011FC21230360F1E701F00CFC2B
:107C7000089B0360EEE700BF0F0200200000F03F0A
:107C8000DCBE01002DE9F043DFF898808BB004469C
:107C90000D46EAF715F998F90030013306460F460C
:107CA0002BD022462B462046294602F0B1F88146C9
:107CB00018BB20462946FFF791FD0022164B02F023
:107CC0009DF8D0B1154B164801930122CDF82090B4
:107CD0000092CDE90445CDE9024501F053FA98F947
:107CE0000030022BCDE906010CD0684601F048FABD
:107CF00040B1089B5BB9DDE90667304639460BB0F9
:107D0000BDE8F08301F0C0FB21230360F1E701F03F
:107D1000BBFB089B0360EEE70000F03FE4BE010000
:107D200048B401000F020020EAF7FABA2DE9F04F3B
:107D3000DFF8CCA08BB004460D46EAF7E1FB9AF9D8
:107D40000030013306460F4637D022462B462046E8
:107D5000294602F05DF8834678BB20462946FFF7A6
:107D60003DFD0022244B8046894602F03DF820B3B9
:107D7000404649460022204B02F040F89AF9006044
:107D800060B3CDE90445CDE902450121002200237D
:107D90001A4F0091CDF820B010461946019701F016
:107DA000C7FE022ECDE906010CD0684601F0E8F9C5
:107DB00040B1089B6BB9DDE90667304639460BB028
:107DC000BDE8F08F01F060FB21230360089B002BCE
:107DD000F1D001F059FB089B0360ECE70223089007
:107DE0000093064FCDE90445CDE9024520462946DA
:107DF00000220023D2E700BF0000F03FECBE0100EC
:107E00000F0200202DE9F04F8BB01D4606460F46AD
:107E1000144600F06DFA294B93F900A0BAF1FF3F28
:107E20008046894635D022462B462046294601F019
:107E3000EFFF70BB32463B463046394601F0E8FF63
:107E4000834630BB002200232046294601F0AEFFC6
:107E5000F8B11B4BCDF820B00122CDE90267CDE986
:107E60000445CDE90023BAF1000F17D0002200230A
:107E70001046194601F05CFEBAF1020FCDE9060189
:107E80000ED101F001FB21230360089B83B9DDE9DA
:107E90000689404649460BB0BDE8F08FCDE906673C
:107EA000684601F06DF90028EBD0089B002BEED05E
:107EB00001F0EAFA089B0360E9E700BF0F02002027
:107EC00000BF01002DE9F0438BB004460D46EAF7F0
:107ED000C7FD364B93F90060731C804689460DD070
:107EE00022462B462046294601F092FF30B9002257
:107EF00000232046294601F081FF20B14046494633
:107F00000BB0BDE8F0832A4B0890CDE90245CDE9DE
:107F100004450193DEB9274F4FF0604620462946BD
:107F200000220023CDE9066701F040FF002835D08C
:107F300002230093684601F023F9B8B1089BD3B936
:107F4000DDE90689404649460BB0BDE8F0831A4B8F
:107F50000022CDE90623204629460022002301F015
:107F600025FF68B102239E420093E3D101F08CFA11
:107F700022230360E2E701F087FA089B0360DFE752
:107F80000123022E00930BD101F07EFA212303601E
:107F90000A4801F0F7F8CDE90601CFE70123009385
:107FA000684601F0EDF80028F2D1EDE70F0200205D
:107FB00008BF0100FFFFEFC70000F0FF48B4010059
:107FC0002DE9F0438BB004460D46EAF715FF374B19
:107FD00093F90060731C804689460ED022462B46DA
:107FE0002046294601F014FF074630B9002200233D
:107FF0002046294601F0EEFE20B9404649460BB026
:10800000BDE8F0832A4B0897CDE90245CDE9044548
:108010000193DEB9274F4FF06046204629460022E3
:108020000023CDE9066701F0C1FE002835D0022308
:108030000093684601F0A4F8B8B1089BD3B9DDE914
:108040000689404649460BB0BDE8F0831A4B002232
:10805000CDE90623204629460022002301F0A6FE92
:1080600068B102239E420093E3D101F00DFA22236E
:108070000360E2E701F008FA089B0360DFE70123F1
:10808000022E00930BD101F0FFF9212303600B486E
:1080900001F078F8CDE90601CFE7012300936846A7
:1080A00001F06EF80028F2D1EDE700BF0F020020CA
:1080B0000CBF0100FFFFEFC70000F0FF48B4010054
:1080C0002DE9F0432B4E8BB080468946EBF798FEA6
:1080D00096F90030013304460D4603D001F04AF80A
:1080E000074620B1204629460BB0BDE8F083404644
:1080F000494601F03FF80028F4D01F4B96F90040A4
:1081000008970322CDE90023CDE90489CDE902894E
:10811000404649460022002364B901F06FFE4FF04B
:108120006042E8B1154BCDE90623684601F028F816
:1081300068B908E001F062FE002298B1104B022CF1
:10814000CDE90623F1D101F09FF922230360089BBA
:1081500053B9DDE90645204629460BB0BDE8F0835A
:10816000084BE0E7084BEAE701F08EF9089B036053
:10817000EFE700BF0F02002018BF0100FFFFEF472D
:108180000000F07FFFFFEFC70000F0FF2DE9F04F88
:108190008BB004460D4600F0BDF9294B93F900A0C1
:1081A000BAF1FF3F06460F4612D022462B46204624
:1081B000294601F02DFE834650B94FF000084FF0DC
:1081C00000092046294642464B4601F0F9FD20B9F8
:1081D000304639460BB0BDE8F08F0122194BCDF87F
:1081E00020B00092CDE90445CDE902450193BAF1F2
:1081F000000F17D042464B464046494601F098FCD6
:10820000BAF1020FCDE906010ED101F03DF92123AB
:108210000360089B73B9DDE90667304639460BB049
:10822000BDE8F08FCDE90689684600F0A9FF002877
:10823000EFD1EAE701F028F9089B0360EBE700BF04
:108240000F02002020BF010010B52DED028B8AB077
:1082500008EE100A00F06EFB234B93F90040631CFC
:1082600009D0B4EE488AF1EE10FA04D6B5EEC08A11
:10827000F1EE10FA03D40AB0BDEC028B10BD01235D
:108280001A4A009318EE100A00230192089301F095
:10829000CDFA0022CDE90401CDE902010023ACB101
:1082A0001046194601F044FC022CCDE906010FD11D
:1082B00001F0EAF821230360089B7BB9DDE90601A0
:1082C00001F004FE0AB0BDEC028B10BDCDE906231F
:1082D000684600F055FF0028EED1E9E701F0D4F838
:1082E000089B0360EAE700BF0F02002028BF0100DF
:1082F0002DE9F04723F0004E5EEA020620D07E4EC4
:1083000021F00048B04589461ADC564216437B4F9F
:108310004EEAD676BE42144612D8F0451D46944623
:108320008246074601F0004612DC0FDB90420DD377
:108330000ED1734BF60F03EBC603D3E9000105E042
:1083400001F0CCFA02460B4601F0F2FBBDE8F087E3
:10835000B8F5801F3BDB4FEA2852A2F2FF32BEF590
:10836000801F80F28F80BEF1000F40F09F80002CB4
:108370002346644904DD5B00002B01F1FF31FADC88
:10838000614B9A4270DBC9F3130343F480135E48D8
:1083900081425BDBC5F3130444F48014501A07E0F8
:1083A00052EA050321D0EB0F03EB42036F000138C3
:1083B0001A1BA7EB0C05F8B1674538BF02F1FF3275
:1083C000002AEDDAFA0F02EB43037F00EFE7B8F182
:1083D000000F5CD1BAF1000F53464A4ABFDD5B0083
:1083E000002B02F1FF32FADCB9E7454BF60F03EB45
:1083F000C606D6E90001A9E7674538BF02F1FF329A
:10840000002ABCBF3D461A4652EA0503EDD03F485C
:10841000824208DCEB0F03EB4202824201F1FF31A2
:108420004FEA4505F6DD384B99424EDA5B1A142BBC
:1084300054DC01F21E41DD4002FA01F142FA03F37D
:108440001E4341EA0502314610467FE7401A1F28C5
:1084500026DC01F21E450EFA00FE24FA05F504FAA8
:1084600000FC45EA0E0499E79F1A1F2F27DC02F251
:108470001E4308FA07F82AFA03F30AFA07F743EA51
:10848000080384E74FEA2E51A1F2FF3178E71E4A34
:108490004FEAC8235B00002B02F1FF32FADC5EE7F3
:1084A0001B4D6D1AAC404FF0000C77E716494FEAB0
:1084B000CE235B00002B01F1FF31FADC60E7144BA7
:1084C0009B1A0AFA03F3002761E7A2F5801216430C
:1084D00001F2FF3346EA0351284637E71F2B07DC3A
:1084E00001F21E4102FA01F125FA03F20A43AAE75A
:1084F000074B591A0A41A6E7FFFFEF7F0000F07F04
:1085000050AC0100EDFBFFFF02FCFFFFFFFF0F007F
:10851000E2FBFFFF5E4A8A432DE9F04104460D4627
:1085200000F0958000290B460646844656DD0F155F
:1085300000F0A580C3F31303A7F2FF3743F48013C1
:108540004FEADC72F80702EB43034FEA4C0504D50F
:10855000ED0F05EB43034FEA8C0500267F10B44670
:1085600016224FF400110CEB010098424FEAD5742B
:108570004FEA450503DC1B1A00EB010C0E44013ADF
:1085800004EB43034FEA5101EDD1104696462024F7
:108590004FF0004209E051D05B00013C03EBD57382
:1085A0004FEA52024FEA450537D0634502EB0E0110
:1085B000F1DD002901EB020E0ADBE046A3EB0C0320
:1085C000A94288BF03F1FF336D1A1044C446E3E7A4
:1085D000BEF1000FF1DB0CF10108EFE721F00042E2
:1085E000024329D0002942D10146CA0A153B490558
:1085F000002AFAD012F4801001D044E06046520004
:10860000D40200F1010CF9D5CCF1200401FA0CFCE4
:10861000E1401F1A41EA02038CE72B4321D14408B1
:10862000731003F17F53F20703F5001348BF44F0C2
:10863000004403EB07512046BDE8F081A942ABD8C6
:10864000002901EB020EC3DB98460023BCE702467B
:108650000B4601F043F922462B4600F089FFBDE8A6
:10866000F081411C16BF421C01365408D8E702466F
:1086700000F07CFF02460B4601F05AFADCE71A468E
:1086800031463B46B6E78C4620244FF0FF30BFE72B
:108690000000F07F70B5994A20F00044944286B003
:1086A0006BDD974A944206461CDC002824F00F0438
:1086B000DFED947A944A07EE100A64DD944277EE77
:1086C000677A00F0D5809FED917A77EEC76A012036
:1086D00077EEE67AC1ED006A77EEC77AC1ED017AEE
:1086E00006B070BD8A4A94420D4660DDB4F1FF4F7A
:1086F00080F2B480E215863AA4EBC25307EE903ABA
:10870000BDEEE77ADFED836AB8EEC77A77EEC77A17
:108710008DED037A67EEA67ABDEEE77AB8EEC77AFA
:1087200077EEC77A8DED047A67EEA67AF5EE407A99
:10873000F1EE10FACDED057A40F0CC80B5EE407A3E
:10874000F1EE10FA0CBF01230223734901910221BB
:10875000009103A8294600F07FF9002E11DA95ED6B
:10876000007AD5ED017AB1EE477AF1EE677A4042B0
:1087700085ED007AC5ED017A03E0002208604A60C9
:10878000002006B070BD944277EE277A00F08F800B
:108790009FED5E7A77EE876A4FF0FF3077EEE67AEC
:1087A000C1ED006A77EE877AC1ED017AE9E700F062
:1087B0007DFD9FED5A6A9FED535ADFED546A07EE37
:1087C000100AF6EE007AE7EE067AFDEEE77AB8EEEA
:1087D000E76A17EE900AF1EE465AF0EE477A1F2844
:1087E000E5EE857A26EE267A54DD77EEC76A16EE38
:1087F000903AE415C3F3C753E31A082B54DD9FEDF9
:10880000487ADFED486AB0EE675AA5EE875A77EEF0
:10881000C57AE5EE877AD6EE267A75EE676AB0EE0F
:10882000677A16EE903AC3F3C753E41A192C53DC57
:10883000C5ED006AF0EE457A77EEE67A002E77EE27
:10884000C77AC5ED017A9CDAF1EE666AF1EE677AD5
:10885000C5ED006AC5ED017A404292E707EE900A45
:1088600077EEE77A0020C1ED017AC1ED007A88E762
:10887000DFED2B6A9FED2B7A77EEE67A012077EE1B
:10888000C76A77EEE67AC1ED006A77EEC77AC1ED86
:10889000017A76E7421E244B53F8223024F0FF027F
:1088A0009A4277EEC76AA2D0C5ED006AC4E7DFED51
:1088B0001C6A9FED1C7A77EEA67A4FF0FF3077EEB8
:1088C000876A77EEE67AC1ED006A77EE877AC1EDC6
:1088D000017A56E7032338E7DFED146ADFED144A27
:1088E000F0EE457AE5EEA67A35EE677AA5EEA67A41
:1088F00096EE247A77EEC76AD6E700BFD80F493FD5
:10890000E3CB1640800FC93FD00FC93F43443537F2
:10891000800F49430000804338C1010084F9223FA1
:108920000044353708A3852EB8C0010000A3852E6A
:1089300032318D2407EE900AF1EEE77A17EE900AB5
:10894000704700BF20F00043B3F1485F06EE100A05
:1089500006EE901A2EDAFDEEC67A17EE903A002B4C
:108960005FD026EE067ADFED343A9FED344ADFED34
:10897000344A9FED345ADFED347ADFED345AA7EEF6
:10898000234AE7EE044AA7EE245AE7EE057AE7EE1B
:10899000275A65EE875A66EEC66AB6EE006AE7EEBB
:1089A000256AF7EE007AD7EE066A77EEE67A17EEDA
:1089B000900A704726EE067ADFED1F3A9FED1F4AB8
:1089C000DFED1F4A9FED1F5ADFED1F7ADFED1F5AC3
:1089D0001F4AA7EE234A9342E4EE074AA4EE875AC1
:1089E000E5EE077AE7EE875A65EE875AD3DD194A36
:1089F00093421BDC03F17F4307EE903AB7EE005A37
:108A000035EE675A66EEC66AB6EE006AE7EE256A8C
:108A1000D7EE067A77EEE67A75EE677A17EE900A69
:108A20007047F7EE007A17EE900A7047B6EE075AD5
:108A3000F5EE027AE6E700BF4ED747ADF6740F3188
:108A40007CF293B4010DD037610BB6BAABAA2A3DC4
:108A50009999993E0000483F2DE9F04F2DED048B88
:108A6000D7B003F1FF390293D31E48BF131DBA4C90
:108A7000649D0591DB1023EAE37354F825600393AA
:108A800003F10108A2EBC80816EB09028646A3EB26
:108A9000090316D41A449FEDB17A6598511C1AAA9D
:108AA000002BA4BF50F8234007EE904A03F10103C6
:108AB000ACBFF8EEE77AF0EE477A8B42E2EC017A4F
:108AC000EED1029B002E4FEA83044FEA860A1DDB9B
:108AD0001AAB181943AA7346191902EB0A0742ADDB
:108AE000F446B9F1000FDFED9D7A09DB02466346DB
:108AF000F3EC016A32ED017A8B42E6EE877AF7D128
:108B0000E5EC017ABD4200F10400EAD1AAF10803C4
:108B100006ADEB1804939FED939ADFED918A0096D2
:108B200005ABB34674449A4442AF76464FEA8B0392
:108B300056AA1A44BBF1000F52ED146A16DD07EB7A
:108B40008B02294666EE897AB0EE667AFDEEE77A08
:108B500032ED016AF8EEE77ABA42A7EEE87A77EEEC
:108B6000866ABDEEC77AA1EC017AEBD1414616EEDA
:108B7000900A019300F0F8FB08EE100AF4EE007A78
:108B800068EE277A17EE900A00F094FB07EE100AC1
:108B9000F2EE007AA7EE678AB8F1000F019BFDEEB6
:108BA000C89AF0EE487AB8EEE98A37EEC88A40F300
:108BB000C6800BF1FF3CC8F1080255F82C1041FAB1
:108BC00002F000FA02F2891A45F82C1019EE90CA48
:108BD0008444C8F1070209EE90CA41FA02F2002A61
:108BE00048DD19EE901ABBF1000F01F1010109EE09
:108BF000901A40F33682D5F800C0BCF1000F40F067
:108C00009B80BBF1010F20D0AE4601205EF8041F0F
:108C100000F1010C002900F09980E6468C4671466F
:108C2000CCF5807C8B4545F820C00CDD55F8210043
:108C30002B4405EB810100E00868C0F1FF0041F81A
:108C4000040B9942F8D14FF0010CB8F1000F0EDD82
:108C5000B8F1010F00F02E81B8F1020F07D10BF12E
:108C6000FF3155F8213003F03F0345F82130022A47
:108C700000F00981B5EE408AF1EE10FA40F08680EE
:108C8000009B0BF1FF3C63450EDC0BF18041013989
:108C900005EB8101002051F80439514540EA0300F9
:108CA000F9D1002840F00F81009B013B55F823309B
:108CB000002B40F0FC80049B4FF0010C53F804297A
:108CC0000CF1010C002AF9D0DC440BF1010EE64551
:108CD00030DC039B029A0EEB03015A4403EB0C0BAE
:108CE0001AAB01F1804103EB8202659B013903EB72
:108CF000810107EB8E0E03EB8B0B51F8043F9FEDC8
:108D0000177A07EE903AF8EEE77A1046B9F1000FBD
:108D1000E0EC017A09DB334601E072ED017AF3EC15
:108D2000016AA342A6EEA77AF7D15945AEEC017AC3
:108D30000246E2D1E346F9E60121002070E715D1B1
:108D40000BF1FF3255F82220121248E7E345604646
:108D50007FF45CAF8C4678E78CC401000000000013
:108D6000000080430000803B0000C93FF6EE007A1F
:108D7000B4EEE78AF1EE10FA80F25D81B5EE408A3A
:108D8000F1EE10FA4FF000023FF47AAFC8F10001A3
:108D900018EE100A0192009E00F0E6FA5FED106AEC
:108DA000019A07EE100AB4EEE67AF1EE10FAC0F27C
:108DB0005B815FED147A67EE277A0BF10103FDEE1C
:108DC000E77A08F10808F8EEE77AA7EEE67AFDEE12
:108DD000E77ABDEEC77A17EE101A45F82B1017EE9A
:108DE000901A45F8231041464FF07E50CDE90023FC
:108DF00000F0BAFA019B009A002B07EE100AC0F2AD
:108E00004A819F0042A907F1040E5FED2A6A0F44D0
:108E1000381D05EB0E0171ED017AF8EEE77AA942F3
:108E200067EE877A27EE267A60ED017AF3D10DF1AD
:108E3000B8081FED336AC44603F101090025002E6E
:108E4000C0F20481A24CDFEDA37A3846B0EE467A38
:108E5000002103E0A94208DCB4EC017AF0EC016ADD
:108E600001318E42E6EE877AF4DA01354D45ECECBD
:108E7000017AA7F10407E2D16499032955D8DFE804
:108E800001F0CAB7B75DF7EE007A37EEC88ABCF1D9
:108E9000000F3FF4EFAE17EE900A4146019200F04A
:108EA00063FA07EE900A019A38EE678AE2E64FF01D
:108EB000010C09E70BF1FF3155F8213003F07F0376
:108EC00045F82130D3E655F82C10009E6346A8F1F2
:108ED0000808002987D10CF18041013905EB810197
:108EE00051F80409013BA8F108080028F8D07AE7F6
:108EF000DFED787A002A40F0BF809DED2E7A05994B
:108F0000002BC1ED007A77EE677A0BDD2FA80121E7
:108F1000B0EC017A01318B4277EE877AF8DA002AD9
:108F200040F0B680059BC3ED017A19EE903A03F04C
:108F3000070057B0BDEC048BBDE8F08F002B40F369
:108F4000C4809C0056A921440DF1B80803F180406B
:108F500051ED286A013808EB830171ED017A37EE93
:108F6000A67A884577EEC77A81ED007A77EEA67A01
:108F7000F0EE476AC1ED017AEFD1012B40F3A580F5
:108F800056AB1C448000031D54ED286A43442FA9AE
:108F900073ED017A37EEA67A994277EEC77A83EDC0
:108FA000007A77EEA67AF0EE476AC3ED017AEFD148
:108FB0000830DFED487A08EB000308F1080833EDCC
:108FC000017A984577EE877AF9D1DDED2E6A9DED2D
:108FD0002F7A2AB1F1EE666AB1EE477AF1EE677A3E
:108FE000059BC3ED006A83ED017AC3ED027A9CE72D
:108FF000002BFFF67DAF2EA800EB8301DFED357A65
:10900000043131ED017A884277EE877AF9D1002A6E
:109010003FF473AF30E0DFED2F7AC6443EED017AC6
:10902000F04577EE877AF9D10AB1F1EE677A059BC0
:10903000C3ED007A79E719EE902ABBF1000F02F137
:10904000010209EE902A3ADD0222D4E5DFED217A11
:1090500001354D45ECEC017AA7F104077FF4EFAE42
:109060000AE74FF0000CF0E5BDEEC77A5B4617EE5D
:10907000101A45F82B10B6E6DDED2E6A0599B1EE13
:10908000677A002B76EEE77A81ED007A3FF73EAF04
:10909000F1EE677A46E7649903293FF646AF01A0EF
:1090A00050F821F0B5900100F18F0100F18F01001F
:1090B0003D8F0100DFED077A002AB6D1B7E7F7EE62
:1090C000007A37EEC88A0222D4E5DFED027A7CE727
:1090D00064C401000000000020F00043B3F1485FC9
:1090E00007EE900A06EE101A04DABDEEE77A17EEE4
:1090F000103A23B327EEA77A9FED174ADFED174A00
:109100009FED175ADFED175ADFED176AE7EE044AB5
:1091100027EE874AA4EE875AE5EE075AE5EE876AFE
:1091200082B166EEC46AF6EE005AE6EE256ADFED1D
:109130000F5A96EE876AA4EE256A77EEC67A17EE86
:10914000900A70479FED0A6AA7EE266AE6EE047A57
:1091500017EE900A704700BFD3C92E2F342FD7B215
:109160001BEF3836010D50B98988083CABAA2A3E5E
:10917000ABAA2ABE41F0004101F58010C00F704734
:109180000020704700200149704700BF0000F87FB1
:109190002DE9F041C1F30A57A7F2FF35132D82B034
:1091A00002460B460C464FEAD178064633DC002DCA
:1091B0004EDB3C49294103EA0100104326D049080F
:1091C0000B4052EA03060CD04FF48023132D24EAFF
:1091D000010143FA05F444EA01040CBF4FF00046D4
:1091E0000026314901EBC8082346D8E9004532463C
:1091F0002046294600F0BCF9CDE9000122462B4665
:10920000DDE9000100F0B2F902460B4610461946AE
:1092100002B0BDE8F081332D07DDB5F5806FF5D1E3
:1092200000F0A6F902460B46F0E7A7F213474FF00D
:10923000FF31F9400842E9D049080842D1D04FF047
:10924000804320EA010143FA07F741EA0706C8E72D
:1092500021F000410143D9D0C3F3130101434E4231
:109260000E43114D5C0C360B640406F4002305EB31
:10927000C80243EA0401D2E900450B4602462946EA
:10928000204600F075F9CDE9000122462B46DDE9C4
:10929000000100F06BF921F00041024641EAC87379
:1092A000B4E700BFFFFF0F00A0AC010020F00040BA
:1092B000704700BF82B00190019A22F00041CB0DAF
:1092C0007F3B162B20DC002B10462EDB2349194157
:1092D0000A4224D0DFED227A9DED017A77EE277ADB
:1092E000F5EEC07AF1EE10FA19DD002A04DA4FF437
:1092F000000242FA03F3184420EA010307EE903A11
:1093000017EE900A02B07047B1F1FF4FDDED017A20
:10931000F6D377EEA77A17EE900A02B07047DDED2C
:10932000017A17EE900A02B07047DFED0D7A9DEDDD
:10933000017A77EE277AF5EEC07AF1EE10FAEEDDDB
:10934000002A02DBDFED077ADAE7FFEE007A002978
:1093500018BFB0EE677AF0EE477AD1E7FFFF7F00E3
:10936000CAF249710000000000B52DED028B83B0F8
:109370000190019B33F000421DD0B2F1FF4F0FD29C
:10938000B2F5000F20D3D20D0A44FE2A2CDC002AAD
:109390003DDD23F0FF4343EAC25307EE903A03E07A
:1093A00007EE900A77EEA77A17EE900A03B0BDECAD
:1093B000028B5DF804FBDDED017A17EE900A03B035
:1093C000BDEC028B5DF804FB9DED017ADFED1B7AAD
:1093D0001B4B67EE277A9942CDED017A10DB019B9A
:1093E000C3F3C752193ACFE79FED168A019918EED9
:1093F000100A00F035F807EE900A67EE887AD3E796
:10940000DFED117A9DED017A67EE277ACCE712F154
:10941000160F06DA4CF250339942E5DC9FED0A8ACA
:10942000E4E7193223F0FF4343EAC2539FED077A82
:1094300007EE903A67EE877AB6E700BF0000004C6F
:10944000B03CFFFFCAF249716042A20D0000003338
:1094500003F0004321F0004242EA0301704700BFDD
:1094600001F0004120F000400843704710B5054C62
:1094700013462CB10A4601460220AFF3008010BD0E
:109480002046FCE700000000014B1868704700BF51
:109490003C00002008B5074B044613B10021AFF390
:1094A0000080054B1868836A03B19847204600F096
:1094B0009BFF00BF0000000098C4010070B50D4E76
:1094C0000D4CA41BA4100025A54209D10B4E0C4C39
:1094D00001F0B0F8A41BA4100025A54205D170BD71
:1094E00056F8253098470135EEE756F8253098476D
:1094F0000135F2E7100200201002002010020020C7
:1095000020020020024B0146186800F0C4BF00BFD3
:109510003C00002038B5074C00230546084611469C
:10952000236000F059FF431C02D1236803B12B6074
:1095300038BD00BFA00C0020084B37B51C68084D93
:10954000236A002B08BF2B46009313460A460146A8
:10955000204600F0D2FF03B030BD00BF3C00002029
:10956000A000002081F0004102E000BF83F0004332
:1095700030B54FEA41044FEA430594EA050F08BFAE
:1095800090EA020F1FBF54EA000C55EA020C7FEA72
:10959000645C7FEA655C00F0E2804FEA5454D4EBEF
:1095A0005555B8BF6D420CDD2C4480EA020281EAB9
:1095B000030382EA000083EA010180EA020281EAF1
:1095C0000303362D88BF30BD11F0004F4FEA013143
:1095D0004FF4801C4CEA113102D0404261EB410152
:1095E00013F0004F4FEA03334CEA133302D05242D8
:1095F00063EB430394EA050F00F0A780A4F1010494
:10960000D5F1200E0DDB02FA0EFC22FA05F28018CD
:1096100041F1000103FA0EF2801843FA05F35941B3
:109620000EE0A5F120050EF1200E012A03FA0EFC32
:1096300028BF4CF0020C43FA05F3C01851EBE3715C
:1096400001F0004507D54FF0000EDCF1000C7EEB79
:1096500000006EEB0101B1F5801F1BD3B1F5001FB7
:109660000CD349085FEA30004FEA3C0C04F10104D6
:109670004FEA445212F5800F80F09A80BCF1004FFF
:1096800008BF5FEA500C50F1000041EB045141EA81
:10969000050130BD5FEA4C0C404141EB010111F482
:1096A000801FA4F10104E9D191F0000F04BF01462D
:1096B0000020B1FA81F308BF2033A3F10B03B3F10B
:1096C00020020CDA0C3208DD02F1140CC2F10C029B
:1096D00001FA0CF021FA02F10CE002F11402D8BFF9
:1096E000C2F1200C01FA02F120FA0CFCDCBF41EAC5
:1096F0000C019040E41AA2BF01EB0451294330BD94
:109700006FEA04041F3C1CDA0C340EDC04F1140470
:10971000C4F1200220FA04F001FA02F340EA030047
:1097200021FA04F345EA030130BDC4F10C04C4F18D
:10973000200220FA02F001FA04F340EA030029466D
:1097400030BD21FA04F0294630BD94F0000F83F4B7
:10975000801306BF81F480110134013D4EE77FEA9A
:10976000645C18BF7FEA655C29D094EA050F08BFE6
:1097700090EA020F05D054EA000C04BF19461046C7
:1097800030BD91EA030F1EBF0021002030BD5FEA0B
:10979000545C05D14000494128BF41F0004130BD33
:1097A00014F580043CBF01F5801130BD01F0004587
:1097B00045F0FE4141F470014FF0000030BD7FEAFA
:1097C000645C1ABF194610467FEA655C1CBF0B46F5
:1097D000024650EA013406BF52EA033591EA030F0C
:1097E00041F4002130BD00BF90F0000F04BF002104
:1097F000704730B54FF4806404F132044FF0000537
:109800004FF0000150E700BF90F0000F04BF0021AF
:10981000704730B54FF4806404F1320410F0004515
:1098200048BF40424FF000013EE700BF42004FEA10
:10983000E2014FEA31014FEA02701FBF12F07F438D
:1098400093F07F4F81F06051704732F07F4208BF44
:10985000704793F07F4F04BF41F40021704730B54B
:109860004FF4607401F0004521F000411CE700BF97
:1098700050EA010208BF704730B54FF000050AE01A
:1098800050EA010208BF704730B511F0004502D51B
:10989000404261EB41014FF4806404F132045FEA1D
:1098A000915C3FF4D8AE4FF003025FEADC0C18BFC6
:1098B00003325FEADC0C18BF033202EBDC02C2F1B8
:1098C000200300FA03FC20FA02F001FA03FE40EA4A
:1098D0000E0021FA02F11444BDE600BF70B54FF04E
:1098E000FF0C4CF4E06C1CEA11541DBF1CEA13552C
:1098F00094EA0C0F95EA0C0F00F0DEF82C4481EA94
:10990000030621EA4C5123EA4C5350EA013518BFB3
:1099100052EA033541F4801143F4801338D0A0FBA0
:1099200002CE4FF00005E1FB02E506F00042E0FB4D
:1099300003E54FF00006E1FB03569CF0000F18BF53
:109940004EF0010EA4F1FF04B6F5007F64F54074FB
:1099500004D25FEA4E0E6D4146EB060642EAC6218E
:1099600041EA55514FEAC52040EA5E504FEACE2EFB
:10997000B4F1FD0C88BFBCF5E06F1ED8BEF1004FFE
:1099800008BF5FEA500E50F1000041EB045170BD7A
:1099900006F0004646EA010140EA020081EA0301BE
:1099A000B4EB5C04C2BFD4EB0C0541EA045170BDBA
:1099B00041F480114FF0000E013C00F3AB8014F134
:1099C000360FDEBF002001F0004170BDC4F100047D
:1099D000203C35DA0C341BDC04F11404C4F12005FE
:1099E00000FA05F320FA04F001FA05F240EA020059
:1099F00001F0004221F0004110EBD37021FA04F68F
:109A000042EB06015EEA430E08BF20EAD37070BD48
:109A1000C4F10C04C4F1200500FA04F320FA05F0A7
:109A200001FA04F240EA020001F0004110EBD370A9
:109A300041F100015EEA430E08BF20EAD37070BD19
:109A4000C4F1200500FA05F24EEA020E20FA04F3F2
:109A500001FA05F243EA020321FA04F001F00041A1
:109A600021FA04F220EA020000EBD3705EEA430E12
:109A700008BF20EAD37070BD94F0000F0FD101F041
:109A80000046400041EB010111F4801F08BF013C7A
:109A9000F7D041EA060195F0000F18BF704703F0B8
:109AA0000046520043EB030313F4801F08BF013D3F
:109AB000F7D043EA0603704794EA0C0F0CEA1355FB
:109AC00018BF95EA0C0F0CD050EA410618BF52EAB5
:109AD0004306D1D181EA030101F000414FF00000BB
:109AE00070BD50EA410606BF1046194652EA4306C9
:109AF00019D094EA0C0F02D150EA013613D195EA3D
:109B00000C0F05D152EA03361CBF104619460AD184
:109B100081EA030101F0004141F0FE4141F470018E
:109B20004FF0000070BD41F0FE4141F4780170BD7E
:109B300070B54FF0FF0C4CF4E06C1CEA11541DBFE3
:109B40001CEA135594EA0C0F95EA0C0F00F0A7F8E5
:109B5000A4EB050481EA030E52EA03354FEA013112
:109B600000F088804FEA03334FF0805545EA131325
:109B700043EA12634FEA022245EA111545EA1065ED
:109B80004FEA00260EF000419D4208BF964244F184
:109B9000FD0404F5407402D25B084FEA3202B61AA3
:109BA00065EB03055B084FEA32024FF480104FF477
:109BB000002CB6EB020E75EB030E22BFB61A7546EB
:109BC00040EA0C005B084FEA3202B6EB020E75EB7E
:109BD000030E22BFB61A754640EA5C005B084FEAE6
:109BE0003202B6EB020E75EB030E22BFB61A7546B3
:109BF00040EA9C005B084FEA3202B6EB020E75EBBE
:109C0000030E22BFB61A754640EADC0055EA060E7E
:109C100018D04FEA051545EA16754FEA06164FEAC1
:109C2000C30343EA52734FEAC2025FEA1C1CC0D16D
:109C300011F4801F0BD141EA00014FF000004FF0FA
:109C4000004CB6E711F4801F04BF01430020B4F1BB
:109C5000FD0C88BFBCF5E06F3FF6AFAEB5EB030C73
:109C600004BFB6EB020C5FEA500C50F1000041EB70
:109C7000045170BD0EF0004E4EEA113114EB5C043D
:109C8000C2BFD4EB0C0541EA045170BD41F4801110
:109C90004FF0000E013C90E645EA060E8DE60CEA18
:109CA000135594EA0C0F08BF95EA0C0F3FF43BAF35
:109CB00094EA0C0F0AD150EA01347FF434AF95EAEC
:109CC0000C0F7FF425AF104619462CE795EA0C0FD0
:109CD00006D152EA03353FF4FDAE1046194622E79D
:109CE00050EA410618BF52EA43067FF4C5AE50EA77
:109CF00041047FF40DAF52EA43057FF4EBAE12E767
:109D00004FF0FF3C06E000BF4FF0010C02E000BF47
:109D10004FF0010C4DF804CD4FEA410C7FEA6C5C2A
:109D20004FEA430C18BF7FEA6C5C1BD001B050EACD
:109D3000410C0CBF52EA430C91EA030F02BF90EAB8
:109D4000020F0020704710F1000F91EA030F58BF77
:109D5000994208BF90422CBFD8176FEAE37040F0D9
:109D6000010070474FEA410C7FEA6C5C02D150EA77
:109D7000013C07D14FEA430C7FEA6C5CD6D152EA32
:109D8000033CD3D05DF8040B704700BF84461046F7
:109D900062468C461946634600E000BF01B5FFF7F6
:109DA000B7FF002848BF10F1000F01BD4DF808EDC6
:109DB000FFF7F4FF0CBF012000205DF808FB00BF97
:109DC0004DF808EDFFF7EAFF34BF012000205DF8F1
:109DD00008FB00BF4DF808EDFFF7E0FF94BF01203E
:109DE00000205DF808FB00BF4DF808EDFFF7CEFF3F
:109DF00094BF012000205DF808FB00BF4DF808ED7E
:109E0000FFF7C4FF34BF012000205DF808FB00BF4E
:109E10004FEA410C7FEA6C5C02D150EA013C0AD166
:109E20004FEA430C7FEA6C5C02D152EA033C02D158
:109E30004FF0000070474FF0010070474FEA4102B9
:109E400012F5001215D211D56FF47873B3EB62528C
:109E500012D94FEAC12343F0004343EA505311F0B3
:109E6000004F23FA02F018BF404270474FF0000045
:109E7000704750EA013005D111F0004008BF6FF083
:109E8000004070474FF00000704700BF4A0011D2F9
:109E900012F5001211D20DD56FF47873B3EB625244
:109EA0000ED44FEAC12343F0004343EA505323FA50
:109EB00002F070474FF00000704750EA013002D1C5
:109EC0004FF0FF3070474FF0000070474FEA4102FB
:109ED000B2F1E04324BFB3F5001CDCF1FE5C0DD908
:109EE00001F0004C4FEAC0024CEA5070B2F1004F52
:109EF00040EB830008BF20F00100704711F0804F55
:109F000021D113F13872BCBF01F00040704741F419
:109F100080114FEA5252C2F11802C2F1200C10FA1D
:109F20000CF320FA02F018BF40F001004FEAC12301
:109F30004FEAD32303FA0CFC40EA0C0023FA02F3A5
:109F40004FEA4303CCE77FEA625307D150EA01337B
:109F50001EBF4FF0FE4040F44000704701F000404B
:109F600040F0FE4040F40000704700BF7BB972B97A
:109F70000029BEBF00204FF0004106E008BF0028C6
:109F80001CBF6FF000414FF0FF3000F01BBAADF185
:109F9000080C6DE904CE002909DB002B1ADB00F068
:109FA000ABF8DDF804E0DDE9022304B0704740427D
:109FB00061EB4101002B1BDB00F09EF8DDF804E0B3
:109FC000DDE9022304B0404261EB4101524263EB00
:109FD00043037047524263EB430300F08DF8DDF812
:109FE00004E0DDE9022304B0404261EB4101704727
:109FF000524263EB430300F07FF8DDF804E0DDE953
:10A00000022304B0524263EB4303704753B94AB989
:10A01000002908BF00281CBF4FF0FF314FF0FF3070
:10A0200000F0D0B9ADF1080C6DE904CE00F064F891
:10A03000DDF804E0DDE9022304B070472DE9F843C0
:10A0400082EAE274A4EBE2741546E20758BFDFF837
:10A05000609006460F4652BF4FF000088046894682
:10A06000640832463B463046394613D0FFF736FC8B
:10A07000E30706460F46F3D54046494632463B467F
:10A08000FFF72CFC64088046894632463B46304642
:10A090003946EBD1002D07DA42464B4600200449F1
:10A0A000FFF746FD8046894640464946BDE8F883AD
:10A0B0000000F03FD0B500220D4B06460F46FFF7DB
:10A0C0000DFCFFF7E3FE0446FFF78EFB0022094B71
:10A0D000FFF704FC02460B4630463946FFF746FAC6
:10A0E000FFF7D4FE0022234610431946D0BD00BF1F
:10A0F0000000F03D0000F0412DE9F047089E0446C5
:10A100008846002B4BD18A42154667D9B2FA82F2B3
:10A110004AB1C2F1200701FA02F320FA07F795408D
:10A1200047EA030894404FEA154E230CB8FBFEF7AC
:10A130001FFA85FC0EFB178843EA084307FB0CF166
:10A14000994209D9EB1807F1FF3080F01B81994241
:10A1500040F21881023F2B445B1AA4B2B3FBFEF01D
:10A160000EFB103344EA034400FB0CFCA44509D960
:10A170002C1900F1FF3380F00781A44540F20481DF
:10A1800002382C4440EA0740A4EB0C0400271EB11F
:10A19000D4400023C6E900433946BDE8F0878B422E
:10A1A00009D9002E00F0EB800027C6E900013846EF
:10A1B0003946BDE8F087B3FA83F7002F47D18B42C9
:10A1C00002D3824200F2FA80841A61EB0303012079
:10A1D0009846002EE0D0C6E90048DDE702B9FFDE70
:10A1E000B2FA82F2002A40F08F80491B4FEA154EE6
:10A1F0001FFA85F80127B1FBFEFC230C0EFB1C1196
:10A2000043EA014308FB0CF1994207D9EB180CF122
:10A21000FF3002D2994200F2CD808446591AA3B28F
:10A22000B1FBFEF00EFB101443EA044408FB00F8F7
:10A23000A04507D92C1900F1FF3302D2A04500F246
:10A24000B6801846A4EB080440EA0C409FE7C7F12B
:10A25000200CBB4022FA0CFE4EEA030E01FA07F472
:10A2600020FA0CF521FA0CF34FEA1E482543B3FB04
:10A27000F8F92C0C08FB19331FFA8EFA44EA034351
:10A2800009FB0AF49C4202FA07F200FA07F10BD923
:10A290001EEB030309F1FF3080F087809C4240F2FF
:10A2A0008480A9F1020973441B1BADB2B3FBF8F023
:10A2B00008FB103345EA034400FB0AFAA24508D91B
:10A2C0001EEB040400F1FF336BD2A24569D90238BA
:10A2D000744440EA0940A0FB0289A4EB0A044C45FF
:10A2E000C2464B4654D351D0002E69D0B1EB0A057B
:10A2F00064EB030404FA0CFCFD40FC404CEA050549
:10A30000C6E90054002747E7C2F1200320FA03F70B
:10A31000954001FA02F021FA03F34FEA154E384353
:10A32000010CB3FBFEF71FFA85F80EFB173341EA69
:10A33000034107FB08F38B4204FA02F407D96918BA
:10A3400007F1FF3C2FD28B422DD9023F2944CB1A73
:10A3500081B2B3FBFEF00EFB103341EA034100FB78
:10A3600008F38B4207D9691800F1FF3C17D28B42E2
:10A3700015D902382944C91A40EA07473BE737464E
:10A38000304609E70746E7E61846FBE64145ABD20B
:10A39000B8EB020A69EB0E0201381346A4E76046E7
:10A3A000E9E7184695E76746D1E781467CE702383A
:10A3B0002C4447E7ACF1020C2B442FE7384608E762
:10A3C0003746E9E6704700BF024B58221A604FF04B
:10A3D000FF307047A00C0020024B58221A604FF04B
:10A3E000FF307047A00C0020FEE700BFEEF74EB92B
:10A3F00000F005B80B4601461846FFF737B810B510
:10A40000002814BF044601242046EEF7EFFA30B9C5
:10A41000FDF78CF908B900F00FF88047F4E710BD9C
:10A4200008B500F004F808B5804700F005F808B555
:10A43000FDF784F9FFF7F7FF08B50620FFF762F88C
:10A440000120FFF7D1FF30B50024A24201D1002046
:10A4500007E0035D01340D1915F8015CAB42F4D03F
:10A46000581B30BD884210B501EB020307D8421ECD
:10A4700099420AD011F8014B02F8014FF8E78342E4
:10A48000F5D98118D21AD34200D110BD13F8014D6D
:10A4900001F8014DF7E71F2938B504460D4604D9E8
:10A4A000162303604FF0FF3038BD426C12B152F8F2
:10A4B00021304BB9204600F016F82A4601462046C6
:10A4C000BDE83840FFF726B8012B0AD0591C03D14C
:10A4D000162303600120E7E7002442F825402846C0
:10A4E00098470020E0E7FFF76FBF034613F8012B02
:10A4F000002AFBD1181A013870472DE9F047804631
:10A50000894692461E460F463D46089815F8014B6F
:10A5100000F06EF82044437813F0080332D12D2C5C
:10A5200032D17C78BD1C0122002E5DD0102E09D1C5
:10A53000302C07D12B7803F0DF03582B4FD16C78E8
:10A5400010260235002A14BF4FF000416FF0004181
:10A550000027B1FBF6FC384606FB1C1EA4F13003B5
:10A56000092B17D81C46A64223DD7B1C07D0844547
:10A570001CD301D1A64519DB00FB0640012715F8C5
:10A58000014BEBE72F46BFE72B2C04BFBD1C7C78AB
:10A590001A46C9E7A4F14103192B01D8373CE2E779
:10A5A000A4F16103192B04D8573CDCE74FF0FF37C7
:10A5B000E5E77B1C08D12223C8F800300846BAF131
:10A5C000000F07D1BDE8F08702B14042BAF1000F99
:10A5D000F8D00FB105F1FF39CAF80090F2E7302446
:10A5E000002EAFD10826ADE7302CA3D00A26A9E76C
:10A5F000D0F8EC00704782B001B901A942B14BB16B
:10A6000013780B601278101C18BF012002B070473D
:10A610001046FBE76FF00100F8E749B1FF2A85BF5C
:10A620008A2303600A704FF0FF3098BF0120704703
:10A6300008467047F8B500BFF8BC08BC9E46704796
:10A64000F8B500BFF8BC08BC9E467047000000008B
:10A6500000000000000000000000000000000000FA
:10A660001042000000D00100533BE6DACF732154C2
:10A670000030070059550000BD5500006D56000020
:10A680009D56000019940000D9A20000918C000092
:10A69000819000008D900000A5900000A570000042
:10A6A00099900000F58C000061900000A97D0000E9
:10A6B000B57000003D74000069730000197300005C
:10A6C0006D750000D96D0000DD6F0000ED6F0000BA
:10A6D000017000001D700000F1780000517800004A
:10A6E000297E0000817E000079AF00007DAF000070
:10A6F00008AF0100D8AE010060AE0100A8AE0100B5
:10A7000038AF0100A4AF0100D4AF0100ECB10100EB
:10A71000998B0000518D0000418B00003D800000AE
:10A7200099AF000091AF000095AF0000597C000088
:10A730008D7A0000FD7A00009D710000B17100006B
:10A74000D17100006172000075720000AD720000EE
:10A75000356C0000497000005D7000006170000001
:10A7600069700000757000007D7000008D70000041
:10A77000957000009D700000417A0000717A000021
:10A78000458D0000519100007D910000E99100008D
:10A790003180000049800000558900000D6A0000EA
:10A7A000196A0000716A0000796A0000956F000064
:10A7B000A16F0000E96A0000916C0000856E000046
:10A7C000996C0000056D0000C16D0000D16D0000A6
:10A7D0001D7A0000B9750000E175000009760000DF
:10A7E000617600008D76000041740000397500002C
:10A7F00071740000A1740000C9740000F1740000BD
:10A8000011750000AD7B0000D17B0000F57B0000DE
:10A81000197C0000397C0000217A0000317A0000A8
:10A82000D1780000E1780000ED760000297000008A
:10A8300015770000CD770000E1770000F577000084
:10A84000097800001D7800003178000039700000A0
:10A850004170000081AF0000A57000002DA1000034
:10A86000B5700000317100003571000039710000D1
:10A870004D7100008171000085710000957100002C
:10A88000C1720000CD720000D1720000597D00003D
:10A890009D7E0000B57E0000D97E00002D7F000067
:10A8A0004D7F00003D5A0000515A0000655A0000DB
:10A8B000795A00008D5A0000A15A0000B55A0000D4
:10A8C000C95A0000399200006192000075920000A0
:10A8D000899200009D920000B1920000C592000094
:10A8E000D9920000415B0000455B00005D5B000009
:10A8F000715B0000895B00009D5B0000195F000038
:10A9000055600000015C0000055C0000355C000043
:10A91000615C0000E15C0000ED5C0000315D000066
:10A92000A55D0000BD5D0000E55D0000ED5D00007F
:10A93000898B00008D8B000075600000796000003D
:10A9400085600000896000008D6000009560000057
:10A95000996000009D600000BD600000D9600000AB
:10A9600001610000056100000D610000216100002F
:10A970002D61000031610000059B00007195010010
:10A98000C19D0100FD9D01006D950100319B0100FD
:10A99000DD98010019940000C5A20000359B00005D
:10A9A000BD9B0000F19B0000059C0000599C00002D
:10A9B0005D9C0000659C0000719C0000799C00007B
:10A9C0007D9D00008D9D0000959D0000B59D0000BF
:10A9D000ED9D0000699E0000B19F000059A000009D
:10A9E00061A0000079A0000081A000003597000060
:10A9F0004D9700005D970000659700007D9700006F
:10AA0000999700004198000089980000A5970000E0
:10AA1000E5A100004DA2000065A200006DA20000AB
:10AA2000B1A20000B9A20000B1A60000B5A60000C6
:10AA3000B9A60000BDA60000C1A60000C5A6000082
:10AA4000C9A60000CDA40000FDA400009DA6000042
:10AA5000A1A60000A5A60000A9A60000ADA60000C2
:10AA600065AD00003DAE000041AE0000D9AE000073
:10AA700029AF00002DAF000031AF000035AF00005E
:10AA800039AF00003DAF000041AF000045AF00000E
:10AA900049AF00004DAF0000DDF7000001F80000F5
:10AAA0008DF80000D9F8000025F9000035F9000004
:10AAB000E9FA000071B4000079B4000081B400002C
:10AAC00091B40000A5B40000C9D30000B1B40000E7
:10AAD000E1B4000045B80000EDB4000051B500003D
:10AAE000C5B8000075BA00008DBA0000B5BA000004
:10AAF00005E40000C1BA000021BB00004DE20000E7
:10AB0000D9E400006DBB00006DBC000065E50000ED
:10AB1000E5E10000A9E10000D1E1000061E60000EC
:10AB200099BE000081BF000035C2000095C400003E
:10AB300001C700006DCB000035CC000085D10000BE
:10AB40002DD2000029D3000099E6000085E5000021
:10AB50006D06010095060100B5060100D906010049
:10AB60002507010069070100010000000000000046
:10AB70000A00000000000000640000000000000067
:10AB8000E8030000000000001027000000000000A3
:10AB9000A08601000000000040420F0000000000FD
:10ABA000809698000000000000E1F505000000001C
:10ABB00000CA9A3B0000000000E40B5402000000B1
:10ABC00000E87648170000000010A5D4E800000057
:10ABD00000A0724E1809000000407A10F35A0000DD
:10ABE0004FBB610567ACDD3F182D4454FB21E93FA5
:10ABF0009BF681D20B73EF3F182D4454FB21F93F94
:10AC0000E2652F227F2B7A3C075C143326A6813C19
:10AC1000BDCBF07A8807703C075C143326A6913CC4
:10AC2000000000000000E03F000000000000E0BF66
:10AC30000000E0FE422EE63F0000E0FE422EE6BFAE
:10AC4000763C7935EF39EA3D763C7935EF39EABD26
:10AC50000000000000000000000000000000008074
:10AC600000000040FB21F93F000000002D44743E2D
:10AC7000000000809846F83C0000006051CC783B12
:10AC800000000080831BF0390000004020257A3846
:10AC9000000000802282E336000000001DF36935C9
:10ACA000000000000000304300000000000030C33E
:10ACB0000000000000000000B5560000BD56000076
:10ACC000512A0100892A010011090100C156000022
:10ACD000D5560000E91A0100B11A0100B91A0100A5
:10ACE000B51A01000D290100AD2A0100111E010055
:10ACF00075707369646500006E6F726D616C000041
:10AD0000636F6F7264696E617465207370616365EF
:10AD10003A202564202F2025642C20257300000074
:10AD20006163633A206D6F756E74696E6700000031
:10AD30006163633A207573696E67205344412C2028
:10AD400053434C006163633A206E6F206932632085
:10AD5000617661696C61626C650000006163633AF1
:10AD6000206E6F7420646574656374656400000010
:10AD70006163633A20646574656374656420256467
:10AD8000000000006163633A2064616D616765647F
:10AD900020616363656C6572656F6D746572206FA9
:10ADA0007220696E76616C696420414343454C456D
:10ADB000524F4D455445525F5459504500000000D4
:10ADC0006163633A20696E76616C69642041434334
:10ADD000454C45524F4D455445525F5459504500DE
:10ADE0006163633A206D6F756E74656400000000E6
:10ADF00030313233343536373839616263646566F1
:10AE0000000000006661696C6564207479706520DB
:10AE1000636865636B20666F722025702040257023
:10AE2000000000005654202570202D206F626A74A7
:10AE300079706520256420636C6173734E6F2025E3
:10AE400064000000756E68616E646C6564206578EE
:10AE500063657074696F6E2C2076616C75653A005D
:10AE60000C0003F9000000000100000000000000D9
:10AE700035670000A97D0000A96500001D6700007E
:10AE8000E9660000DD660000D1660000FD66000096
:10AE90006D697373696E672070726F706572747913
:10AEA000206F6E20257000000C0003F900000000E8
:10AEB000010000000000000035670000A97D0000CF
:10AEC0009D650000896400008D64000099640000A5
:10AED0009D640000A16400000C0003F90000000064
:10AEE000010000000000000035670000A97D00009F
:10AEF00015670000F1630000F9630000FD630000C6
:10AF000001640000456400000C0003F9000000002B
:10AF1000010000000000000035670000A97D00006E
:10AF20002D670000D1630000D9630000DD630000DD
:10AF300031670000E16300000C0003F9000000002D
:10AF4000010000000000000035670000A97D00003E
:10AF500025670000A9640000B964000029670000AB
:10AF600021670000C96400005B4E6174697665204A
:10AF700025705D005B5265664F626A65637420767A
:10AF8000743D257020636C3D256420737A3D2564F3
:10AF90005D0000005B2573202570203D2025735D3A
:10AFA00000000000080004F9000000000300000099
:10AFB0000000000035670000A97D000000000000CF
:10AFC000D16400000000000000000000000000004C
:10AFD000000000000C0002F9000000000200000068
:10AFE0000000000035670000A97D0000000000009F
:10AFF00019670000000000000000000000000000D1
:10B000000000000008AF01000700626F6F6C65610F
:10B010006E00000008AF01000900756E6465666986
:10B020006E656400A4AF0100000000000000000095
:10B0300008AF01000000000008AF010008006675BD
:10B040006E6374696F6E000008AF01000900756ED1
:10B05000646566696E65640008AF01000800496EAA
:10B0600066696E697479000008AF010003004E61E3
:10B070004E00000008AF010009002D496E66696EA0
:10B080006974790008AF010004006E756C6C0000F3
:10B0900008AF0100040074727565000008AF01007C
:10B0A000050066616C73650008AF010008005B4F26
:10B0B000626A6563745D000008AF01000A005B46C8
:10B0C000756E6374696F6E5D0000000008AF01006B
:10B0D00006006E756D6265720000000008AF010029
:10B0E00006006F626A6563740000000008AF01002B
:10B0F0000600737472696E67000000006763416C3C
:10B100006C6F6328256429202825642F2564206618
:10B110007265653B202564206D617820626C6F63E9
:10B120006B29202D3E206E657720626C6F636B006B
:10B130002D2D4D41524B000052503A25702F256461
:10B140000000000052473A25702F256400000000DF
:10B1500047432025642F256420667265653B2025C2
:10B1600064206D6178426C6F636B0000686561708C
:10B170003A20256420286D696E757320256420733C
:10B180007973206279746573290000004743206257
:10B190006C6F636B202564622040202570000000E6
:10B1A0005265665265664C6F63616C20257020762F
:10B1B0003D257000526566436F6C6C656374696F02
:10B1C0006E2025702073697A653D256400000000BB
:10B1D0005265665265636F72642025702073697AC8
:10B1E000653D256420627974657300000C0005F9E3
:10B1F000000000000400000000000000898C000036
:10B20000B18B0000158B00005D8B0000000000007A
:10B21000000000000000000000000000766172697C
:10B22000616E74206E6F7420737570706F727465C8
:10B23000643A2025730000005265664D6170202538
:10B24000702073697A653D25640000005365676D61
:10B25000656E743A2025702C206C656E6774683AB0
:10B260002025642C2073697A653A2025640000004B
:10B270002D3E2025640000004572726F723A202531
:10B2800064205B25645D0000526566416374696FEC
:10B290006E2025702070633D25582073697A653DC6
:10B2A00025640000140004F90000000008000000FC
:10B2B00000000000A58B0000E18B0000298B00003E
:10B2C0006D8B000000000000000000000000000086
:10B2D00000000000080004F9000000000700000062
:10B2E000000000008D8C0000D18B0000218B00003D
:10B2F000698B00000000000000000000000000005A
:10B30000000000000C0004F900000000060000002E
:10B31000000000009D8B0000818F00000D8B00005D
:10B32000598B000000000000000000000000000039
:10B3300000000000636F6D6D202564202D3E2025E8
:10B3400070000000525325643A25702F25640000D8
:10B35000756E6B6E6F776E00232025730000000002
:10B36000232025733A202570000000006932633ADB
:10B37000206C6F6F6B75702064656661756C7420EE
:10B3800070696E73000000006932633A20666F7561
:10B390006E64206578697374696E67206932630032
:10B3A0006932633A206D6F756E74696E67206F6ED7
:10B3B000206E657720646576696365006E6F207026
:10B3C000696E206366673A20256400000000000073
:10B3D00000000000B5560000C59C0000819C0000E4
:10B3E000859C0000110901008D9C0000A59C0000B7
:10B3F000616C6C6F636174652054494D45522564DE
:10B4000000000000524553455420554943520A005C
:10B41000100800000080004011090000009000406A
:10B42000120A000000A00040131A000000A0014012
:10B43000141B000000B001400000000000000000EC
:10B440000A444D4553473A0A000000000A0A00002A
:10B450000000000000000000B55600004924010073
:10B46000819C0000352501001109010071A3000035
:10B470008DA300008D25010025240100ED2501008C
:10B4800015A30000F4FFFFFF0000000041240100AD
:10B490000000000000000000B55600004924010033
:10B4A000819C00003525010011090100ADA30000B9
:10B4B000C9A300008D2501002524010089A40000F6
:10B4C00041A40000F4FFFFFF000000004124010040
:10B4D0000000000000000000CDAC0000DDA6000070
:10B4E000D9A60000993B01009D3B0100A13B010052
:10B4F000A93B0100AD3B0100B13B01003DA80000AC
:10B5000095A8000047EBF02D935A16C80F1F3F0077
:10B51000A1AF0000EDAF000051B0000000030C0F20
:10B5200030333C3FC0C3CCCFF0F3FCFF00112233DB
:10B53000445566778899AABBCCDDEEFF5265664913
:10B540006D6167652025702073697A653D256420EB
:10B5500078202564000000000C0004F900000000C1
:10B5600005000000000000009DAF0000B5B0000025
:10B57000058B0000558B000000000000000000005B
:10B5800000000000000000004A44413A206D61675D
:10B590006963206D69736D617463682025780000AC
:10B5A000696E76616C69642073757065722D667260
:10B5B000616D65202564202564000000696E766158
:10B5C0006C69642073757065722D6672616D65209B
:10B5D000256420256420256400000000060909096F
:10B5E00006040604040E070806010F0F08040906E6
:10B5F0000C0A091F081F010F100F08040E110E1F5F
:10B60000080402010E110E110E0E110E040211009B
:10B610000E1B110001807811807820003A0103137D
:10B62000800A29800A0000002A2A2A20434F444128
:10B630004C2050414E4943203A205B25645D000078
:10B64000373448433A2077616974696E672E2E2E2D
:10B6500000000000373448433A206E6F207761695C
:10B66000742072657175657374656400373448437E
:10B670003A20257800000000636F6E6669672074C9
:10B680007970653A2025643B20636667303D2578F4
:10B6900020636667313D257800000000636F6E66A9
:10B6A00069677572652073637265656E3A204652EC
:10B6B0004D435452313D2570204D414443544C3D3F
:10B6C000257020747970653D256400007363726590
:10B6D000656E3A20256420782025642C206F6666EC
:10B6E0003D25642C256400000000000000000000DF
:10B6F000EDFA0000ADFB0000F5FA000085FB00004C
:10B7000072756E6E696E6720666C61736820465351
:10B710002047433B206E65656465642025642C20CA
:10B720006C65667420256400474320646F6E653A3B
:10B730002025642066726565000000006F75742026
:10B740006F6620737061636521206E656564656452
:10B750003D256400666F726D617474696E672E2E8C
:10B760002E0000006D6F756E7465642C20656E642C
:10B770003D2578206D6574613D257820667265658C
:10B780003D257800636C656172696E67207573652D
:10B79000722066696C657300666F6F62617200008B
:10B7A0000000000000000000B5560000BD5600007B
:10B7B000819C0000859C0000110901009D0801008A
:10B7C000D90801000000000000000000F50A010097
:10B7D000D10A0100ED0A0100C90A0100E90A0100CD
:10B7E000E10A0100D90A010030780000444D4553B8
:10B7F00047206C696E6520746F6F206C6F6E6721D7
:10B800000A000000250000003F3F3F000D0A000035
:10B810000000000000000000B5560000BD5600000A
:10B82000819C0000859C00001109010000000000BF
:10B8300000000000E91A0100B11A0100B91A010064
:10B84000B51A010021A4010021A40100111E01006C
:10B850000000000000000000491F0100391F010026
:10B860000000000000000000B5560000492401005F
:10B87000819C00003525010011090100E52301002C
:10B88000012401008D25010025240100ED25010082
:10B89000F4FFFFFF0000000041240100EF030380DC
:10B8A00002CF0300C130ED0464031281E803850078
:10B8B00078CB05392C003402F70120EA020000C0E1
:10B8C0000123C10110C5023E28C701863601083791
:10B8D00001003A0155B1020018B603088227F201AF
:10B8E00000260101E00F0F312B0C0E084EF1370737
:10B8F00010030E0900E10F000E1403110731C148B7
:10B90000080F0C31360F1180782980780000000074
:10B910000000000000000000B9260100BD56000034
:10B92000819C0000A5390100110901008126010058
:10B930009926010044B901000400000064B9010027
:10B9400007000000020000000000000004000000EA
:10B9500001000000080000000200000010000000CC
:10B9600003000000C40900007000000088130000FC
:10B97000600000001027000050000000204E000072
:10B9800040000000409C000030000000A086010044
:10B990002000000040420F001000000000000000E6
:10B9A00000000000B5560000BD560000252701002C
:10B9B0000528010011090100D5270100E927010030
:10B9C000E91A0100B11A0100B91A0100B51A010003
:10B9D0002D27010029280100111E01000200040189
:10B9E00008020000E204000000000000C40900009A
:10B9F000080000008813000010000000102700005D
:10BA000018000000204E00002000000080380100D7
:10BA100028000000007102003000000000C409008E
:10BA2000380000000000000000000000B5560000D3
:10BA3000BD560000512A0100892A010011090100A8
:10BA4000592A01006D2A0100E91A0100B11A01000A
:10BA5000B91A0100B51A01000D290100AD2A010033
:10BA6000111E01004D50553630353020696E697415
:10BA7000202578000000000000000000B5560000FE
:10BA8000BD560000752B0100AD2B0100110901000E
:10BA90007D2B0100912B0100E91A0100B11A010070
:10BAA000B91A0100B51A0100E92C0100D12B0100DF
:10BAB000111E01000000000000000000C52D010063
:10BAC000D1080100F10D0100D52D0100000000009A
:10BAD0000000000059330100392E01002D2F010014
:10BAE000D92D010069300100F5300100F4FFFFFF9E
:10BAF00000000000B5560000BD560000819C00000B
:10BB0000859C000011090100ED30010009310100A0
:10BB100001807811807820003A0103E010021C07B0
:10BB2000123732292D29252B3900010310E110038A
:10BB30001D07062E2C292D2E2E373F000002101334
:10BB4000800A29800A0000000000000000000000B8
:10BB50005D3A0100BD560000819C0000A53901003E
:10BB600011090100C9330100E133010000000000A8
:10BB7000000000005D3B0100713B0100FFFF000081
:10BB80000000000000000000B5560000BD56000097
:10BB9000819C0000859C000011090100000000004C
:10BBA0000000000021A401000000000000000000CF
:10BBB000E54101003D410100516E0100516E01005F
:10BBC000596E0100596E0100416E0100616E010065
:10BBD000AD4401007D6E010075450100AD410100DD
:10BBE0009D6E01009D410100A1410100B142010093
:10BBF0000000000000000000B5560000BD56000027
:10BC0000819C0000859C000011090100494601004B
:10BC1000C5460100614A01008D460100F8FFFFFFA3
:10BC200000000000E14A0100F4FFFFFF00000000F7
:10BC3000BD4601000000000000000000C54E0100EC
:10BC4000654F0100E54B0100C5550100FD4B0100AA
:10BC5000614D0100694C0100794C0100AD4C0100BF
:10BC6000B94C0100B14B0100E5510100B55601008E
:10BC7000C94C0100B54D010001500100D94C010033
:10BC8000F14C0100B94B0100C14B0100A15401006E
:10BC900051540100494E0100C94B01002D500100D3
:10BCA000514D0100554D010002000000040000004C
:10BCB000060000000000000000000000D540010068
:10BCC0005959010021570100C1570100155B0100BE
:10BCD0008D5A0100CD5A0100D5570100D9570100F6
:10BCE0000000000000000000B5560000BD56000036
:10BCF000819C0000395D010011090100015D010016
:10BD0000195D0100311F0100495B0100795B0100F1
:10BD1000B55B0100D55B0100ED5B0100895D0100B1
:10BD2000195C0100395C0100695C01009D5C010047
:10BD3000095E0100D15D0100BD5C0100455B0100B1
:10BD400072656C6F636174652076746F7220746FB6
:10BD5000202578202D3E2025782025780000000021
:10BD600000300040030000000F00000000400040D1
:10BD7000040000000F00000000300240230000001B
:10BD80000C00000000200040020000001000000035
:10BD900000F002402F00000004000000008002407C
:10BDA0002800000010000000B0BD010008000000E5
:10BDB000020000000100000003000000020000007B
:10BDC0000400000003000000050000000400000063
:10BDD0001C000000050000001D000000060000001F
:10BDE0001E000000070000001F0000000800000007
:10BDF0000000000000000000956A01008D6A01004B
:10BE0000D9A60000993B0100916A0100A13B010005
:10BE1000A93B0100AD3B0100B13B01000000000067
:10BE200000000000D5400100496E0100516E010084
:10BE3000516E0100596E0100596E0100416E010002
:10BE4000616E0100016F01007D6E0100956F0100C0
:10BE5000BD6E01009D6E01000000000000000000AA
:10BE60009D740100BD740100D97401000000000040
:10BE700000000000B556000049240100819C00002C
:10BE800035250100110901002D75010055750100CE
:10BE90008D250100B9750100F9740100F4FFFFFF61
:10BEA00000000000D9750100000000000000000043
:10BEB000FD750100E1750100E5750100993B010088
:10BEC000F1750100F5750100A93B0100AD3B0100D2
:10BED000B13B010061636F730000000061636F7329
:10BEE000680000006173696E000000006174616E9B
:10BEF00068000000636F73680000000065787000E0
:10BF0000666D6F64000000006C6F67006C6F6731D6
:10BF100030000000706F770073696E6800000000E9
:10BF20007371727400000000737172746600000017
:10BF3000FB21F93FFB2109407CD91240FB2119402C
:10BF40007A6A1F407CD92240BBFD2540FB21294055
:10BF50003A462C407A6A2F405C4731407CD93240C7
:10BF60009C6B3440BBFD3540DB8F3740FB213940B3
:10BF70001BB43A403A463C405AD83D407A6A3F406A
:10BF80004C7E40405C4741406C1042407CD942406E
:10BF90008CA243409C6B4440AC344540BBFD4540C3
:10BFA000CBC64640DB8F4740EB584840FB21494019
:10BFB00083F9A200444E6E00FC291500D1572700DA
:10BFC000DD34F50062DBC0003C99950041904300F0
:10BFD0006351FE00BBDEAB00B761C5003A6E2400C2
:10BFE000D24D42004906E00009EA2E001C92D10021
:10BFF000EB1DFE0029B11C00E83EA700F5358200CC
:10C0000044BB2E009CE98400B4267000417E5F0092
:10C01000D6913900538339009CF439008B5F84003A
:10C0200028F9BD00F81F3B00DEFF97000F980500C0
:10C03000112FEF000A5A8B006D1F6D00CF7E360066
:10C0400009CB2700464FB7009E663F002DEA5F00F0
:10C05000BA277500E5EBC7003D7BF100F739070013
:10C0600092528A00FB6BEA001FB15F00085D8D00F1
:10C07000300356007BFC4600F0AB6B0020BCCF00C9
:10C0800036F49A00E3A91D005E619100081BE600EA
:10C0900085996500A0145F008D40680080D8FF007E
:10C0A00027734D0006063100CA561500C9A8730053
:10C0B0007BE260006B8CC000000FC93F000F49405D
:10C0C00000CB9640000FC9400053FB4000CB164107
:10C0D00000ED2F41000F49410031624100537B4187
:10C0E000003A8A4100CB9641005CA34100EDAF418C
:10C0F000007EBC41000FC94100A0D5410031E241A2
:10C1000000C2EE410053FB4100F20342003A0A42F2
:10C110000083104200CB164200141D42005C2342F3
:10C1200000A5294200ED2F4200363642007E3C42F7
:10C1300000C74242000F4942A2000000F90000007F
:10C14000830000006E0000004E000000440000006C
:10C150001500000029000000FC000000270000007E
:10C1600057000000D1000000F5000000340000007E
:10C17000DD000000C0000000DB00000062000000E5
:10C1800095000000990000003C0000004300000002
:10C190009000000041000000FE000000510000007F
:10C1A00063000000AB000000DE000000BB000000E8
:10C1B000C500000061000000B7000000240000007E
:10C1C0006E0000003A000000420000004D00000038
:10C1D000D2000000E000000006000000490000005E
:10C1E0002E000000EA00000009000000D10000005D
:10C1F000920000001C000000FE0000001D00000076
:10C20000EB0000001C000000B1000000290000004D
:10C21000A70000003E000000E800000082000000CF
:10C2200035000000F50000002E000000BB000000FB
:10C230004400000084000000E90000009C000000B1
:10C240007000000026000000B40000005F00000045
:10C250007E00000041000000390000009100000055
:10C26000D6000000390000008300000053000000E9
:10C2700039000000F40000009C0000008400000071
:10C280005F0000008B000000BD000000F90000000E
:10C29000280000003B0000001F000000F800000024
:10C2A00097000000FF000000DE0000000500000015
:10C2B000980000000F000000EF0000002F000000B9
:10C2C000110000008B0000005A0000000A0000006E
:10C2D0006D0000001F0000006D000000360000002F
:10C2E0007E000000CF00000027000000CB0000000F
:10C2F00009000000B70000004F00000046000000E9
:10C300003F000000660000009E0000005F0000008B
:10C31000EA0000002D00000075000000270000006A
:10C32000BA000000C7000000EB000000E5000000BC
:10C33000F10000007B0000003D000000070000004D
:10C3400039000000F70000008A00000052000000E1
:10C3500092000000EA0000006B000000FB000000FB
:10C360005F000000B10000001F0000008D00000011
:10C370005D000000080000005600000003000000FF
:10C380003000000046000000FC0000007B000000C0
:10C390006B000000AB000000F0000000CF000000C8
:10C3A000BC000000200000009A000000F400000023
:10C3B000360000001D000000A9000000E30000009E
:10C3C00091000000610000005E000000E600000037
:10C3D0001B0000000800000065000000990000003C
:10C3E000850000005F00000014000000A0000000B5
:10C3F00068000000400000008D000000FF00000009
:10C40000D8000000800000004D0000007300000014
:10C4100027000000310000000600000006000000B8
:10C420001500000056000000CA0000007300000064
:10C43000A8000000C900000060000000E200000049
:10C440007B000000C00000008C0000006B000000BA
:10C4500002000000030000000400000006000000CD
:10C460000000C93F0000F0390000DA370000A233B5
:10C470000000842E0000502B0000C2270000D022B4
:10C480000000C41F0000C61B000044170400000089
:10C490000700000009000000400000204300504F4A
:10C4A000534958002E00002020202020202020204A
:10C4B0002828282828202020202020202020202054
:10C4C0002020202020202088101010101010101084
:10C4D00010101010101010040404040404040404C8
:10C4E0000410101010101010414141414141010150
:10C4F000010101010101010101010101010101012C
:10C500000101101010101010424242424242020239
:10C5100002020202020202020202020202020202FB
:10C5200002021010101020000000000000000000A7
:10C5300000000000000000000000000000000000FB
:10C5400000000000000000000000000000000000EB
:10C5500000000000000000000000000000000000DB
:10C5600000000000000000000000000000000000CB
:10C5700000000000000000000000000000000000BB
:10C5800000000000000000000000000000000000AB
:10C59000000000000000000000000000000000009B
:0CC5A0000000000000000000000000008F
:08C5AC00388FFE7F0100000042
:10C5B40000000000A10D0C000101010180BA010F6F
:10C5C40080BA010F0138FDD1704700BFFFFFFFFFA4
:10C5D400A40C00200090D00339A4010040000020E6
:10C5E4000000000000000000000000000000000047
:10C5F4000000000000000000000000000000000037
:10C604000000000000000000000000000000000026
:10C614000000000000000000000000000000000016
:10C624000000000000000000000000000000000006
:10C6340000000000000000000000000000000000F6
:10C6440043000000000000000000000000000000A3
:10C6540000000000000000000000000000000000D6
:10C664004300000000000000000000000000000083
:10C6740000000000000000000000000000000000B6
:10C684004300000000000000000000000000000063
:10C694000000000000000000000000000000000096
:10C6A4004300000000000000000000000000000043
:10C6B4000000000000000000000000000000000076
:10C6C4004300000000000000000000000000000023
:10C6D4000000000000000000000000000000000056
:10C6E4004300000000000000000000000000000003
:10C6F4000000000000000000000000000000000036
:10C7040043000000000000000000000000000000E2
:10C714000000000000000000000000000000000015
:10C724001BA60100F7A5010000000000A6C401003B
:10C73400A4C40100A5C40100A5C40100A5C401004E
:10C74400A5C40100A5C40100A5C40100A5C401003D
:10C75400A5C40100A5C40100FFFFFFFFFFFFFFFF09
:10C76400FFFFFFFFFFFF0000010041534349490061
:10C7740000000000000000000000000000000000B5
:10C78400000000000000000000004153434949003C
:10C794000000000000000000000000000000000095
:10C7A400000000000000000000000000000403017D
:10C7B400C9540000718B00004196000071600100B3
:04C7C400A554000078
:08C7C800000000000000000069
:10C7D0000000000000000000000000000000000059
:10C7E0000000000000000000000000000000000049
:10C7F0000000000000000000000000000000000039
:10C800000000000000000000000000000000000028
:10C810000000000000000000000000000000000018
:10C820000000000000000000000000000000000008
:10C8300000000000000000000000000000000000F8
:10C8400000000000000000000000000000000000E8
:10C8500000000000000000000000000000000000D8
:10C8600000000000000000000000000000000000C8
:10C8700000000000000000000000000000000000B8
:10C8800000000000000000000000000000000000A8
:10C890000000000000000000000000000000000098
:10C8A0000000000000000000000000000000000088
:10C8B0000000000000000000000000000000000078
:10C8C0000000000000000000000000000000000068
:10C8D0000000000000000000000000000000000058
:10C8E0000000000000000000000000000000000048
:10C8F0000000000000000000000000000000000038
:10C900000000000000000000000000000000000027
:10C910000000000000000000000000000000000017
:10C920000000000000000000000000000000000007
:10C9300000000000000000000000000000000000F7
:10C9400000000000000000000000000000000000E7
:10C9500000000000000000000000000000000000D7
:10C9600000000000000000000000000000000000C7
:10C9700000000000000000000000000000000000B7
:10C9800000000000000000000000000000000000A7
:10C990000000000000000000000000000000000097
:10C9A0000000000000000000000000000000000087
:10C9B0000000000000000000000000000000000077
:10C9C0000000000000000000000000000000000067
:10C9D0000000000000000000000000000000000057
:10C9E0000000000000000000000000000000000047
:10C9F0000000000000000000000000000000000037
:10CA00000000000000000000000000000000000026
:10CA10000000000000000000000000000000000016
:10CA20000000000000000000000000000000000006
:10CA300000000000000000000000000000000000F6
:10CA400000000000000000000000000000000000E6
:10CA500000000000000000000000000000000000D6
:10CA600000000000000000000000000000000000C6
:10CA700000000000000000000000000000000000B6
:10CA800000000000000000000000000000000000A6
:10CA90000000000000000000000000000000000096
:10CAA0000000000000000000000000000000000086
:10CAB0000000000000000000000000000000000076
:10CAC0000000000000000000000000000000000066
:10CAD0000000000000000000000000000000000056
:10CAE0000000000000000000000000000000000046
:10CAF0000000000000000000000000000000000036
:10CB00000000000000000000000000000000000025
:10CB10000000000000000000000000000000000015
:10CB20000000000000000000000000000000000005
:10CB300000000000000000000000000000000000F5
:10CB400000000000000000000000000000000000E5
:10CB500000000000000000000000000000000000D5
:10CB600000000000000000000000000000000000C5
:10CB700000000000000000000000000000000000B5
:10CB800000000000000000000000000000000000A5
:10CB90000000000000000000000000000000000095
:10CBA0000000000000000000000000000000000085
:10CBB0000000000000000000000000000000000075
:10CBC0000000000000000000000000000000000065
:10CBD0000000000000000000000000000000000055
:10CBE0000000000000000000000000000000000045
:10CBF0000000000000000000000000000000000035
:10CC00000000000000000000000000000000000024
:10CC10000000000000000000000000000000000014
:10CC20000000000000000000000000000000000004
:10CC300000000000000000000000000000000000F4
:10CC400000000000000000000000000000000000E4
:10CC500000000000000000000000000000000000D4
:10CC600000000000000000000000000000000000C4
:10CC700000000000000000000000000000000000B4
:10CC800000000000000000000000000000000000A4
:10CC90000000000000000000000000000000000094
:10CCA0000000000000000000000000000000000084
:10CCB0000000000000000000000000000000000074
:10CCC0000000000000000000000000000000000064
:10CCD0000000000000000000000000000000000054
:10CCE0000000000000000000000000000000000044
:10CCF0000000000000000000000000000000000034
:10CD00000000000000000000000000000000000023
:10CD10000000000000000000000000000000000013
:10CD20000000000000000000000000000000000003
:10CD300000000000000000000000000000000000F3
:10CD400000000000000000000000000000000000E3
:10CD500000000000000000000000000000000000D3
:10CD600000000000000000000000000000000000C3
:10CD700000000000000000000000000000000000B3
:10CD800000000000000000000000000000000000A3
:10CD90000000000000000000000000000000000093
:10CDA0000000000000000000000000000000000083
:10CDB0000000000000000000000000000000000073
:10CDC0000000000000000000000000000000000063
:10CDD0000000000000000000000000000000000053
:10CDE0000000000000000000000000000000000043
:10CDF0000000000000000000000000000000000033
:10CE00000000000000000000000000000000000022
:10CE10000000000000000000000000000000000012
:10CE20000000000000000000000000000000000002
:10CE300000000000000000000000000000000000F2
:10CE400000000000000000000000000000000000E2
:10CE500000000000000000000000000000000000D2
:10CE600000000000000000000000000000000000C2
:10CE700000000000000000000000000000000000B2
:10CE800000000000000000000000000000000000A2
:10CE90000000000000000000000000000000000092
:10CEA0000000000000000000000000000000000082
:10CEB0000000000000000000000000000000000072
:10CEC0000000000000000000000000000000000062
:10CED0000000000000000000000000000000000052
:10CEE0000000000000000000000000000000000042
:10CEF0000000000000000000000000000000000032
:10CF00000000000000000000000000000000000021
:10CF10000000000000000000000000000000000011
:10CF20000000000000000000000000000000000001
:10CF300000000000000000000000000000000000F1
:10CF400000000000000000000000000000000000E1
:10CF500000000000000000000000000000000000D1
:10CF600000000000000000000000000000000000C1
:10CF700000000000000000000000000000000000B1
:10CF800000000000000000000000000000000000A1
:10CF90000000000000000000000000000000000091
:10CFA0000000000000000000000000000000000081
:10CFB0000000000000000000000000000000000071
:10CFC0000000000000000000000000000000000061
:10CFD0000000000000000000000000000000000051
:10CFE0000000000000000000000000000000000041
:10CFF0000000000000000000000000000000000031
:10D00000708E3B92C615A841C49866C975EE5197BB
:10D01000533BE6DACF732154310061005A005B00C4
:10D020006900DD55D813040000000100400C040025
:10D03000FFC50300E07E04005BC60300583C04000B
:10D04000ECB10100000000004DD0010000B500204F
:10D050003768786000203768B86003202D21C90048
:10D06000376878506F467760E9F7EEFF01B46B4997
:10D070006F467760E9F7F8FF009801B401B001BC92
:10D080002B21C9003768785065483321C9003768BB
:10D09000785006205D2189003768785001201721DB
:10D0A0000901376878505F486F467760EBF722FEDA
:10D0B00001B45D4801B4019801B414F057FA02B00C
:10D0C00001BC612189003768785056486F46776007
:10D0D000EBF710FE01B4554801B4019801B414F007
:10D0E00045FA02B001BC0321C90137687850C92054
:10D0F0005B218900376878506F467760EAF74EF811
:10D1000001B46A210D226F467760EAF7CFF80098E4
:10D11000692111226F467760EAF7C8F800988521E7
:10D12000434A6F467760EAF7C1F8009801B401B04E
:10D1300001BCF821376878506F467760EAF72EF81F
:10D1400001B46A2119226F467760EAF7AFF80098B8
:10D15000692119226F467760EAF7A8F800988521BF
:10D16000344A6F467760EAF7A1F8009801B401B03D
:10D1700001BCFC21376878506F467760EAF70EF8FB
:10D1800001B46A210D226F467760EAF78FF80098A4
:10D1900069210B226F467760EAF788F800988521AD
:10D1A000254A6F467760EAF781F8009801B401B02C
:10D1B00001BC3768F8670A203768F8601F4801B477
:10D1C0001FF0BCFC6F467760E8F764FF01B05E209B
:10D1D00000216F467760E9F76DFF20F02EFE0121F8
:10D1E00020F04BFE2CD05E2000216F467760E9F7DF
:10D1F00061FF20F022FE01B407210902D1316F4600
:10D200007760EAF701FA01B001B41FF09CFC6F46A9
:10D210007760E8F73BFF01B012E000008CDC020011
:10D22000D43C040020060400E43804001039040053
:10D23000A03D040040520400F05B040038D9010016
:10D24000E14801B41FF095FC6F467760F2F71EFBD2
:10D2500001B010F041FD842137687850DB4863212C
:10D26000890037687850DA48192109013768785001
:10D2700014F07EFED74837683861D7486F4677602C
:10D28000EBF738FD01B4092001B40B2001B402987A
:10D2900001B414F059FC03B001BC942137687850F4
:10D2A000CD486F467760EBF725FD01B40B2001B444
:10D2B0000D2001B4029801B414F046FC03B001BC87
:10D2C000D42137687850C4486F467760EBF712FD79
:10D2D00001B45F2001B4032001B4029801B414F03A
:10D2E00033FC03B001BCC42137687850BA486F469C
:10D2F0007760EBF7FFFC01B4632001B4052001B4B3
:10D30000029801B414F020FC03B001BCC8213768B6
:10D310007850B1486F467760EBF7ECFC01B46120C0
:10D3200001B4072001B4029801B414F00DFC03B05D
:10D3300001BCCC2137687850A7486F467760EBF77F
:10D34000D9FC01B4652001B4092001B4029801B4EC
:10D3500014F0FAFB03B001BCD021376878509E4826
:10D360006F467760EBF7C6FC01B4672001B40F206D
:10D3700001B4029801B414F0E7FB03B001BCD8215A
:10D380003768785095486F467760EBF7B3FC01B487
:10D39000002001B4052001B4029801B403F062FB3F
:10D3A00003B001BC2521C900376878508B486F460F
:10D3B0007760EBF79FFC01B4002001B4072001B4B3
:10D3C000029801B403F04EFB03B001BC4B2189006D
:10D3D0003768785081486F467760EBF78BFC01B473
:10D3E000002001B4092001B4029801B403F03AFB13
:10D3F00003B001BC132109013768785003F090FA9B
:10D400004921890037687850754801B414F06BFDE4
:10D4100001B0744801B414F0E4FC01B072486F46E6
:10D420007760EBF767FC01B40120404201B40120B2
:10D4300001B4029801B414F087FB03B001BC376853
:10D44000B8614220552189003768785003200002D6
:10D45000E93053218900376878503D2015210901B2
:10D460003768785014F052FB3768F86114F04EFBBF
:10D470003768386214F04AFB376878625B4801B459
:10D4800014F034FB01B03768B86200203768F862E6
:10D49000574801B414F0A5FC01B0564801B414F08B
:10D4A00022FD01B054486F467760EBF723FC01B4CE
:10D4B000032001B4019801B405F06CFA02B001BC7C
:10D4C000DC21376878506F467760E9F7BDFD376833
:10D4D000B8644A486F467760F1F7DEF837687863DA
:10D4E00047486F467760F1F7D7F83768B863454823
:10D4F0006F467760F1F7D0F83768F8630A200921A2
:10D500004901376878500A202321C90037687850CC
:10D510003D48376838640A20E4213768785013F0B2
:10D52000A7FF13F08BFF3768B86C01B41FF034FB12
:10D5300036496F467760E9F797FD01B034486F468A
:10D540007760F1F7A9F83768F86432486F4677607A
:10D55000F1F7A2F8376838652F486F467760F1F722
:10D560009BF8376878652D486F467760F1F794F837
:10D570003768B8652A486F467760F1F78DF83768E5
:10D58000F86528486F467760F1F786F8376838669F
:10D5900025486F467760F1F77FF83768786623484B
:10D5A0006F467760F1F778F83768B86620486F46BD
:10D5B0007760F1F771F83768F8661E486F46776054
:10D5C000F1F76AF8376837E0805F04002C3904000F
:10D5D0003839040001000100C0E00300DCDF030073
:10D5E000E8D9010060DB0100D0E103008C3C0400BD
:10D5F00028DC0100F0DC010008F60300B060040044
:10D60000DC6004006C610400ACDD010028DE020077
:10D61000606304004066040020690400006C04009C
:10D62000106E040020700400307204004074040086
:10D6300050760400607804003867D9486F467760F8
:10D64000F1F72AF837687867032051218900376895
:10D650007850112005218901376878503768F86FB4
:10D660003768B86784203768385801B41FF0A7FAC4
:10D670006F467760EDF700FF01B020F0DEFB01B4EC
:10D680003768B86F01B469211FF0A2FA01B0052113
:10D6900020F046FB01B4019800996F467760E9F7E6
:10D6A000DFFF02B001B46F467760EAF7A3F801B07C
:10D6B000032120F045FB80213768785084203768AB
:10D6C000385801B41FF07BFA6F467760EDF7D0FE53
:10D6D00001B020F0B2FB112120F032FB01B4376819
:10D6E000B86F01B46A211FF073FA01B001B4019858
:10D6F00000996F467760E9F7B3FF02B001B46F4657
:10D700007760EAF777F801B0882137687850A54844
:10D7100001B410F06FFA01B0A34801B41FF096FAFB
:10D7200001B0AC2137687850A0486F467760EBF7BE
:10D73000E1FA01B4792001B4012001B4292001B437
:10D74000039801B401F014FD04B001BCB0213768A6
:10D75000785097486F467760EBF7CCFA01B4002019
:10D7600001B4019801B410F027F902B001BC8C217A
:10D77000376878508F48B421376878508E486F46A4
:10D780007760EBF7B7FA01B48C4801B41F200002B0
:10D79000413001B4512001B4152001B4049801B402
:10D7A00002F0B2FF05B001BC2F21C90037687850E4
:10D7B00081486F467760EBF79DFA01B4804801B469
:10D7C00027200002113001B40B2001B4052001B460
:10D7D000049801B402F098FF05B001BC9C213768A1
:10D7E000785078486F467760EBF784FA01B4764852
:10D7F00001B4C92001B4029801B411F05FFF03B075
:10D8000001BC0B214901376878506E486F4677603C
:10D81000EBF770FA01B46D4801B4FB2001B4029833
:10D8200001B411F04BFF03B001BC5F2189003768E0
:10D8300078504020000201309021376878506448C9
:10D8400001B410F0B1F801B010F088F8614801B4EB
:10D8500010200002033001B494203768385801B416
:10D860000FF033FE03B05C4801B43768786A01B446
:10D87000032001B40FF02CFD03B0584801B4376801
:10D88000786A01B43768F86901B40FF021FD03B07C
:10D890000620A02137687850072001B40FF066FCFD
:10D8A00001B0012001B405F065F801B04C486F46A5
:10D8B0007760F0F7F1FE03463768F86901B408B401
:10D8C00003F042FC02B0982137687850D32001B4AD
:10D8D0009D2001B498203768385801B403F06FFBDD
:10D8E00003B0422001B498203768385801B403F0DF
:10D8F0004CFB02B0012001B4C92001B49820376864
:10D90000385801B402F0FCFF03B0002001B400203D
:10D9100001B49C203768385801B402F030FF03B0DE
:10D92000304801B407200002D13001B400F0AEFB52
:10D9300002B0002000BD0000ECB1010000000000BA
:10D9400045D9010000B542206F467760EAF7D6F866
:10D95000002823D00A203768F860012000029130A7
:10D9600001B414F0FFFB01B03768F8686F467760C8
:10D97000EAF7C4F86F467760E9F72AFA6F467760EE
:10D98000E9F74CFB6F467760EAF7B8F8002804D057
:10D9900014F0D0FB42203768F860D4E7002000BDC7
:10D9A000707A0400ECD9020014FC0100B8F0030006
:10D9B000FCE30300B03C0400A8E9030040170300A7
:10D9C000DCEE0100A40504001CF30200BC150300FA
:10D9D00084D9020004DE010018DE01003CDE0100F3
:10D9E000207D040060DE0100ECB1010000000000B9
:10D9F000F5D9010000B5002001B401B401B414F060
:10DA000059FA1FF041F9006D009000986F46776059
:10DA1000EAF774F86F467760E9F7DAF96F467760EE
:10DA2000E9F7FCFA6F467760EAF768F8002800D05B
:10DA300093E001200190019801B4019801B41FF016
:10DA4000ABF820F0B7FA01B001B40198009920F0CA
:10DA500000FA02B000D180E03768786901B402981A
:10DA600001B4019800991EF040FE02B002900298A5
:10DA700001B46F467760EAF709F8002802D10098F0
:10DA800001B046E00098009801B0009801B40298F7
:10DA900001B4019800991EF028FE02B06F4677602D
:10DAA000EAF72CF86F467760E9F792F96F467760EE
:10DAB000E9F7B4FA6F467760EAF720F86F467760C7
:10DAC000E9F786F96F467760E9F7A8FA01B4039899
:10DAD00040696F467760EAF711F86F467760E9F7BB
:10DAE00077F96F467760E9F799FA6F467760EAF75A
:10DAF00005F86F467760E9F76BF96F467760E9F7ED
:10DB00008DFA01B4019800996F467760E9F790FFAC
:10DB100002B06F467760E9F7F1FF002817D002984E
:10DB200040696F467760E9F7E9FF002801D00320DC
:10DB300000E0052001B40398006901B4019801B424
:10DB40001FF0B0F86F467760EBF7F4FD03B0019873
:10DB5000032120F0E5F801906DE7002003B000BD3F
:10DB6000ECB10100000000006DDB0100012C06DAC1
:10DB700000B51FF0A7F800F002F801B000BD00B535
:10DB8000002001B4029801B46F467760E9F75CFAAF
:10DB900001B4019800991FF077F8016502B00120E7
:10DBA0000090009801B43768786901B41EF0F4FF62
:10DBB00020F000FA01B001B40198009920F049F971
:10DBC00002B02ED03768786901B4019801B4019889
:10DBD00000991EF08AFD02B06F467760E9F78EFF6C
:10DBE000002818D002981FF04FF8006D01B401987A
:10DBF00001B43768786901B4039801B401980099B9
:10DC00001EF073FD02B0406901B402980199009AB8
:10DC10001EF0B6FD03B00098032120F081F80090BB
:10DC2000BFE7002001B000BDECB101000000000022
:10DC300035DC0100012C06DA00B51FF043F800F0D6
:10DC400002F801B000BD00B53768F86A6F4677602A
:10DC5000E9F754FF002849D03768386B6F46776082
:10DC6000E9F74CFF6F467760E9F7B2F86F467760E7
:10DC7000E9F7D4F96F467760E9F740FF002805D04F
:10DC80006F467760E9F7E0F9376838636F46776089
:10DC9000E9F784FA01B401B43768F86A01B401986D
:10DCA000009A01210902A9316F467760E9F7FEFA6F
:10DCB00002B0029801B4009A01985B2189006F4676
:10DCC0007760E9F7F3FA01B0009801B401B0376862
:10DCD000386B01B4019801B41EF0F8FF6F4677600D
:10DCE000E9F7C2F903B000203768F862002000BDF0
:10DCF000ECB1010000000000FDDC010000B50020D7
:10DD000001B401B414F0D6F8009000203768F8622E
:10DD10003768386B01B46F467760E9F7B7FE0028C3
:10DD200002D1009801B00AE00098009801B037686D
:10DD3000386B01B41EF030FF20F03CF901B06F46A3
:10DD40007760E9F7DBFE00282CD03768386B01B428
:10DD50001EF022FF6F467760E9F78CF901B0019061
:10DD6000019801B45B2189001EF032FF01B00099D7
:10DD700020F0BFF80AD0019801B401210902A931AD
:10DD80001EF026FF01B03768F8620BE03768386B89
:10DD900001B4029801B41EF099FF6F467760E9F76D
:10DDA00063F902B0002002B000BD0000ECB1010038
:10DDB00000000000B9DD010000B53768786C6F46DF
:10DDC0007760E9F79BFE6F467760E9F701F86F46E9
:10DDD0007760E9F723F96F467760E9F78FFE00284F
:10DDE0000CD0C1486F467760EAF784FF01B401B4F4
:10DDF00013F054FB01B001BC376878643768786C65
:10DE000000BD0000ECB101000000000011DE0100C7
:10DE100000B5002000BD0000ECB1010000000000D2
:10DE200025DE0100022C06DA00B51EF055FF00F0D9
:10DE300002F802B000BD00B5002000BDECB1010049
:10DE40000000000049DE0100022C06DA00B51EF0D9
:10DE500043FF00F002F802B000BD00B5002000BD95
:10DE6000ECB10100000000006DDE010000B59F482C
:10DE70006F467760F0F710FC03463768786A01B4A4
:10DE800008B403F061F902B0A02137687850A020EF
:10DE90003768385801B40120012109022D316F463D
:10DEA0007760E9F737FC01B406BC012001B402B485
:10DEB00004B403F084F803B0652001B4012001B478
:10DEC000A0203768385801B400F055F803B042205C
:10DED00001B4212001B4A0203768385801B400F003
:10DEE0000CF803B0002000BD032C0BDA00B51EF0C7
:10DEF000FCFE00F007F803B000BD774600981EF066
:10DF000002FFBE4600B503986F467760E9F7F6FD5D
:10DF100000280DD0019801B401B40198C06F049994
:10DF20001FF02BFF01B401980099C16703B017E0FF
:10DF3000019801B40298C06F01B46F467760E9F7A9
:10DF4000D7FA01B003991FF018FF01B46F4677604C
:10DF5000E9F7CEFA01B001B401980099C16702B0A7
:10DF6000002000BD032C0BDA00B51EF0BEFE00F051
:10DF700007F803B000BD774600981EF0C4FEBE4609
:10DF800000B5029801B4029801B400F053F802B051
:10DF9000039801B4029801B400F012F802B0002016
:10DFA00000BD0000022C0BDA00B51EF095FE00F05B
:10DFB00007F802B000BD774600981EF0A4FEBE46EA
:10DFC00000B5019801B4039801B413F08FFD01B0BE
:10DFD00001B401980099816102B0002000BD0000E9
:10DFE000012C0BDA00B51EF06DFE00F007F801B051
:10DFF00000BD774600981EF086FEBE4600B501982B
:10E00000806901B40221090201316F467760E9F7A6
:10E0100027FB01B000BD0000022C0BDA00B51EF09A
:10E020005BFE00F007F802B000BD774600981EF0D6
:10E030006AFEBE4600B5019801B4039801B413F01E
:10E0400055FD01B001B401980099416102B0002072
:10E0500000BD0000012C0BDA00B51EF033FE00F00D
:10E0600007F801B000BD774600981EF04CFEBE4692
:10E0700000B50198406901B40221090201316F46DF
:10E080007760E9F7EDFA01B000BD000000B50020AF
:10E0900001B403986F467760E9F730FD6F4677600B
:10E0A000E8F796FE6F467760E8F7B8FF01B46F4671
:10E0B0007760E9F7EBFC002802D0009801B00AE095
:10E0C0000098009801B0029801B401216F46776072
:10E0D000E9F790FD01B06F467760E9F70FFD002882
:10E0E00006D035E004E00000E0E20300B07D04006B
:10E0F0006F467760E9F720F80090009801216F469D
:10E100007760E9F717F80320C9496F467760EAF7A7
:10E11000BFFD01B40021019A6F467760E9F716F858
:10E1200000980121039A6F467760E9F70FF800988D
:10E130000221049A6F467760E9F708F80FF00EFCA9
:10E1400003460098272001B408B400F04CF803B04F
:10E15000002001B000BD0000ECB101000000000093
:10E1600065E1010000B5002001B413F0A3FEC06D0D
:10E170000090E8686F467760E8F7DAFF00991FF0D3
:10E1800090FE12D0E86801B4019829691FF0C8FD1B
:10E1900001B4019800996F467760E8F7CBFF02B0B1
:10E1A000686901B41EF052FD01B0002001B000BD4D
:10E1B000012C0BDA00B51EF085FD00F007F801B068
:10E1C00000BD774600981EF05FFDBE4600B5019881
:10E1D000C06D00BD032C0BDA00B51EF086FD00F00B
:10E1E00007F803B000BD774600981EF09AFDBE46C2
:10E1F00000B5002001B401B4039880686F467760D1
:10E20000E9F77CFC6F467760E8F7E2FD6F467760E0
:10E21000E8F704FF6F467760E9F770FC00280FD03D
:10E22000039801B46F467760E8F70EFF01B40198D8
:10E230000099816002B0039801B400F069F801B060
:10E240007C486F467760EAF755FD00900098049986
:10E250001EF075FD4160009805991EF070FD81600B
:10E2600001200190019801B40498806801B41EF067
:10E2700093FC1FF09FFE01B001B4019800991FF0BC
:10E28000E8FD02B026D00398806801B4029801B47A
:10E29000019800991EF029FA02B01EF050FD406866
:10E2A00004991FF0EAFD0FD00398806801B402982A
:10E2B00001B4029801B41EF050FD6F467760E8F794
:10E2C000EDFE03B0009812E0019803211FF028FD35
:10E2D0000190C7E70398806801B4019801B41EF06B
:10E2E000F5FC6F467760E8F7BFFE02B0009802B019
:10E2F00000BD0000012C0BDA00B51EF0E3FC00F0BD
:10E3000007F801B000BD774600981EF00AFDBE4632
:10E3100000B5002001B4029880686F467760E9F785
:10E32000EDFB6F467760E8F753FD6F467760E8F7DF
:10E3300075FE6F467760E9F7E1FB002800D01EE02C
:10E340000298C068009002203B496F467760EAF768
:10E350009FFC01B40021039A6F467760E8F7F6FE50
:10E3600000980121019A6F467760E8F7EFFE009868
:10E370001EF0E4FB6F467760E7F78CFE01B00020EB
:10E3800001B000BDECB101000000000091E301000C
:10E3900000B5002001B4E868806A6F467760E9F74D
:10E3A000ADFB002813D0012024496F467760EAF7BF
:10E3B0006FFC01B40021EA686F467760E8F7C6FE9B
:10E3C000002001B4019801B400F010FA03B0E8682D
:10E3D00042218162E86801210161E868012141610F
:10E3E000E8680121C161E86801B46F467760E7F72A
:10E3F00041FE1FF022FD01B401980099016202B0B4
:10E40000286901B4E868C06801B4019800991FF058
:10E4100070FD02B014D0E86801B400F03BF801B020
:10E420000090009801B413F09DFE01B0E8E70000F1
:10E4300058E10100ECEC030084E301004CE401002E
:10E44000E8680A218162002001B000BDECB1010042
:10E450000000000059E4010000B5E868806A6F46DA
:10E460007760E9F74BFB6F467760E8F7B1FC6F46E2
:10E470007760E8F7D3FD00BD012C0BDA00B51EF084
:10E4800021FC00F007F801B000BD774600981EF0AF
:10E4900048FCBE4600B5002001B401B401B401B48B
:10E4A00001B401B401B401B401B46F467760E7F779
:10E4B000E1FD1FF0C2FC00900A9801B4019801B47C
:10E4C0000C98006A01B4019800991FF039FC02B061
:10E4D00001B401980099C16102B00A9800990162E3
:10E4E000002001900A988068029001200390039810
:10E4F00001B403986F467760E8F7B0FD1FF09DFC0C
:10E5000001B4019800996F467760E9F74FFB02B0BC
:10E51000002819D0029801B404981FF084FC01B4BB
:10E52000019800996F467760E8F7A8FD02B0019066
:10E53000019801B4CC211EF01FFC01B00398032107
:10E540001FF0EEFB0390D2E7002002906F46776049
:10E55000E7F790FD1FF071FC0490049800991FF0FC
:10E56000EFFB05900A9801B401B40198406907993E
:10E570001FF0D6FB01B401980099416103B00A98DD
:10E5800001B401B40198006903211FF0C9FB01B473
:10E5900001980099016103B00A98406901B407210C
:10E5A0000902D1316F467760E9F746FB01B001B44B
:10E5B0006F467760E9F76AFA002802D0009801B048
:10E5C0000BE00098009801B00A98006901B43D2161
:10E5D0006F467760E9F730FB01B06F467760E9F787
:10E5E0008DFA002800D1E9E0049801B40B98806905
:10E5F00001B4019800991FF0A3FB02B006900A989D
:10E60000049981610A98006901B40B98406901B4CA
:10E6100007210902D1316F467760E9F721F801B08F
:10E6200001B4019800996F467760E9F719F802B0D4
:10E630000790079801B46F467760E9F7F9F801B0E1
:10E6400001B41EF0F3FBBA486F467760E8F74CFA66
:10E6500001B0A421376878500798C7211FF0F9FB53
:10E660002CD0A4203768385801B4089801B415217B
:10E670006F467760E8F7C8FF01B001B46F46776076
:10E68000E9F7D6F801B001B415216F467760E8F7D5
:10E69000FDFF01B001B41EF0C9FBA6486F467760CC
:10E6A000E8F722FA01B001B41EF0C7FB6F467760AD
:10E6B000E8F71AFA02B0A421376878506F467760FD
:10E6C000E7F736FD6F467760E8F7A8FC6F4677609E
:10E6D000E9F714FA00286BD06F467760E8F7C8F9BD
:10E6E00001B4089801B4C9216F467760E8F78CFF40
:10E6F00001B001211FF041FB01B41EF0AAFB6F46DF
:10E700007760E8F7F1F902B001B41EF0AAFB8A497C
:10E710006F467760E8F7E8F901B001B40B9800693B
:10E7200001B41EF08AFB6F467760E8F7DDF902B0AE
:10E7300001B41EF096FB81496F467760E8F7D4F983
:10E7400001B001B40B98406901B41EF076FB6F462E
:10E750007760E8F7C9F902B001B41EF082FB78498E
:10E760006F467760E8F7C0F901B001B4079801B4CB
:10E770001EF063FB6F467760E8F7B6F902B001B4AC
:10E780001EF06FFB6F496F467760E8F7ADF901B097
:10E7900001B41EF066FB6F467760EAF7E3FF01B055
:10E7A0006F467760E7F7AEFC6F467760ECF7F4FBF7
:10E7B0000A98012141610A980121016129200599E6
:10E7C0001FF0BEFA01B4032001B400F005F802B056
:10E7D0000890089809B000BD00B5019802991FF093
:10E7E00074FB01D0019800E0029800BD00B50198CB
:10E7F0006F467760E9F782F96F467760E8F7E8FAE5
:10E800006F467760E8F70AFC01B46F467760E9F776
:10E810003DF9002802D0009801B007E00098009868
:10E8200001B0019801B41EF011FA01B06F46776093
:10E83000E9F764F9002800D01DE002986F46776080
:10E84000E9F75CF96F467760E8F7C2FA6F467760E0
:10E85000E8F7E4FB6F467760E9F750F9002801D04C
:10E8600001200290002001B4029801B4049801B480
:10E8700000F004F803B0002000BD000000B5002047
:10E8800001B431486F467760EAF734FA01B46F4655
:10E890007760EAF763FF1FF0D0FA01B46F46776044
:10E8A000E7F7E8FB1FF0C9FA01B4059801B407982F
:10E8B00001B409986F467760E9F720F96F467760F1
:10E8C000E8F786FA6F467760E8F7A8FB01B40027FF
:10E8D000009801B40197029801B40397049801B419
:10E8E0000597069801B40797089801B4099707207F
:10E8F0000002FF3001B40B9801B400F0D5FA0CB05F
:10E9000001BC00903768B8686F467760E9F7F6F8A1
:10E910006F467760E8F75CFA6F467760E8F77EFB52
:10E920006F467760E9F7EAF800280FD12DE0000084
:10E93000EC370400F83704000038040014380400F1
:10E94000243804003038040034ED03006F4677604B
:10E95000E8F77AFB01B401B4029801B40198009978
:10E960006F467760E8F780FB02B0009801B401B011
:10E9700001BC3768B860C84801B41EF0DFF86F46C4
:10E980007760E7F787FB01B00BE03768B86801B440
:10E99000019801B41EF09AF96F467760E8F764FBBE
:10E9A00002B004986F467760E9F7A8F8002814D001
:10E9B00000981EF05CFA406801B401981EF057FA06
:10E9C000806801B406BC212001B4059801B402B4EA
:10E9D00004B400F017F804B010E000981EF047FAF5
:10E9E000406801B401981EF042FA806801B41EF03C
:10E9F00059F96F467760E7F74FFB02B0002001B08E
:10EA000000BD000000B5002001B400F039F900900D
:10EA100000986F467760E9F771F86F467760E8F71E
:10EA2000D7F96F467760E8F7F9FA6F467760E9F74C
:10EA300065F800280FD0029801B4049801B4069834
:10EA400001B4089801B41EF020FA6F467760E7F72A
:10EA500019FB04B00CE0059801B4059801B40598C1
:10EA600001B4059801B4049801B400F00EF805B0A3
:10EA7000002001B000BD0000052C0BDA00B51EF02F
:10EA800021FA00F007F805B000BD774600981EF0A7
:10EA900048F9BE4600B5002001B401B401B401B488
:10EAA0000020009005984068019001200290029893
:10EAB00001B402986F467760E8F7D0FA1FF0BDF90D
:10EAC00001B4019800996F467760E9F76FF802B0DA
:10EAD00000284DD0019801B403981FF0A4F901B4A7
:10EAE000019800996F467760E8F7C8FA02B0009085
:10EAF00000981EF0FFF9406801B4079801B401982E
:10EB000000996F467760E8F78BFF02B001B46F465B
:10EB10007760E8F7BBFF002802D1009801B010E051
:10EB20000098009801B000981EF0E4F9806801B4E4
:10EB3000089801B4019800996F467760E8F770FF74
:10EB400002B06F467760E8F7D9FF00280AD0009836
:10EB500009991EF0CFF90161009808991EF0CAF9D1
:10EB6000C1602DE0029803211FF0DAF802909EE7C1
:10EB70000020019049486F467760EAF7BBF801B47E
:10EB80000A9801B40A9801B40A9801B40A9801B429
:10EB9000049801B400F060F805B001BC039005983A
:10EBA000406801B4049801B41EF090F86F46776095
:10EBB000E8F75AFA02B0039801B400F00EF801B079
:10EBC000002004B000BD0000012C0BDA00B51EF0DF
:10EBD00079F800F007F801B000BD774600981EF004
:10EBE00089F9BE4600B501202D496F467760EAF7E6
:10EBF0004FF801B40021029A6F467760E8F7A6FA51
:10EC00000298406801B40398806801B4029801B486
:10EC10000598006901B41EF038F96F467760E7F790
:10EC200031FA05B0002000BDECB101000000000089
:10EC300035EC010000B5E868C0686F467760E8F71A
:10EC40005DFF002805D0E86801B4CC211EF094F8DF
:10EC500001B0002000BD0000774600981EF04AF980
:10EC6000BE4600B501980299416001980399816000
:10EC700001980499C160019805990161002000BDC7
:10EC800000B5A820376838586F467760E8F736FF38
:10EC9000002807D11DE00000D8EC0100A8ED03001A
:10ECA00028EC0100A8203768385801B4A82037683C
:10ECB000385801B41DF070FF1FF07CF901B003213A
:10ECC0001FF03EF801B4019800991DF00EFD02B04E
:10ECD00000E0002000BD0000ECB1010000000000D9
:10ECE000E5EC010000B5002001B401B401B43768BF
:10ECF000B86801B41DF050FF1FF05CF901B00121AC
:10ED00001FF0BBF800D1A5E06F467760E7F7B2F9D6
:10ED10001FF093F8009001200190019801B437682A
:10ED2000B86801B41DF038FF1FF044F901B001B418
:10ED3000019800991FF08DF802B000D184E0376887
:10ED4000B86801B4029801B4019800991DF0CDFC97
:10ED500002B00290029801B473211EF00DF801B0C8
:10ED600001B46F467760E8F791FE002802D0009862
:10ED700001B033E00098009801B002981EF077F8D7
:10ED8000006901B401216F467760E8F755FF01B0D3
:10ED900001B46F467760E8F779FE002802D1009849
:10EDA00001B01BE00098009801B0009801B40398EE
:10EDB0001EF05DF8C06801B4019800991EF0C0FF14
:10EDC00002B001B403981EF052F8006901B4019832
:10EDD00000996F467760E8F72FFF02B06F467760C3
:10EDE000E8F78CFE002829D002981EF040F8406811
:10EDF00001B403981EF03BF8806801B41DF052FF87
:10EE00006F467760EAF796FC02B002981EF02FF882
:10EE100080696F467760E8F771FE00280ED0032006
:10EE200001B4029801B43768B86801B400F018F86A
:10EE300003B0019803211EF083FF01900198032184
:10EE40001EF06EFF019068E7652001B413F08AF9A7
:10EE500001B04CE700203768B860002003B000BD67
:10EE600000B5002001B4039801211EF0F2FF00D08C
:10EE700017E001200090009804991EF0EAFF10D0DE
:10EE8000029801B4049801B41EF042F86F4677600E
:10EE9000E8F700F902B0009803211EF041FF00904E
:10EEA000E9E7002001B000BD774600981DF0DFFFC4
:10EEB000BE4600B5019802994160019803998160AE
:10EEC00001980499C160019805990161019806991A
:10EED0004161019807998161002000BDECB10100FA
:10EEE00000000000E9EE0100022C06DA00B51DF07A
:10EEF000F3FE00F002F802B000BD00B5002001B43E
:10EF0000AE486F467760E9F7F5FE01B46F4677606B
:10EF1000E8F79AF801B403216F467760E8F7A4F8A0
:10EF2000009807216F467760E8F79EF800980B215C
:10EF30006F467760E8F798F8009813216F4677607E
:10EF4000E8F792F8009819216F467760E8F78CF897
:10EF5000009801B401B0332001B41F2001B402981D
:10EF600001B4049801B401F04DFB05B001BC009060
:10EF700093486F467760E9F7BDFE01B4019801B48C
:10EF8000059801B4059801B4039801B400F004F8A1
:10EF900004B001BC01B000BD774600981DF0C5FF6C
:10EFA000BE4600B5002001B401B4012001B40498AC
:10EFB00001B401F099FA02B000F078FE00F06AFEA8
:10EFC0000090009801B41DF0E7FD1EF0F3FF01B0C2
:10EFD000AC21376879581EF078FF14D0009801B43E
:10EFE00000F018FC01B0009801B400F007FC01B07B
:10EFF0000190019801B400F0F6FB01B0019801B452
:10F0000000F0CCFA01B003980121C161059801B468
:10F01000049801B400F096FA02B0012001B4012076
:10F0200001B4059801B400F063FA03B0049801B488
:10F03000049801B400F048FA02B0039800218161FD
:10F0400003980121016103980121C160069801B470
:10F050006F467760E8F71AFD002802D0009801B0EB
:10F0600005E00098009801B0B0203768385801B426
:10F07000049801B400F00CFA02B0009801B40498AE
:10F0800001B41DF023FE6F467760E7F7EDFF02B095
:10F09000422001B4049801B400F012F802B000203C
:10F0A00002B000BD022C0BDA00B51DF015FE00F019
:10F0B00007F802B000BD774600981DF036FFBE4647
:10F0C00000B5029801B4029801B400F031F801B023
:10F0D00001B4019800991EF048FF02B018D00298C0
:10F0E0006F467760E8F70AFD002805D00198C069EF
:10F0F00003211EF042FE04E00198C06903211EF0C6
:10F1000049FE01B4029802BCC1610198012141622B
:10F11000002000BD012C0BDA00B51DF0D3FD00F07E
:10F1200007F801B000BD774600981DF0FEFEBE4610
:10F1300000B50198C06903211EF012FE6F4677608A
:10F14000E8F7DCFC6F467760E7F742FE6F467760D2
:10F15000E7F764FF6F467760E8F7D0FC6F467760AB
:10F16000E7F736FE6F467760E7F758FF00BD00000F
:10F17000774600981DF0E7FEBE4600B5002000F07F
:10F18000C9F8029801B4029801B400F0B3F802B0D3
:10F19000049801B4049801B4039801B400F017F87E
:10F1A00003B0002000BD0000032C10DA00B51DF0F4
:10F1B0009CFD00F00CF803B000BD00006CEE0300F5
:10F1C000F0EE0300774600981DF0BDFEBE4600B588
:10F1D000019801B4039801B4059801B403211EF00D
:10F1E00011FE01B001B4019800991EF0A9FD02B012
:10F1F00001B400F033F801B001B4B42037683858D6
:10F2000001B4019800996F467760E8F729FA02B0D7
:10F2100001211EF0B2FD01B401980099816002B095
:10F22000019801B4049801B400F018F801B001B4D9
:10F23000B4203768385801B4019800996F46776058
:10F24000E8F70EFA02B001211EF097FD01B4019813
:10F250000099C16002B0002000BD000000B5019817
:10F2600001211EF0F6FD15D0019801B400F026F83A
:10F2700001B001B402210902D1316F467760E8F78D
:10F2800005FA01B0014602200002D1301EF058FDFF
:10F2900001900AE0019801B402210902D1316F46C0
:10F2A0007760E8F7F3F901B00190019801B4B9492A
:10F2B0006F467760E8F7A8F901B000BD00B5019886
:10F2C00001211EF0C6FD04D0012001991EF038FD79
:10F2D00000E0019800BD0000022C0BDA00B51DF023
:10F2E000FBFC00F007F802B000BD774600981DF067
:10F2F0002AFEBE4600B5019801B4039801B412F08D
:10F30000F5FB01B001B401980099416002B0002002
:10F3100000BD000000B5B820376838586F467760E8
:10F32000E8F7ECFB6F467760E7F752FD6F467760D2
:10F33000E7F774FE6F467760E8F7E0FB00280FD030
:10F34000C92001B400F052F801B0B82137687850F4
:10F35000C92001B400F006F801B0BC21376878502C
:10F36000002000BD00B5002001B401B401B46F4617
:10F370007760E7F769FE0090049801B40099864829
:10F380006F467760E8F76CF901B0019001200290B8
:10F39000029804991EF05DFD24D0009801B40398F2
:10F3A00001B4039801B4019800996F467760E8F7BB
:10F3B0002BF902B001B46F467760E9F765FF01B041
:10F3C00001B412F093FB01B001B41DF07FFC6F4655
:10F3D0007760E7F749FE02B0029803211EF0A0FC17
:10F3E0000290D5E7009803B000BD000000B50020F2
:10F3F00001B401B401B46F467760E7F725FE0090D1
:10F40000049801B4009964486F467760E8F728F9DA
:10F4100001B0019001200290029804991EF019FD9C
:10F4200024D0009801B4039801B4039801B4019862
:10F4300000996F467760E8F7E7F802B001B46F46CD
:10F440007760E9F717FF01B001B412F04FFB01B08C
:10F4500001B41DF03BFC6F467760E7F705FE02B094
:10F46000029803211EF05CFC0290D5E7009803B0DF
:10F4700000BD0000022C0BDA00B51DF02DFC00F0E1
:10F4800007F802B000BD774600981DF04EFDBE465D
:10F4900000B502986F467760E8F730FB002802D08D
:10F4A00001980299C162002000BD0000022C0BDA15
:10F4B00000B51DF011FC00F007F802B000BD774662
:10F4C00000981DF032FDBE4600B5019802994161D9
:10F4D000002000BD032C0BDA00B51DF006FC00F087
:10F4E00007F803B000BD774600981DF01EFDBE462C
:10F4F00000B5019801B4039801B412F0F7FA01B015
:10F5000001B401980099016302B0019801B4049814
:10F5100001B412F0EBFA01B001B401980099416313
:10F5200002B0002000BD0000022C0BDA00B51DF077
:10F53000D3FB00F007F802B000BD774600981DF03D
:10F54000F4FCBE4600B5019801B4039801B40099DB
:10F5500007200002D1306F467760E8F781F801B0EC
:10F5600001B46F467760E8F74FF901B001B4019834
:10F570000099816202B0019801214162002000BD22
:10F58000012C10DA00B51DF09DFB00F00CF801B065
:10F5900000BD0000C83C0400BC3C04007746009855
:10F5A0001DF0C3FCBE4600B50A2001B4029801B4A8
:10F5B000FFF786FD02B0019801B401B40198C0695B
:10F5C00005211EF0DAFB01B401980099C16103B076
:10F5D000019801B400F012F801B0002000BD000055
:10F5E000012C0BDA00B51DF06DFB00F007F801B03F
:10F5F00000BD774600981DF098FCBE4600B500207F
:10F6000001B401B401B40498006A01B46F46776094
:10F61000E8F73CFA002802D1009801B00EE000980B
:10F62000009801B00498006A1DF09DFC406901B487
:10F6300001216F467760E8F7CBFA01B06F4677603B
:10F64000E8F75CFA00280CD0049801B40598006A29
:10F650001DF089FC806901B401980099016202B033
:10F66000D1E70498C06905211EF07AFB01B46F460A
:10F670007760E8F70BFA002802D1009801B010E09B
:10F680000098009801B00498006A6F467760E8F728
:10F6900035FA6F467760E7F79BFB6F467760E7F7D1
:10F6A000BDFC6F467760E8F729FA002851D012F0C8
:10F6B00001FC009000986F467760E8F71FFA002879
:10F6C00011D000981DF0E0FA006901B4059801B46A
:10F6D0001DF0FCFA6F467760E8F7CAF902B06F4692
:10F6E0007760E7F79BFC00F0D5FA0190019801B430
:10F6F0006F467760E8F7CAF9002802D1009801B098
:10F7000009E00098009801B0019801B41DF044FA96
:10F710001EF050FC01B06F467760E8F7EFF9002863
:10F720000ED0019801B4059801B41DF0CFFA6F46D0
:10F730007760E8F79DF902B06F467760E7F76EFCF7
:10F740000498406901B400216F467760E8F768F9D2
:10F7500001B00498006A0290029801B46F46776085
:10F76000E8F794F9002802D1009801B006E000986B
:10F77000009801B002981DF0F6FB80696F46776033
:10F78000E8F7BCF9002821D002981DF0ECFB806955
:10F790001DF0E9FB406901211EF083FB10D00298A7
:10F7A00001B403981DF0DFFB80691DF0DCFB80696C
:10F7B00001B4019800991DF0D6FB816102B004E00C
:10F7C00002981DF0D0FB80690290C5E7002003B0CD
:10F7D00000BD0000012C0BDA00B51DF073FA00F03B
:10F7E00007F801B000BD774600981DF09EFBBE46AD
:10F7F00000B5019800210162002000BD00B501980C
:10F8000001B41DF0C9F900216F467760E7F742FCAB
:10F8100001B000BD00B5B34801B4029801B400F0D6
:10F820003FF802B0002000BDECB101000000000074
:10F8300035F80100022C06DA00B51DF04DFA00F093
:10F8400002F802B000BD00B501981DF06EFBC06863
:10F8500001B403981DF069FBC06801B401980099D8
:10F860001EF06EFA02B001B46F467760E8F70EF949
:10F87000002802D0009801B011E00098009801B073
:10F8800001981DF052FB806801B403981DF04DFBF8
:10F89000806801B4019800991EF052FA02B000BDD0
:10F8A00000B502986F467760E8F728F96F467760F1
:10F8B000E7F78EFA6F467760E7F7B0FB01B46F4663
:10F8C0007760E8F7E3F8002802D1009801B010E073
:10F8D0000098009801B0019801B41DF05DF91EF088
:10F8E00069FB01B001B403216F467760E8F7A4F922
:10F8F00001B06F467760E8F701F9002801D07A4837
:10F900000290029801B4029801B400F0BDF802B070
:10F9100000BD0000ECB101000000000021F9010071
:10F92000022C06DA00B51DF0D7F900F002F802B09B
:10F9300000BD00B5002001B401B401B401B40598C4
:10F9400001B400216F467760E7F7C2FF01B0009075
:10F95000069801B400216F467760E7F7B9FF01B060
:10F960000190009801B46F467760E8F78FF800289F
:10F9700002D1009801B003E00098009801B001980E
:10F980006F467760E8F7BAF8002802D0012079E0E6
:10F9900013E000986F467760E8F7B0F8002802D0CF
:10F9A00003206FE009E001986F467760E8F7A6F85A
:10F9B000002802D00120404264E0059801B40621ED
:10F9C0006F467760E7F784FF01B00290069801B4B4
:10F9D00006216F467760E7F77BFF01B0039002983E
:10F9E00001B46F467760E8F751F8002802D100981B
:10F9F00001B003E00098009801B003986F4677606B
:10FA0000E8F77CF8002802D001203BE013E00298E0
:10FA10006F467760E8F772F8002802D0032031E0E3
:10FA200009E003986F467760E8F768F8002802D08D
:10FA30000120404226E0059801B46F467760E7F761
:10FA400017F801B41DF09DFA6F467760E7F74CF8A0
:10FA500002B001B4079801B46F467760E7F708F881
:10FA600001B41DF08EFA6F467760E7F73DF802B0FB
:10FA700001B41DF0E2F96F467760E7F7DBF802B0FA
:10FA80001EF0DBF904B000BD00B5002001B401B4E4
:10FA900001B4049801B41DF07FF81EF08BFA01B098
:10FAA00001B401216F467760E8F792F801B001B424
:10FAB0006F467760E7F7EAFF002802D0009801B0B0
:10FAC00014E00098009801B005986F467760E8F759
:10FAD00015F86F467760E7F77BF96F467760E7F7D1
:10FAE0009DFA03E028F8010014F901006F467760E1
:10FAF000E8F704F8002801D0049858E0049801B40D
:10FB00001DF04AF81EF056FA01B000900120019055
:10FB1000019801B4019803211EF012F901B4019873
:10FB200000991EF096F902B040D0019803211EF012
:10FB3000F7F80290029800991EF08BF930D00598E2
:10FB400001B4059801B4039801B4019800991CF020
:10FB5000CCFD02B001B4069801B4059801B4019837
:10FB600000991CF0C2FD02B001B40EBC08B402B48E
:10FB700004B402981DF00CFA03B001211EF07DF9C7
:10FB800008D0029801B4029801B4069801B400F0BC
:10FB900011F803B0029803211EF0C2F80290C9E7E1
:10FBA000019803211EF0BCF80190B1E7049803B05E
:10FBB00000BD000000B5002001B4029801B4049813
:10FBC00001B4019800991CF090FD02B000900298D9
:10FBD00001B4049801B4049801B4079801B40198E1
:10FBE00000991CF082FD02B001B402980199009ABC
:10FBF0001CF0C6FD03B0029801B4059801B4029848
:10FC000001B402980199009A1CF0BAFD03B00020DB
:10FC100001B000BDECB101000000000021FC0100BA
:10FC200000B5002001B400F017F800900098AF492B
:10FC30001EF037F902D011200BE009E00098AC4922
:10FC40001EF02FF902D0212003E001E0652000E042
:10FC5000002001B000BD000000B5CD2000216F469E
:10FC60007760E7F727FA1EF0E8F801B46F4677608F
:10FC7000E7F70CFF002802D0009801B008E00098D8
:10FC8000009801B06F467760E9F786FD1EF0D5F861
:10FC900000BD000000B5002001B412F00BF91CF00B
:10FCA000F3FF806C0090009801B000BD00B500200B
:10FCB00001B412F0FFF8009000981CF0E5FF806C92
:10FCC0006F467760E7F71AFF002800D023E000981E
:10FCD00001B46F467760E7F7B7F901B4019800996E
:10FCE0001CF0D2FF816402B06F467760E6F7C2F97C
:10FCF0001EF0A3F8C021376878507E4801B400F0A8
:10FD0000D1FB01B07C4801B401200002F53001B400
:10FD1000FEF7BCF902B0002001B000BDECB101005B
:10FD20000000000029FD010000B5002001B4FFF72C
:10FD3000B1FF009000986F467760E7F7DFFE00287C
:10FD400018D0009801B4019801B41CF025FF1EF0F2
:10FD500031F901B001B406BC02B4012001B404B40D
:10FD600000F024F803B00346644801B408B400F07E
:10FD70008BF802B0002001B000BD0000ECB1010022
:10FD80000000000089FD0100012C06DA00B51CF01E
:10FD900099FF00F002F801B000BD00B5019801B470
:10FDA000FFF727FC01B0002000BD000000B50020D7
:10FDB00001B401B401B46F467760E7F745F90090EC
:10FDC000049801B41CF0E8FE1EF0F4F801B00190B4
:10FDD000059800211EF0A1F802D00120059010E046
:10FDE000059801211EF035F80BD0019805991DF0FA
:10FDF00097FF0346012001B408B4FEF7EDFC02B002
:10FE00000590059801991EF038F801D0009839E066
:10FE1000069800211EF081F802D00198069009E0B2
:10FE2000069801211EF015F804D0019806991DF0DE
:10FE300077FF0690069801991EF01FF801D00198EF
:10FE4000069005980290029806991EF002F818D0C4
:10FE5000009801B4059801B4049801B40198009980
:10FE60001CF043FC02B001B41CF030FF6F46776019
:10FE7000E7F7FAF802B0029803211DF051FF029053
:10FE8000E1E7009803B000BD00B5002001B401B463
:10FE9000039801B41CF080FE1EF08CF801B00090B5
:10FEA00001200190019800991DF0D3FF1AD0049809
:10FEB00001B4049801B4039801B4019800991CF0AE
:10FEC00014FC02B001B406BC04B4029801B402B43C
:10FED00002981DF05DF803B0019803211DF020FF8A
:10FEE0000190DFE7002002B000BD00000120030008
:10FEF0000140060000FF01001CFD01007CFD010027
:10FF0000ECB10100000000000DFF010000B5002071
:10FF100001B401B401B401B4FFF7BCFE0090009835
:10FF20006F467760E7F7EAFD6F467760E6F750FFC8
:10FF30006F467760E7F772F86F467760E7F7DEFDA8
:10FF4000002800D03EE0009801B4FFF763FC01B048
:10FF50006F467760E6F78EF81DF06FFF019001980D
:10FF6000C021376879581DF0EBFE02900198C0213E
:10FF70003768785001200390039801B4019801B4C8
:10FF80001CF00AFE1EF016F801B001B401980099A9
:10FF90001DF05FFF02B015D0009801B4049801B4C1
:10FFA000019800991CF0A1FB02B00346029801B42D
:10FFB00008B400F014F802B0039803211DF0B0FE5D
:10FFC0000390D9E7002004B000BD0000022C0BDA3A
:10FFD00000B51CF081FE00F007F802B000BD7746C6
:10FFE00000981CF0A2FFBE4600B5002001B401B489
:10FFF00001B4049801B401B40198406A07991DF056
:020000040002F8
:100000009FFE01B401980099416203B00498806991
:1000100000211DF0AAFF1BD0049801B401B401987F
:10002000806907991DF08CFE01B4019800998161E7
:1000300003B00498806901211DF033FF07D00498B4
:1000400000218161049801B4FFF7ADFA01B03EE0F0
:100050000498406901B46F467760E7F717FD002800
:1000600002D1009801B010E00098009801B0049807
:10007000406901B4B2211CF0ABFD01B001B4002114
:100080006F467760E7F72CFC01B001B46F467760EC
:10009000E7F7FCFC002802D1009801B00CE00098C2
:1000A000009801B00498406901B4B2211CF090FDA1
:1000B00001B005211DF054FE6F467760E7F71EFD85
:1000C000002804D0049805210902DD3181610498DB
:1000D000406A01B401216F467760E7F78BFD01B0FC
:1000E00001B46F467760E7F7D1FC002802D1009891
:1000F00001B007E00098009801B0049801B4FFF740
:1001000017F801B06F467760E7F7F8FC002845D094
:10011000049801B401B40198406A01B40798806A58
:1001200001B4019800991DF0FBFD02B00027019772
:1001300001B401980099416203B00498C06A01B407
:100140000598406901B406BC02B404B424211CF033
:1001500045FF02B0009000986F467760E7F7CEFC4D
:100160006F467760E6F734FE6F467760E6F756FF36
:100170006F467760E7F7C2FC002800D0A7E7009839
:1001800001B40598006A01B4019800991CF0EBFED7
:10019000816102B004980099016298E70498006AAE
:1001A0006F467760E7F7AAFC6F467760E6F710FEC8
:1001B0006F467760E6F732FF6F467760E7F79EFCA1
:1001C000002800D071E00498006A0190049801B4FE
:1001D00001B40198006907991DF0A2FD01B40198CE
:1001E0000099016103B00498006901B411F07EFC2C
:1001F00001B0029002986F467760E7F77FFC002815
:1002000034D001981CF0AFFE406901211DF035FE8D
:100210001AD0019801B401B401981CF0A4FE406901
:1002200007991DF08DFD01B4019800991CF09BFE0B
:10023000416103B0029801B4029801B4069801B478
:1002400034211CF0DDFE03B001981CF08CFE8069A7
:1002500001B4029001BC6F467760E7F74FFC0028BD
:1002600000D0CEE70498012101611EE0019801B49D
:1002700001B401981CF077FE406907991DF060FDFC
:1002800001B4019800991CF06EFE416103B0019821
:100290001CF069FE806901B4029001BC6F46776072
:1002A000E7F72CFC002800D0E0E7002003B000BDF9
:1002B000032C0BDA00B51CF018FD00F007F803B0B2
:1002C00000BD774600981CF030FEBE4600B503988E
:1002D00001B415211DF096FD01B00390029801B400
:1002E00003981CF040FEC06801B40398006B0346FD
:1002F000059801B408B400F06BF802B001B401989D
:1003000002BC01B01DF00CFD01B4019800991CF075
:100310002AFEC16002B0029801B403981CF023FECB
:10032000006901B40398406B0346059801B408B412
:1003300000F04EF802B001B4019802BC01B01DF00B
:10034000EFFC01B4019800991CF00DFE016102B0B0
:10035000029801B403981CF006FE406801B40498AA
:100360001CF001FEC0680346059801B408B400F013
:100370002FF802B001B4019802BC01B01DF0D0FC0E
:1003800001B4019800991CF0EEFD416002B00298A2
:1003900001B403981CF0E7FD806801B404981CF0D8
:1003A000E2FD00690346059801B408B400F010F8B6
:1003B00002B001B4019802BC01B01DF0B1FC01B45F
:1003C000019800991CF0CFFD816002B0002000BDB3
:1003D00000B5019801B4039801B41CF063FC6F46AA
:1003E0007760E6F729FE02B01DF027FD01B4112168
:1003F0001DF008FD01B000BD022C0BDA00B51CF0A9
:100400006BFC00F007F802B000BD774600981CF0C6
:1004100004FEBE4600B5002001B4C6486F467760B2
:10042000E8F768FC0090009801B4049801B4012139
:100430000902DB311CF0CCFB01B001B411F056FB1A
:1004400001B001B4019800991CF08DFD416002B02B
:10045000009801B4049801B401210902DF311CF0B5
:10046000B7FB01B001B411F041FB01B001B4019838
:1004700000991CF078FD816002B0009801211CF009
:1004800072FDC160009801211CF06DFD01610098B2
:1004900003210902E9311CF066FD4161009801B0B9
:1004A00000BD000000B501986F467760E7F726FBB6
:1004B0006F467760E6F78CFC6F467760E6F7AEFD37
:1004C0006F467760E7F71AFB002800D00AE00DF0CE
:1004D00045FA0346019801B4292001B408B4FDF798
:1004E00082FE03B0002000BD774600981CF0A5FDF9
:1004F000BE4600B5029801B4029801B400F052F86B
:1005000002B011F0D7FC0346019801B408B400F022
:100510000CF802B0002000BD022C0BDA00B51CF074
:10052000DBFB00F007F802B000BD774600981CF036
:10053000ABFBBE4600B50198006901B4039801B455
:100540001CF0C4FB6F467760E6F78EFD02B00198A1
:1005500001B401B40198406901B403211DF0E0FB2E
:1005600001B402980099416101B0002701970297F8
:1005700001BC02B001B4039801B4DC211CF06DFD94
:1005800002B0002000BD0000022C0BDA00B51CF008
:10059000A3FB00F007F802B000BD774600981CF0FE
:1005A0004CFDBE4600B50198406802991DF0DDFC87
:1005B00014D001980299416011F07CFC01B401B49F
:1005C00001981CF061FB406A03211DF0D6FB01B4C9
:1005D000019800991CF058FB416203B0002000BD57
:1005E000012C0BDA00B51CF06DFB00F007F801B030
:1005F00000BD774600981CF020FDBE4600B501986E
:10060000406800BD774600981CF063FDBE4600B50B
:10061000002049486F467760E8F76CFB01B4002082
:1006200001B4019801B40DF0C7F902B0029802BC00
:10063000416001980399C1600198049901616F4676
:100640007760E6F701FD01B401B43C486F4677607E
:10065000EEF722F801B4019800996F467760E6F74B
:1006600003FD02B036486F467760EEF715F801B427
:10067000009901986F467760E6F7F6FC01B03148C3
:100680006F467760EEF708F801B4009901986F465D
:100690007760E6F7E9FC01B0009801B401B0029878
:1006A00002BC4161029801B46F467760E7F7EEF94A
:1006B000002802D1009801B009E00098009801B02C
:1006C000029801B41CF068FA1DF074FC01B06F468A
:1006D0007760E7F713FA002803D001980299816048
:1006E0000FE06F467760E6F7AFFC01B403216F4679
:1006F0007760E6F7B9FC009801B401B0029802BC3B
:100700008160002000BD0000774600981CF0EFFCDF
:10071000BE4600B5059801B4059801B4049801B42B
:10072000049801B400F010F804B0019803994161F5
:10073000002000BD3CF10300FCE30300F07C04005A
:10074000DC5F0400047D0400774600981CF0DDFCAB
:10075000BE4600B5019804994160019802998160F4
:1007600001980399C160002000BD0000032C0BDA42
:1007700000B51CF0BAFA00F007F803B000BD7746E8
:1007800000981CF0B4FCBE4600B5019840686F4666
:100790007760E7F7B3F96F467760E6F719FB6F46C6
:1007A0007760E6F73BFC6F467760E7F7A7F900282C
:1007B00000D06CE00198006901B46F467760E7F7FC
:1007C00065F9002802D1009801B008E0009800986F
:1007D00001B00198006901B4FEF7A5FC01B06F46B5
:1007E0007760E7F78BF900280DD002986F467760A5
:1007F000E7F784F9002805D00198006902991CF0F8
:1008000094FB816143E0019801B400F065F801B008
:10081000BC486F467760E8F76DFA01B401B400F0A8
:1008200039F801B004986F467760E7F767F9002858
:1008300001D0049801E00298406901B4039801B422
:10084000019801B4039801B4069801B4012109028A
:100850009D311CF06AFC03B000270197029701B498
:1008600001980099016104B00198006915211CF0FC
:100870005CFBC16002986F467760E7F73FF900289C
:1008800005D00198006902991CF04FFB816100209E
:1008900000BD0000774600981CF0ADFCBE4600B5D8
:1008A000019801B411F006FB1CF0EEF9006A01B4E6
:1008B00001980099416002B0002000BD012C0BDAC4
:1008C00000B51CF0FFF900F007F801B000BD774655
:1008D00000981CF00CFCBE4600B5019800696F46FC
:1008E0007760E7F70BF9002808D00198006901B498
:1008F000FEF754FE01B0019800210161002000BD07
:1009000000B500F00DF80346039801B4039801B454
:10091000039801B408B400F088F904B0002000BDC9
:1009200000B5376878696F467760E7F7E7F86F4694
:100930007760E6F74DFA6F467760E6F76FFB01B434
:100940006F467760E7F7A2F8002802D0009801B060
:1009500015E00098009801B03768786901B401216A
:100960001BF0C3FE01B06F467760E7F7C7F86F462C
:100970007760E6F72DFA6F467760E6F74FFB6F4634
:100980007760E7F7BBF8002863D05F486F46776071
:10099000E8F7B0F901B46F467760E6F755FB01B4AC
:1009A00001B4C4203768385801B4019800996F46E3
:1009B0007760E6F759FB02B0C8203768385801B4B1
:1009C000009901986F467760E6F74EFB01B0CC20A6
:1009D0003768385801B4009901986F467760E6F798
:1009E00043FB01B0D0203768385801B40099019812
:1009F0006F467760E6F738FB01B0942037683858C7
:100A000001B4009901986F467760E6F72DFB01B0BD
:100A1000D4203768385801B4009901986F46776040
:100A2000E6F722FB01B0D8203768385801B40099A6
:100A300001986F467760E6F717FB01B0009801B4A4
:100A400001B00098032001B4029801B400F00AF844
:100A500004B03768786901B401211BF046FE01B08B
:100A600000BD0000774600981CF0D3FBBE4600B5E1
:100A7000002001B401B401B4049801B46F4677605A
:100A8000E8F76CFE1DF0D9F901B4019800990161F5
:100A900002B004980A2141610498059941600498C4
:100AA0000A21C16006986F467760E7F727F80028AB
:100AB00003D00498069981604EE0049801B46F4613
:100AC0007760E6F7C1FA01B401980099816002B03D
:100AD0000498406803211DF033F901B40F216F46DB
:100AE0007760E6F791FD01B0014603201DF018F98B
:100AF00000900120019001980F211DF0AAF905D165
:100B00002AE00000C0F10300DCDF0300BE486F46AE
:100B10007760E8F7EFF801B4019802991DF000F949
:100B200003460120404201B408B4029801B411F018
:100B30000BF803B00598806801B4019801B41CF06B
:100B4000C5F86F467760E6F78FFA03B00198032186
:100B50001DF0E6F80190CEE701200290029801B462
:100B60000598806801B41CF017F81DF023FA01B055
:100B700001B4019800991DF06CF902B013D00498EB
:100B8000806801B4039801B4019800991BF0ADFD91
:100B900002B004991CF04BFB4160029803211DF048
:100BA000BFF80290DAE7049801B400F005F801B04C
:100BB000002003B000BD000000B5376878696F46BB
:100BC0007760E6F79BFF6F467760E6F701F96F46BF
:100BD0007760E6F723FA6F467760E6F78FFF002825
:100BE00005D06F467760E6F72FFA37687861376887
:100BF000786901B402981CF00CFB406803211DF0D9
:100C00009FF801B4039801B402980199009A1BF06F
:100C1000B7FD03B0002000BD042C0BDA00B51CF0BA
:100C200016FB00F007F804B000BD774600981CF0F2
:100C3000F0FABE4600B5002001B403986F46776015
:100C4000E6F75CFF6F467760E6F7C2F86F467760BD
:100C5000E6F7E4F96F467760E6F750FF002800D02A
:100C6000CFE0029801B400F077F901B06F467760E9
:100C7000E6F744FF6F467760E6F7AAF86F467760BD
:100C8000E6F7CCF96F467760E6F738FF00280CD01E
:100C9000029801B46F467760E6F7D6F901B406BC56
:100CA00002B404B400F036F902B0012057496F468F
:100CB0007760E7F7EDFF01B40021049A6F46776093
:100CC000E6F744FA039801B400F046F901B0034690
:100CD000009808B400F0D6F802B0009000986F4673
:100CE0007760E6F70BFF6F467760E6F771F86F46BF
:100CF0007760E6F793F96F467760E6F7FFFE002826
:100D000021D043486F467760E7F7F4FF01B40698B7
:100D100001B4069801B4069801B4039801B400F038
:100D20009FF804B001BC0090029801B400F014F9DF
:100D300001B001B4019801B41BF0C8FF6F467760A1
:100D4000E6F792F902B000981CF094FAC06801B47A
:100D50006F467760E6F79AFE002802D1009801B04E
:100D60000AE00098009801B0049801B401216F4690
:100D70007760E6F755FE01B06F467760E6F7BEFE96
:100D800000280AD000981CF075FA806803460120FC
:100D900001B408B4FDF749F902B000981CF06AFAF2
:100DA000006901B46F467760E6F770FE002802D153
:100DB000009801B00AE00098009801B0059801B4CD
:100DC00001216F467760E6F72BFE01B06F46776032
:100DD000E6F794FE00280AD000981CF04BFA8068D1
:100DE0000346012001B408B4FDF7E5F802B000980D
:100DF00004991CF03FFAC160009805991CF03AFA7A
:100E00000161002001B000BDC0E00300140E02002B
:100E10002CF20300ECB1010000000000210E0200E2
:100E2000012C06DA00B51BF04DFF00F002F801B00E
:100E300000BD00B501981CF01DFA80681BF063FF2F
:100E4000806801B4E8681BF05EFF806801B4019817
:100E500000996F467760E6F7E3FD02B000BD000041
:100E6000774600981CF006FABE4600B50198029934
:100E7000816001980399C160019804990161002083
:100E800000BD000000B5002001B401B401B4049815
:100E900001B41BF081FE1DF08DF801B0009001201F
:100EA0000190019800991CF0D4FF21D0049801B45E
:100EB000029801B4019800991BF017FC02B002904F
:100EC000059801B4029801B4049801B402981CF08A
:100ED0005FF803B06F467760E6F710FE002801D098
:100EE000029806E0019803211CF01AFF0190D8E750
:100EF000002003B000BD0000022C0BDA00B51BF08F
:100F0000EBFE00F007F802B000BD774600981CF039
:100F100080F9BE4600B510F0CDFF1BF0B5FEC06CE9
:100F200001B40298406801B4049801B40298019990
:100F3000009A1BF025FC03B0002000BD012C0BDA49
:100F400000B51BF0BFFE00F007F801B000BD77460A
:100F500000981CF05EF9BE4600B510F0ABFF1BF028
:100F600093FEC06C01B40298406801B401980099E6
:100F70001BF0BBFB02B000BD022C0BDA00B51BF06E
:100F8000ABFE00F007F802B000BD774600981BF0FA
:100F9000BAFEBE4600B5029801B4412001B40398E0
:100FA00001B4FCF7AFFF03B0002000BD032C0BDA47
:100FB00000B51BF09AFE00F007F803B000BD7746BD
:100FC00000981BF0A0FEBE4600B5002001B410F052
:100FD00071FF1BF059FEC0690090009801B403989E
:100FE00001B4059801B4059801B400F07BF801B094
:100FF00001B4019800991CF0A3FE02B001B410F0F6
:1010000075FD01B001B4079801B4069801B400F071
:1010100027F801B001B4019800991CF091FE02B0CC
:1010200001B410F063FD01B001B41EBC02B404B4FD
:1010300008B410B42C211CF02BF904B0002001B02E
:1010400000BD0000012C0BDA00B51BF03BFE00F0E8
:1010500007F801B000BD774600981BF054FEBE466D
:1010600000B50198006901B40298806B0346042022
:101070000002013001B408B400F012F802B001B46B
:10108000019802BC01B01CF04BFE01B40221090220
:1010900001316F467760E6F7E3FA01B000BD00006A
:1010A00000B5019801B411211CF082FE01B001B419
:1010B000039801B41BF0F6FD6F467760E5F7C0FFBB
:1010C00002B01CF0BAFE00BD012C0BDA00B51BF01B
:1010D000F9FD00F007F801B000BD774600981BF05D
:1010E00012FEBE4600B50198C06801B40298406B7C
:1010F000034604200002013001B408B4FFF7D0FF1A
:1011000002B001B4019802BC01B01CF009FE01B4A8
:101110000221090201316F467760E6F7A1FA01B0BA
:1011200000BD0000042C0BDA00B51CF090F800F0B4
:1011300007F804B000BD774600981CF0BBF8BE4627
:1011400000B5002000BD000000B5002001B401B4CE
:1011500010F0B0FE0090C0486F467760E7F7CAFD18
:1011600001B4049801B4019801B400F09BFA02B0F4
:1011700001BC0190049801B4029801B400F0DDF8BC
:1011800002B000981BF080FDC0690346019801B4CD
:1011900008B424211CF07CF802B00120AF496F464E
:1011A0007760E7F775FD01B40021059A6F46776017
:1011B000E5F7CCFF0120AA496F467760E7F768FDA5
:1011C00001B40021039A6F467760E5F7BFFF0298EC
:1011D0001BF05AFDC06A0346019801B408B400F040
:1011E00049F802B000270197034601BC01B001B4E1
:1011F00008B4FEF749FE02B0019802B000BD00003D
:10120000ECB10100000000000D120200012C06DA12
:1012100000B51BF057FD00F002F801B000BD00B5AD
:1012200001981CF057F8406801B4E86801B40198CF
:1012300000996F467760E6F7F3FB02B000BD00004F
:10124000ECB10100000000004D120200012C06DA92
:1012500000B51BF037FD00F002F801B000BD00B58D
:10126000E86801B4029801B4CC211CF03FF802B048
:10127000002000BD00B5002001B401B401B401B4E8
:101280006F467760E5F7E0FE0090059801B41BF02B
:1012900083FC1CF08FFE01B00190012002900298A7
:1012A00001991CF0D6FD2AD0059801B4039801B429
:1012B000019800991BF019FA02B00390069801B446
:1012C000039801B4059801B402981BF061FE03B0C5
:1012D0006F467760E6F712FC00280AD0009801B448
:1012E000049801B41BF0F2FC6F467760E5F7BCFE92
:1012F00002B0029803211CF013FD0290CFE7009882
:1013000004B000BD022C0BDA00B51BF0E5FC00F0C8
:1013100007F802B000BD774600981BF0CBFFBE4631
:1013200000B5002000BD0000022C0BDA00B51BF058
:10133000D3FC00F007F802B000BD774600981BF020
:10134000E2FCBE4600B5002001B401B4049801B42B
:1013500000216F467760E6F763FB01B001B46F468A
:101360007760E6F793FB002802D0009801B00EE00A
:101370000098009801B00398406C01B4059801B43E
:10138000019800996F467760E6F7A2FA02B06F46BF
:101390007760E6F7B3FB002800D0CAE010F08AFDC2
:1013A0001BF072FC806900900398406C01B401212D
:1013B0006F467760E6F730FC01B001B46F467760A6
:1013C000E6F764FB002802D1009801B00CE0009819
:1013D000009801B0009801B40498406C01B41BF06F
:1013E00038FD1BF0F3F902B06F467760E6F786FB35
:1013F000002810D0009801B40498406C01B41BF090
:1014000028FD1BF0E3F902B00346039801B408B4C9
:1014100000F019F902B0049801211CF056FD46D0E5
:10142000009801B4059801B41BF013FD1BF0CEF930
:1014300002B06F467760E6F761FB6F467760E5F7CD
:10144000C7FC6F467760E5F7E9FD6F467760E6F722
:1014500055FB002806D11AE004E503000012020043
:1014600040120200A2486F467760E7F743FC01B4E0
:1014700001B400F0CBF801B0019801B4069801B4B2
:10148000029801B41BF092FF1BF0E9F904B0009838
:1014900001B4059801B41BF0DCFC1BF097F902B015
:1014A0000346039801B408B400F04FF802B010F0FE
:1014B00001FD1BF0E9FB406B0190019801B4059818
:1014C00001B41BF0C6FC1BF081F902B06F467760D7
:1014D000E6F714FB6F467760E5F77AFC6F467760B6
:1014E000E5F79CFD6F467760E6F708FB00280DD016
:1014F000019801B4059801B46F467760E5F7A4FD43
:1015000001B41BF053FF1BF0AAF903B0039801B418
:10151000029801B4069801B41BF09BFC1BF056F92D
:1015200002B001B401980099816702B00398049950
:101530004164002002B000BD022C0BDA00B51BF0A4
:10154000CBFB00F007F802B000BD774600981BF017
:1015500036FFBE4600B502986F467760E6F7CEFAD2
:101560006F467760E5F734FC6F467760E5F756FD28
:101570006F467760E6F7C2FA002801D00A201BE028
:10158000029801B4029801B400F026F802B06F4648
:101590007760E6F7B3FA002801D00A200CE0019842
:1015A000406801B4039801B41BF090FB6F4677606C
:1015B000E5F75AFD02B0422000BD0000022C0BDA14
:1015C00000B51BF089FB00F007F802B000BD7746BC
:1015D00000981BF0F4FEBE4600B50198406801B4C7
:1015E000039801B41BF072FB00226F467760E6F7A8
:1015F00027FA02B01CF021FC01B4012149426F46D8
:101600007760E6F719FB01B000BD0000774600984F
:101610001BF0D5FEBE4600B5019801B46F46776059
:10162000E5F712FD01B401980099416002B0002075
:1016300000BD0000022C0BDA00B51BF04DFB00F0E2
:1016400007F802B000BD774600981BF0B8FEBE4612
:1016500000B5002001B40298406801B4049801B4B8
:101660001BF034FB00226F467760E6F7E9F902B021
:101670001CF0E3FB00900098012149421CF0FDFBA7
:101680000CD0029840680346032001B4019801B4CD
:1016900008B4FDF7E5FB03B0422000E00A2001B0EA
:1016A00000BD0000774600981BF02DFBBE4600B53C
:1016B000012001B4029801B4FEF716FF02B00298AF
:1016C0006F467760E6F71AFA6F467760E5F780FBBA
:1016D0006F467760E5F7A2FC6F467760E6F70EFA93
:1016E000002809D003486F467760E6F7F5FB03E072
:1016F00008F3030060390400019801B484203768BE
:10170000385801B41BF05BFA6F467760E9F7B0FE1A
:1017100001B01CF092FB01B4049801B41BF04FFA25
:101720006F467760E9F7A4FE01B01CF086FB01B4B8
:10173000019800991CF004FB02B001B403211CF0D5
:1017400061FB01B001B410F0D1F901B001B401980E
:101750000099C16002B0019801B4842037683858FC
:1017600001B41BF02CFA6F467760E9F785FE01B0F3
:101770001CF063FB01B4049801B41BF020FA6F461F
:101780007760E9F779FE01B01CF057FB01B40198CE
:1017900000991CF0D5FA02B001B403211CF032FB11
:1017A00001B001B410F0A2F901B001B401980099A0
:1017B000016102B0019801B40298C06801B40198B7
:1017C0000099C16402B0019801B40298006901B4A3
:1017D00001980099016502B0012001B4029801B49A
:1017E000FCF728FC02B0012001B4029801B4FCF718
:1017F000E7FB02B0012001B4029801B401F08EF8B9
:1018000002B0012001B4029801B401F04DF802B019
:10181000012001B4029801B401F006F802B00120E1
:1018200001B4029801B400F0C0FF02B00198022197
:1018300009020131C16201980221090201310163EB
:1018400001980121C167029801B4029801B400F027
:1018500035F802B00120404201B4029801B4FFF70C
:1018600071FD02B001980321816401980021816516
:10187000019801B46F467760E5F7E6FB01B4019883
:101880000099016702B0019801B46F467760E5F7EF
:10189000DBFB01B401980099016602B0002000BD95
:1018A000022C0BDA00B51BF017FA00F007F802B0B3
:1018B00000BD774600981BF026FABE4600B5029898
:1018C0006F467760E6F71AF96F467760E5F780FABA
:1018D0006F467760E5F7A2FB01B46F467760E6F7E5
:1018E000D5F8002802D0009801B00EE000980098CA
:1018F00001B0029801B40298C06D01B4019800993A
:101900006F467760E5F7E4FF02B06F467760E6F771
:10191000F5F8002800D008E001980299C165019807
:1019200001B438211BF06CFB01B0002000BD0000A9
:10193000012C0BDA00B51BF0C5F900F007F801B077
:1019400000BD774600981BF0DEF9BE4600B5019851
:10195000C06B6F467760E6F7D1F800285CD001983D
:10196000C06B01B40298C06D01B41BF028F96F463A
:101970007760E9F77DFD01B01CF05FFA01B40398D0
:1019800001B400F09FFC01B001B4019800996F46CA
:101990007760E5F739FE02B001B40398C06D01B479
:1019A0001BF00DF96F467760E9F766FD01B01CF09A
:1019B00044FA01B4049801B400F068FC01B001B429
:1019C000019800996F467760E5F71EFE02B001B4FA
:1019D0000EBC02B404B408B400F08BFC03B0019850
:1019E00001B40298C06B806801B410F07FF801B0B8
:1019F00001B401980099416302B0019801B40298C2
:101A0000C06BC06801B410F071F801B001B4019866
:101A10000099816302B049E0019801B40298C06D59
:101A200001B41BF0CCF86F467760E9F721FD01B0F7
:101A30001CF003FA01B4039801B400F043FC01B0B8
:101A400001B4019800996F467760E5F7DDFD02B0BB
:101A500001B410F04BF801B001B401980099416352
:101A600002B0019801B40298C06D01B41BF0A7F850
:101A70006F467760E9F700FD01B01CF0DEF901B4B4
:101A8000039801B400F002FC01B001B40198009980
:101A90006F467760E5F7B8FD02B001B410F026F8A4
:101AA00001B001B401980099816302B0019801B4BA
:101AB00000F012F801B0002000BD0000012C0BDA8C
:101AC00000B51BF0FFF800F007F801B000BD774645
:101AD00000981BF018F9BE4600B501980621C166B2
:101AE000019801B434211BF08BFA01B0002000BD35
:101AF000012C0BDA00B51BF0E5F800F007F801B097
:101B000000BD774600981BF0FEF8BE4600B5019870
:101B1000C06E6F467760E5F7F1FF002806D00198A8
:101B2000C06E01B400F0AFFA01B00BE0019801B44F
:101B3000029801B400F008F801B001B401980099CE
:101B4000C16602B0002000BD00B5002001B401B4A0
:101B500001B401B401B401B401B401B401B401B4DD
:101B600001B40C981BF0CFF8C06E01B46F467760DB
:101B7000E5F78CFF002802D1009801B00AE0009838
:101B8000009801B00C981BF0BEF8C06E01B400F0D4
:101B900058FA01B06F467760E5F7B0FF002804D02F
:101BA0000C981BF0B0F8C06E62E10C981BF0ABF81B
:101BB000C06B6F467760E5F7A1FF00282AD0C448C4
:101BC0006F467760E7F796F801B40D9801B40E9868
:101BD0001BF099F8C06B806801B40FF087FF01B06B
:101BE00001B40F981BF08FF8C06BC06801B40FF000
:101BF0007DFF01B001B40EBC012001B4012001B48D
:101C000002B404B408B4059801B400F065F906B054
:101C100001BC2DE10C98C06D0090009801B41AF041
:101C2000CEFF6F467760E9F723FC01B01CF005F9A1
:101C300001B40FF05BFF01B00190009801B41AF0FD
:101C4000BEFF6F467760E9F717FC01B01CF0F5F8AE
:101C500001B40FF04BFF01B002900120039001206E
:101C600004900120059001200690059801B4019888
:101C700001B41AF0A4FF6F467760E9F7F9FB01B0F1
:101C80001CF0DBF801B4019800991CF0E2F802B0F6
:101C90006AD00120079001200890079801B40198AC
:101CA00001B41AF08CFF6F467760E9F7E5FB01B0ED
:101CB0001CF0C3F801B4019800991CF0CAF802B0F6
:101CC00043D0009801B4069801B4099801B41BF000
:101CD00084FB6F467760E9F703FC03B01CF0ADF8B6
:101CE0006F467760E5F70AFF00281FD0069801B419
:101CF000029801B400F0CCF802B00190089801B449
:101D0000039801B400F0C4F802B00290069801B440
:101D1000049801B400F0AEF802B00390089801B442
:101D2000059801B400F0A6F802B0049007980321CA
:101D30001BF0F6FF079008980221090201311BF001
:101D4000EFFF01B4099001BCA7E7059803211BF040
:101D5000E7FF059006980221090201311BF0E0FF20
:101D600001B4079001BC80E7019801B40D981AF006
:101D7000CAFFC06A01B406BC02B404B4FEF728FB73
:101D800002B00190029801B40D981AF0BCFF006BEC
:101D900001B406BC02B404B4FEF71AFB02B0029010
:101DA000039801B40D981AF0AEFFC06A01B406BCE6
:101DB00002B404B4FEF70CFB02B00390049801B423
:101DC0000D981AF0A0FF006B01B406BC02B404B475
:101DD000FEF7FEFA02B00490039801991BF0B0FFE1
:101DE00001B40D981AF08FFFC06A01B4019802BCCB
:101DF00001B01BF095FF0990049802991BF0A0FF19
:101E000001B40D981AF07FFF006B01B4019802BC79
:101E100001B01BF085FF0A902D486F467760E6F70A
:101E200069FF01B40D9801B40B9801B40D9801B489
:101E3000059828491BF094FF01B4079825491BF029
:101E40008FFF01B40027009801B40197029801B4F4
:101E50000397049801B40597069801B4079708986A
:101E600001B409970A9801B400F036F80BB001BC30
:101E70000BB000BD00B5019802991BF0FEFF02D027
:101E8000019803E001E0029800E0002000BD00009E
:101E900000B5019802991BF0DCFF02D0019803E025
:101EA00001E0029800E0002000BD0000012C0BDAE8
:101EB00000B51AF007FF00F007F801B000BD774643
:101EC00000981AF020FFBE4600B50198C06D00BD15
:101ED00048F4030001FEFFFF774600981BF092FADA
:101EE000BE4600B5019801B4039801B400F021F892
:101EF00001B001B401980099416002B001980299C3
:101F00008160019803994161019804998161019868
:101F10000599C160019806990161002000BD00008B
:101F2000012C0BDA00B51AF0CDFE00F007F801B075
:101F300000BD774600981AF0E6FEBE4600B501984F
:101F4000C06D01B41AF03BFE6F467760E9F7AAFA5C
:101F500001B06F467760E5F761F801B40298406B15
:101F60000346112001B408B400F054F802B001B4E3
:101F7000019800991BF0D4FE02B001B40298806B66
:101F80000346212001B408B400F044F802B001B4C3
:101F9000019800991BF0C4FE02B001B4029801B48C
:101FA00000F016F801B001B4019800991BF0B8FEDA
:101FB00002B000BD012C0BDA00B51AF083FE00F070
:101FC00007F801B000BD774600981AF09CFEBE46A7
:101FD00000B50198C06B6F467760E5F78FFD00286C
:101FE00003D00198C06B406800E0012000BD0000F4
:101FF000012C0BDA00B51AF065FE00F007F801B00D
:1020000000BD774600981BF00BFABE4600B501985C
:10201000406800BD00B5019801B4039811211BF080
:102020007FFE01B4019800991BF0ECFE02B000BDE8
:10203000012C0BDA00B51AF045FE00F007F801B0EC
:1020400000BD774600981BF0DDF9BE4600B501984B
:10205000406801B40298806801B4FFF76AFF01B0DC
:1020600001B4019800996F467760E5F731FC02B042
:1020700000BD0000012C0BDA00B51AF023FE00F0C1
:1020800007F801B000BD774600981BF0BBF9BE46CB
:1020900000B5002001B401B401B401B401B401B42D
:1020A00001B401B401B401B401B40C9801B4FFF758
:1020B000CDFF01B06F467760E5F720FD002800D026
:1020C0009FE00C98806801B4FFF73EFD01B00090DE
:1020D0000C98C06801900C98006902900C984069B7
:1020E00001B4029802BC1BF01BFE03900C9880699F
:1020F00001B4039802BC1BF013FE049000981BF07F
:1021000081F9C068059000981BF07CF90069069081
:1021100000981BF077F9406901B4069802BC1BF0E7
:10212000FFFD079000981BF06DF9806901B40798D6
:1021300002BC1BF0F5FD0890019805991BF000FE0C
:1021400001B400F061F801B001B4049808991BF0E3
:10215000F7FD01B400F058F801B001B4019802BCD9
:1021600001B01BF0DDFD0990029806991BF0E8FD17
:1021700001B400F049F801B001B4059809991BF0C9
:10218000DFFD01B400F040F801B001B4019802BCD9
:1021900001B01BF0C5FD0A90099804210902013124
:1021A0001BF06BFE0DD00C980599C1600C9801B422
:1021B00001981BF027F9406901B401980099416129
:1021C00002B00A980421090201311BF056FE0DD01D
:1021D0000C98069901610C9801B401981BF012F952
:1021E000806901B401980099816102B00C9801B432
:1021F00001981BF007F9406801B40198009941600B
:1022000002B000200BB000BD00B5019801211BF009
:1022100020FE05D0012001991BF092FD03E001E0B2
:10222000019800E0002000BD012C0BDA00B51AF087
:1022300049FD00F007F801B000BD774600981BF09B
:10224000EFF8BE4600B50198C06800BD012C0BDA5E
:1022500000B51AF037FD00F007F801B000BD774671
:1022600000981BF0DDF8BE4600B50198806800BDFF
:10227000012C0BDA00B51AF025FD00F007F801B0CB
:1022800000BD774600981AF03EFDBE4600B50198A5
:10229000006B01B40221090201316F467760E5F756
:1022A000DFF901B000BD0000012C0BDA00B51AF017
:1022B00009FD00F007F801B000BD774600981AF05C
:1022C00022FDBE4600B50198C06A01B40221090290
:1022D00001316F467760E5F7C3F901B000BD00003A
:1022E000032C0BDA00B51AF000FD00F007F803B07C
:1022F00000BD774600981BF093F8BE4600B50298E3
:1023000001B405216F467760E5F7AAF901B00290A4
:10231000039801B405216F467760E5F7A1F901B094
:102320000390019801B4039801B4049801B4019892
:1023300000996F467760E5F767F902B001B4059838
:1023400001B4069801B4019800996F467760E5F7EB
:102350005BF902B001B4019800991BF0E1FC02B0F6
:1023600001B46F467760E6F7B7FF01B001B401989A
:102370000099416102B0019801B4049801B4049835
:1023800001B4019800996F467760E6F755FF02B0F7
:1023900001B401980099816102B0019801B40298DA
:1023A000406801B406BC02B404B400F011F802B0F5
:1023B000002000BD022C0BDA00B51AF08DFC00F0F5
:1023C00007F802B000BD774600981BF029F8BE461A
:1023D00000B50198029941600198006901B4029822
:1023E000806903991BF09CFC01B46F467760E6F7A7
:1023F0004BFF01B001B40398406901B40198009902
:102400006F467760E5F700F902B001B40198009AD1
:1024100001211AF0B5F902B00198006901B40298DF
:10242000806903991BF07CFC01B46F467760E6F786
:1024300021FF01B001B40398406901B401980099EB
:102440006F467760E5F7E0F802B001B40198009AB2
:1024500003211AF095F902B00198006901B40298BD
:1024600080690146CD481BF06BFC03991BF058FCBA
:1024700001B46F467760E6F707FF01B001B4039837
:10248000406901B4019800996F467760E5F7BCF8A0
:1024900002B001B40198009A05211AF071F902B056
:1024A0000198006901B4029880690146BB481BF09D
:1024B00047FC03991BF034FC01B46F467760E6F7E4
:1024C000D9FE01B001B40398406901B401980099A4
:1024D0006F467760E5F798F802B001B40198009A6A
:1024E00007211AF04DF902B00198006901B4029871
:1024F00080690146A9481BF013FC03991BF010FCEE
:1025000001B46F467760E6F7BFFE01B001B40398EF
:10251000406901B4019800996F467760E5F774F857
:1025200002B001B40198009A09211AF029F902B009
:102530000198006901B402988069014697481BF030
:10254000EFFB03991BF0ECFB01B46F467760E6F7F5
:1025500091FE01B001B40398406901B4019800995B
:102560006F467760E5F750F802B001B40198009A21
:102570000B211AF005F902B00198006901B4039823
:1025800001B40398806901B4019800991BF0D8FB4D
:1025900002B001B46F467760E6F776FE01B001B491
:1025A0000398406901B4019800996F467760E5F798
:1025B0002BF802B001B40198009A0D211AF0E0F84E
:1025C00002B00198006901B4039801B403988069CE
:1025D00001B4019800991BF0B3FB02B001B46F463F
:1025E0007760E6F747FE01B001B40398406901B493
:1025F000019800996F467760E5F706F802B001B4DC
:102600000198009A0F211AF0BBF802B0019801B4AA
:1026100000F012F801B0002000BD0000012C0BDA20
:1026200000B51AF04FFB00F007F801B000BD774687
:1026300000981AF0F5FEBE4600B5002001B401B4C2
:1026400001B401B401B40698006901B401211AF083
:102650004CF801B00090009801900698006901B410
:1026600003211AF042F801B002900298039005206D
:102670000490049811211BF0ECFB5BD0009801B48E
:102680000798006901B4069801B4019800991AF0FE
:102690002CF802B001B406BC02B404B400F06AF82D
:1026A00002B00090019801B40798006901B406983F
:1026B00001B4019800991AF018F802B001B406BCF0
:1026C00002B404B4FCF788F802B00190029801B497
:1026D0000798006901B4069803211BF021FB01B49F
:1026E000019800991AF001F802B001B406BC02B4D6
:1026F00004B400F03FF802B00290039801B40798C8
:10270000006901B4069803211BF00AFB01B401988B
:10271000009919F0EAFF02B001B406BC02B404B497
:10272000FCF75AF802B00390049805211BF0F8FA60
:1027300004909EE7069801B4029801991BF000FBF3
:1027400001211BF01AFB01B401980099816002B0CD
:10275000069801B4049803991BF0F2FA01211BF0CA
:102760000CFB01B401980099C16002B0002005B0D3
:1027700000BD000000B5019802991BF092FB01D04A
:10278000019800E0029800BD022C0EDA00B51AF0A4
:10279000A3FA00F00AF802B000BD0000803C04007B
:1027A000774600981AF0AFFABE4600B5019801B41A
:1027B000039801B4012001B4FCF70EF802B001B493
:1027C0000FF094F901B001B401980099816202B050
:1027D000002000BD012C0BDA00B51AF073FA00F0EE
:1027E00007F801B000BD774600981AF08CFABE4693
:1027F00000B50198806A01B40221090201316F46D7
:102800007760E4F72DFF01B000BD0000022C0BDA69
:1028100000B51AF061FA00F007F802B000BD774683
:1028200000981AF070FABE4600B5019801B40398FA
:1028300001B4012001B4FBF7CFFF02B001B40FF0E7
:1028400055F901B001B401980099416202B000202D
:1028500000BD0000012C0BDA00B51AF033FA00F0CD
:1028600007F801B000BD774600981AF04CFABE4652
:1028700000B50198406A01B40221090201316F4696
:102880007760E4F7EDFE01B000BD0000022C0BDA2A
:1028900000B51AF021FA00F007F802B000BD774643
:1028A00000981AF030FABE4600B5019801B40398BA
:1028B00001B40FF01BF901B001B401980099016255
:1028C00002B0002000BD0000012C0BDA00B51AF0A8
:1028D000F9F900F007F801B000BD774600981AF04A
:1028E00012FABE4600B50198006A01B4022109023D
:1028F00001316F467760E4F7B3FE01B000BD000020
:10290000022C0BDA00B51AF0E7F900F007F802B074
:1029100000BD774600981AF0F6F9BE4600B501985A
:1029200001B4039801B40FF0E1F801B001B40198CB
:102930000099C16102B0002000BD0000012C0BDA3B
:1029400000B51AF0BFF900F007F801B000BD7746F6
:1029500000981AF0D8F9BE4600B50198C06901B4D4
:102960000221090201316F467760E4F779FE01B078
:1029700000BD000000B5DC20376838581AF05EFD55
:1029800080680346019801B408B400F058F902B019
:10299000002000BD774600981AF050FDBE4600B5F5
:1029A000019802994160C7486F467760E6F7A2F93F
:1029B00001B4039801B4019801B400F035F802B0F5
:1029C000029802BC8160E020376838586F46776013
:1029D000E5F794F86F467760E4F7FAF96F467760A9
:1029E000E4F71CFB6F467760E5F788F8002806D00F
:1029F0006F467760E4F728FBE02137687850E020E5
:102A00003768385801B40298406803211BF098F9E0
:102A100001B4039801B402980199009A19F0B0FE2C
:102A200003B0002000BD0000774600981AF014FDA6
:102A3000BE4600B501980299416001980321C1602A
:102A400001980321016101980021C16101980021D1
:102A500001620198406803211BF05FFA22D08420B4
:102A60003768385801B41AF0AAF86F467760E8F76B
:102A700007FD01B06F467760E4F7D0FA6F467760E4
:102A8000E5F73CF8002801D0012000E0052001B462
:102A9000029802BC816001980121416101980121E5
:102AA0008161C1E0029805211BF037FA36D08420FD
:102AB0003768385801B41AF082F86F467760E8F743
:102AC000DFFC01B06F467760E4F7A8FA6F467760E5
:102AD000E5F714F8002801D0012000E0112001B42E
:102AE000029802BC8160019801B48420376838588C
:102AF00001B41AF064F86F467760E8F7B9FC01B0EA
:102B00001BF09BF901B401980099416102B0019852
:102B10000121816101984221C16185E0029807216C
:102B20001BF0FBF936D084203768385801B41AF00E
:102B300046F86F467760E8F7A3FC01B06F46776010
:102B4000E4F76CFA6F467760E4F7D8FF002801D00D
:102B5000012000E0092001B4029802BC81600198C4
:102B600001214161019801B484203768385801B4CB
:102B70001AF025F86F467760E8F77EFC01B01BF08D
:102B80005CF901B401980099816102B00198422179
:102B9000016249E084203768385801B41AF00FF810
:102BA0006F467760E8F76CFC01B06F467760E4F73A
:102BB00035FA6F467760E4F7A1FF002801D00120C5
:102BC00000E00F2001B4029802BC8160019801B4BA
:102BD00084203768385801B419F0F1FF6F467760E8
:102BE000E8F746FC01B01BF028F901B40198009900
:102BF000416102B0019801B484203768385801B4AB
:102C000019F0DDFF6F467760E8F736FC01B01BF086
:102C100014F901B401980099816102B00198422130
:102C2000C161019842210162002000BD022C0BDA33
:102C300000B51AF051F800F007F802B000BD774671
:102C400000981AF009FCBE4600B5002001B401B49A
:102C5000039801B40AF00AFA01B000903768F86AE4
:102C60001AF008FC806881211BF07AF86F467760C3
:102C7000E4F744FF6F467760E4F7AAF86F467760A1
:102C8000E4F7CCF96F467760E4F738FF002806D008
:102C9000422001B4052001B400F012F902B00398FB
:102CA00001B400F0D7F801B000981AF0F1FB4068C9
:102CB00001B46F467760E4F7E9FE002804D000987D
:102CC00001B005E004F503000098009801B0012070
:102CD0000190009801B4059801211BF04EF801B451
:102CE000019800991AF0D4FB416002B00220BD495E
:102CF0006F467760E5F7CCFF01B40021029A6F467A
:102D00007760E4F723FA00980121019A6F46776013
:102D1000E4F71CFA01981AF0BBFB0069034600981F
:102D200008B4FDF7B1F802B0002002B000BD000009
:102D3000ECB10100000000003D2D0200012C06DA7C
:102D400000B519F0BFFF00F002F801B000BD00B5FA
:102D5000E86801B402981AF0BDFA806801B40198DD
:102D600000996F467760E4F745FF02B001B46F4603
:102D70007760E4F78BFE002802D1009801B013E0E1
:102D80000098009801B028691AF082FB406801B4ED
:102D900002981AF09FFA806801B4019800996F4672
:102DA0007760E4F739FF02B001B46F467760E4F76B
:102DB0006DFE002802D0009801B02EE00098009827
:102DC00001B0E86801B402981AF084FA806801B48E
:102DD000019800996F467760E4F72EFF02B001B4C6
:102DE0006F467760E4F752FE002802D1009801B0E8
:102DF00013E00098009801B028691AF049FB406878
:102E000001B402981AF066FA806801B4019800993A
:102E10006F467760E4F7DCFE02B06F467760E4F758
:102E20006DFE002805D0019801B4CC2119F0A4FF53
:102E300001B0002000BD0000012C0BDA00B519F034
:102E400041FF00F007F801B000BD774600981AF086
:102E500003FBBE4600B5002001B4029801B40AF09D
:102E600005F901B0009000981AF012FB40690021AA
:102E70001BF053F804D0009842211AF009FB41617D
:102E800000981AF005FB006A00211BF046F804D0F8
:102E9000009842211AF0FCFA016200981AF0F8FA40
:102EA000406806211BF025F804D0009801211AF093
:102EB000EFFA416000981AF0EBFA406801B000BDEB
:102EC00000B500F03BF802986F467760E4F716FE15
:102ED000002812D03768F86A01B401B401981AF0DA
:102EE000C9FA806803991AF048FF01B40198009963
:102EF0001AF0C0FA816003B01DE03768F86A01B4C7
:102F00003768F86A1AF0B6FA806801B46F467760DD
:102F1000E4F7EEFA01B002991AF02FFF01B46F4600
:102F20007760E4F7E5FA01B001B4019800991AF06E
:102F3000A1FA816002B0002000BD000000B5376832
:102F4000F86A6F467760E4F7D9FD002800D015E0F5
:102F500025486F467760E5F7CDFE01B401B409F06E
:102F6000C1FF01B001BC3768F862002001B41F48FE
:102F700001B4C92001B409F06BFF03B0002000BD0B
:102F8000ECB10100000000008D2F020000B5002010
:102F900001B401B401B401B401B401B43768F86AF2
:102FA0006F467760E4F7AAFD6F467760E3F710FF9E
:102FB0006F467760E4F732F86F467760E4F79EFD7E
:102FC000002800D037E13768F86A1AF053FA8068B1
:102FD00021211AF0C5FE6F467760E4F78FFD0028C7
:102FE00006D11EE0302D0200D4F60300802F02002F
:102FF000C24801B4E0203768385801B4FEF73AF906
:1030000002B00090BE4801B4019801B4FCF73CFF47
:1030100002B0BC4801B4019801B4FCF735FF02B01E
:103020005EE0DC2037683858019001981AF006FA03
:10303000806801B409F0D5F901B001B46F4677603A
:10304000E4F724FD002802D1009801B00AE00098BE
:10305000009801B03768F86A1AF00CFA8068052108
:103060001AF07EFE6F467760E4F748FD002804D032
:10307000019801B409F085F801B001981AF0DEF961
:10308000806801B409F041F801B001B46F4677607F
:10309000E4F7FCFC002802D1009801B00AE0009897
:1030A000009801B03768F86A1AF0E4F980680921DD
:1030B0001AF056FE6F467760E4F720FD002804D032
:1030C000019801B408F057FC01B001981AF0B6F964
:1030D00080680346422001B408B409F0A6F902B0A2
:1030E0003768F86A1AF0C6F9C06801B400216F4663
:1030F0007760E4F7F5FB01B001B46F467760E4F761
:10310000C5FC002802D1009801B00AE000980098A0
:1031100001B03768F86A1AF0ADF9806803211AF037
:103120001FFE6F467760E4F7E9FC002800D182E0DB
:103130000EF0C0FE02903768F86A1AF09BF9C0687A
:1031400001B40398C06D01B4019800991AF0F8FD1C
:1031500002B00390039801B408F018FA01B0039884
:1031600001B407210902D1316F467760E4F778FA9C
:1031700001B00490049801211AF093FE5BD0012065
:1031800004903768F86A1AF075F9406A6F467760FC
:10319000E4F7B4FC6F467760E3F71AFE6F4677609A
:1031A000E3F73CFF6F467760E4F7A8FC002842D0C5
:1031B0003768F86A42211AF05DF941623768F86AA7
:1031C00000211AF057F9C1603768F86A1AF052F90D
:1031D000806A6F467760E4F791FC002807D0376873
:1031E000F86A01B47B2119F0C7FD01B023E037680C
:1031F000386C01B419F02AFD01B005900A2001B421
:10320000062001B40A2001B4089801B408F07BF943
:1032100004B00A2001B40A2001B4062001B40A2037
:1032200001B4099801B408F01CF905B00A2001B4F2
:1032300000F06CF801B0002006B000BDECB1010058
:103240000000000049320200012C06DA00B519F036
:1032500039FD00F002F801B000BD00B501986F46DD
:103260007760E4F74BFC6F467760E3F7B1FD6F469C
:103270007760E3F7D3FE6F467760E4F73FFC6F4675
:103280007760E3F7A5FD6F467760E3F7C7FE00BD03
:10329000ECB10100000000009D320200012C06DAB2
:1032A00000B519F00FFD00F002F801B000BD00B547
:1032B000019801B409F041F901B0002000BD0000FF
:1032C000ECB1010000000000CD320200012C06DA52
:1032D00000B519F0F7FC00F002F801B000BD00B530
:1032E00001981AF0ABF8806803460A2001B408B4CC
:1032F00009F09BF802B0002006E000003C3202001A
:1033000090320200C032020000BD000000B5002073
:1033100001B4029801B400F003F802B0002000BD2F
:1033200000B5002001B401B401B401B401B401B48A
:1033300001B401B401B401B401B401B401B401B4E5
:10334000002001B405F030FA01B0E42037683858A5
:103350006F467760E4F7D2FB002800D0B2E142204C
:10336000E42137687850E820376838586F4677602E
:10337000E4F7C4FB00280AD0E8203768385801B4C5
:10338000109801B401981AF091F802B09AE13768E8
:10339000386C01B419F05AFC01B0009010986F46D7
:1033A0007760E4F7ABFB6F467760E3F711FD6F469C
:1033B0007760E3F733FE01B46F467760E4F766FBAE
:1033C000002802D1009801B00DE00098009801B0EB
:1033D00000981AF08DF8406801B405216F467760B7
:1033E000E4F77EFA01B0019005F0AAF90290019885
:1033F00001B46F467760E4F749FB002802D10098DA
:1034000001B004E00098009801B005F083F9039042
:10341000019801B46F467760E4F738FB002802D1C9
:10342000009801B003E00098009801B00F9801B433
:103430006F467760E4F72AFB002802D1009801B0BC
:1034400004E00098009801B005F0D8F8049001203D
:10345000BB496F467760E5F71BFC01B40021059A74
:103460006F467760E3F772FE0098039801B405F0A9
:1034700083F802B0059000981AF03AF8406801B459
:1034800005F00AF801B00690069801B404F0B8FB04
:1034900001B0019801B46F467760E4F7F7FA0028AD
:1034A00002D1009801B003E00098009801B00498A0
:1034B0006F467760E4F722FB002801D003F092FF0B
:1034C00010986F467760E4F719FB6F467760E3F773
:1034D0007FFC6F467760E3F7A1FD6F467760E4F706
:1034E0000DFB6F467760E3F773FC6F467760E3F799
:1034F00095FD01B46F467760E4F7C8FA002802D062
:10350000009801B012E00098009801B0019801B451
:103510006F467760E4F7BAFA002802D1009801B04C
:1035200004E00098009801B003F018FF0790079896
:1035300001B4109801B4029801B403F0CEFE03B0B8
:1035400008900F9801B4019801B403F0AAFE02B0EC
:1035500009900F9801B4019801B403F086FE02B0FF
:103560000A900F9801B4019801B403F062FE02B012
:103570000B900B986F467760E4F7C0FA002801D0F3
:10358000052000E003200C90EC203768385801B487
:103590006F467760E4F77AFA002802D1009801B00C
:1035A0000BE00098009801B0EC203768385801B45F
:1035B00019F0F2FA1AF0FEFC01B06F467760E4F7FA
:1035C0009DFA002809D0F0203768385801B403F07C
:1035D000ECFD01B003F0D4FBD6E703F023FA84201E
:1035E0003768385801B419F0EAFA6F467760E8F79F
:1035F00061FA01B001B403F09DF901B00A986F4679
:103600007760E4F77BFA002806D00C9801B40B9899
:1036100001B403F071F902B009986F467760E4F7DE
:103620006DFA002806D0099801B43521C90019F0B7
:10363000A3FB01B003200002213001B40EF092FD83
:1036400001B040486F467760E5F754FB01B411982C
:1036500001B4059801B4089801B4059801B40D9817
:1036600001B4159801B4069801B401F01FFF07B02A
:1036700001BC0D90012034496F467760E5F708FBE7
:1036800001B400210E9A6F467760E3F75FFD0020DA
:1036900001B4019801B4C92001B409F0D9FB04B008
:1036A00003200002E93001B40EF05CFD01B00D987A
:1036B00001B400F0C2F801B000F09AF86F467760EC
:1036C000E2F7E2FC00200EB000BD0000ECB101000A
:1036D00000000000D9360200012C06DA00B519F00E
:1036E000F1FA00F002F801B000BD00B517486F46CE
:1036F0007760E5F7FFFA01B40298406801B40398D7
:1037000019F09CFE806801B4FFF79FFB01B001B483
:10371000049801B4E86801B4019800996F46776095
:10372000E4F7D6F802B001B40EBC02B404B408B495
:10373000039801B404F0EAFE04B001BC00BD00002F
:10374000CC36020000F903005037020078F703007E
:10375000ECB10100000000005D370200012C06DA28
:1037600000B519F0AFFA00F002F801B000BD00B5E5
:10377000E86801B4242119F0C9FE01B0019801B430
:10378000E86819F0D3FE406801B4842037683858DF
:1037900001B419F014FA6F467760E7F76DFE01B0D7
:1037A0001AF04BFB01B4E86819F0C0FE406801B4A0
:1037B00019F005FA6F467760E7F75EFE01B01AF080
:1037C0003CFB01B4019800991AF0BAFA02B001B4B6
:1037D00003211AF017FB01B001B419F0B5FE002265
:1037E0006F467760EAF7E0FC03B0002000BD000000
:1037F00000B5F420376838586F467760E4F77EF9F3
:10380000002807D0F4203768385801B419F01EFAA0
:1038100001B006E017200002713001B40EF0A2FCE6
:1038200001B0002000BD0000012C0BDA00B519F03A
:1038300049FA00F007F801B000BD7746009819F08A
:1038400075FEBE4600B5019842210163002000BD0F
:10385000012C0BDA00B519F035FA00F007F801B0C9
:1038600000BD7746009819F061FEBE4600B501988C
:1038700001B401F0A3FC01B0019801B4282119F0B2
:10388000BFFB01B00198006B6F467760E4F736F933
:10389000002804D0019801B400F012F801B0002013
:1038A00000BD0000012C0BDA00B519F00BFA00F096
:1038B00007F801B000BD7746009819F057FEBE46E4
:1038C00000B5002001B4012000900298406A29212F
:1038D0001AF0D3FA01D003200090029801B40398A3
:1038E000406A03211AF01CFA01B451216F46776037
:1038F000E3F7CCFE01B001B401980099416202B037
:103900000298406801B40398C06801B40498C06983
:1039100001B4059801B400F0C5F801B001B40198F4
:1039200000991AF0FDF902B001B40598806901B45C
:10393000019800991AF0F4F902B002991AF0F0F91E
:1039400001B40598C06801B419F039F96F46776081
:10395000E7F78EFD01B01AF070FA01B401980099F2
:103960001AF0EEF902B001B40598006A01B40698A5
:10397000806901B4019800991AF0D2F902B001B43B
:10398000069801B400F050F801B001B40198009914
:103990001AF0C6F902B003211AF0C2F901B4069870
:1039A00001B400F021F801B001B4019800991AF0B7
:1039B000C7F902B001B419F0E9FD6F467760EAF784
:1039C000F3FB04B0002001B000BD0000012C0BDAB5
:1039D00000B519F077F900F007F801B000BD77469F
:1039E000009819F0C3FDBE4600B50198C06801B447
:1039F00019F0E5F86F467760E7F73EFD01B01AF081
:103A00001CFA03211AF08CF900BD0000012C0BDA1E
:103A100000B519F057F900F007F801B000BD77467E
:103A2000009819F0A3FDBE4600B50198406801B4A6
:103A300019F0C5F86F467760E7F71EFD01B01AF080
:103A4000FCF901B40298006A01B403988069034646
:103A5000192001B408B4FEF78DFE02B001B401983C
:103A600000991AF05DF902B001B403211AF0A0F92F
:103A700001B001B4019800991AF062F902B0032173
:103A80001AF05EF900BD0000012C0BDA00B519F048
:103A900019F900F007F801B000BD7746009819F059
:103AA00065FDBE4600B50198406801B419F087F87D
:103AB0006F467760E7F7DCFC01B01AF0BEF901B49D
:103AC0000298C06901B4039880690346192001B4C3
:103AD00008B4FEF74FFE02B001B4019800991AF045
:103AE0001FF902B001B403211AF062F901B001B468
:103AF000019800991AF024F902B005211AF020F972
:103B000000BD0000012C0BDA00B519F0DBF800F065
:103B100007F801B000BD7746009819F007FDBE46D2
:103B200000B5019801B401F01FFB01B0019801B488
:103B300000F012FE01B0019801B400F011F801B0DC
:103B4000002000BD012C0BDA00B519F0BBF800F025
:103B500007F801B000BD7746009819F0E7FCBE46B3
:103B600000B5002001B401B401B4049801B400F020
:103B7000C5FD01B06F467760E3F7C0FF002800D1B4
:103B8000F7E00498806B01B4F8203768385801B426
:103B9000692119F01DF801B001B4019800991AF0DB
:103BA000CFF802B00B211AF0CBF80090049801B4C2
:103BB00000F076FD01B06F467760E3F79FFF0028C5
:103BC00000D1B3E0C14801900498406801B4029864
:103BD00001B4029801B4132001B400F0FBF801B065
:103BE00001B41EBCF8203768385801B402B404B4DC
:103BF00008B410B400F008F905B0049801B400F05E
:103C0000C9F801B06F467760E3F778FF6F467760D9
:103C1000E3F7DEF86F467760E3F700FA6F46776008
:103C2000E3F76CFF002800D17FE0019801B419F0A0
:103C300018F96F467760E3F72BF801B01AF0FDF83A
:103C400001B4F8203768385801B46A2118F0C0FF71
:103C500001B001B4019800996F467760E3F7D4FC96
:103C600002B001B403211AF0CDF801B0029004981B
:103C7000406801B43768786B01B40698406801B4B5
:103C800018F09DFF6F467760E7F7F2FB01B01AF07E
:103C9000D4F801B403211AF0B5F801B004991AF070
:103CA0004FF801B43768786B01B418F088FF6F469D
:103CB0007760E7F7DDFB01B01AF0BFF801B40198B7
:103CC00000991AF03DF802B005211AF039F801B454
:103CD000039801B419F05AFC6F467760EAF764FA6A
:103CE00004B00498406801B43768786B01B4069852
:103CF000406801B418F063FF6F467760E7F7B8FBE0
:103D000001B01AF09AF801B403211AF07BF801B05F
:103D100004991AF005F801B4039801B419F036FCBF
:103D20006F467760EAF740FA04B022E004984068F2
:103D300001B40598806C01B419F078F864486F46B6
:103D40007760E2F7D1FE01B001B4029801B413200C
:103D500001B400F03FF801B001B41EBCF820376890
:103D6000385801B402B404B408B410B400F04CF8EC
:103D700005B0002003B000BD012C0BDA00B518F02F
:103D8000A1FF00F007F801B000BD7746009819F0D8
:103D9000CDFBBE4600B50198406B112119F0E0FF44
:103DA0006F467760E3F7AAFE6F467760E3F710F897
:103DB0006F467760E3F732F96F467760E3F79EFE70
:103DC0006F467760E3F704F86F467760E3F726F90C
:103DD00000BD000000B584203768385801B418F0E1
:103DE000EEFE6F467760E7F74BFB01B06F467760FA
:103DF000E3F714F96F467760E3F780FE002801D0FF
:103E0000032000E0019800BD00B5002001B401B41A
:103E100007986F467760E3F771FE6F467760E2F7C9
:103E2000D7FF6F467760E3F7F9F86F467760E3F7FF
:103E300065FE002805D0049801B400F0E9FB01B04C
:103E40000790049801B419F00CF86F467760E2F718
:103E50001FFF01B019F0F1FF01B4089801B46A2105
:103E600018F0B6FE01B001B4019800996F46776072
:103E7000E3F7CAFB02B00090039801B418F09FFE6C
:103E80006F467760E7F7F4FA01B019F0D6FF0099B2
:103E900019F056FF01B405216F467760E3F7E0FBA8
:103EA00001B00190002001B4089801B4089801B451
:103EB000089801B4059801B4099801B4099801B4AF
:103EC00000F008F807B0002002B000BDBC3A0400C2
:103ED000D43A040000B5002001B401B401B401B427
:103EE00001B401B401B401B401B401B401B401B42A
:103EF00001B401B401B401B401B401B401B401B41A
:103F000001B401B401B401B401B41C98012119F049
:103F100034FF1C901D98012119F02FFF1D901F9850
:103F20006F467760E3F7EAFD6F467760E2F750FF90
:103F30006F467760E3F772F86F467760E3F7DEFD70
:103F4000002805D01B9801B400F062FB01B01F905F
:103F50001E986F467760E3F7D1FD6F467760E2F712
:103F600037FF6F467760E3F759F86F467760E3F7FE
:103F7000C5FD002801D003201E901C980090012050
:103F800001901F9801B48F21490018F021FE01B063
:103F90006F467760E3F7B2FD002807D01F9801B4A1
:103FA0008F21490018F014FE01B000E003200290B8
:103FB0001F9801B46A2118F00BFE01B001B40398F8
:103FC00001B418F06FFE6F467760E3F739F802B07E
:103FD00019F033FF03901F9801B4692118F0F8FD20
:103FE00001B001B4039801B418F05CFE6F4677602D
:103FF000E3F726F802B019F020FF049004980F218F
:1040000019F08EFE01B4072119F0FCFE01B00590F5
:10401000059801B4049801B4019800996F4677603F
:10402000E3F7F2FA02B006900520069919F078FE3F
:1040300007901F9801B4852118F0CAFD01B00890BF
:10404000089801B418F095FD6F467760E1F7D8FD48
:1040500001B019F0F2FE01B4089801B418F022FE84
:104060006F467760E2F7ECFF02B019F0E6FE03213D
:1040700019F066FE09900298032119F03AFF2ED03C
:104080001120069919F04CFE01B418F05CFD6F4642
:104090007760E1F7A7FE01B00A900A9801B4012108
:1040A000872218F048FB01B00A9801B403210122CD
:1040B00018F041FB01B00A9801B4049801B419F05A
:1040C0007FFA052118F037FB02B00A9801B4059871
:1040D00001B419F075FA092118F02DFB02B001980E
:1040E00001B41C9801B418F0BCFE6F467760E2F78B
:1040F000CFFD01B019F0A1FE01B40198009919F0AB
:10410000A8FE02B000D109E201200B9001200C9022
:10411000209801B46F467760E3F7B8FC002802D11D
:10412000009801B013E00098009801B0019801B424
:10413000219801B418F030FD19F03CFF01B001B432
:10414000019800996F467760E3F754FD02B06F461F
:104150007760E3F7D3FC00281FD0209801B40298C1
:1041600001B40198009918F0C0FA02B001B47721A7
:10417000890018F02DFD01B00B90209801B4029831
:1041800001B40198009918F0B0FA02B001B40F21FF
:10419000490118F01DFD01B00C90019801B40321F4
:1041A00019F0BEFD02901C9801B4019801B419F0F9
:1041B00011FA6F467760E2F7EDFE03B00D900D98AF
:1041C000152119F096FE13D01D9801B4209801B462
:1041D000692118F0FDFC01B0052119F0A1FD01B421
:1041E0000198009919F09CFD02B01D9000981C9058
:1041F0000D98412119F02DFE00D070E701200E909E
:1042000009980F90012010900D98412119F098FD08
:1042100001B4089801B4019800996F467760E3F7FC
:10422000F3F902B01190089801B4129801B419F092
:10423000DFF904216F467760E1F70CFF02B00D99BA
:1042400019F057FE02D01198109050E00E980F9977
:1042500019F027FE4BD00E9801B410980F9919F061
:104260006FFD01B4032119F0CDFD01B001B4019837
:10427000009919F055FD02B01290089801B41398F6
:1042800001B4099801B4019800996F467760E3F78B
:10429000BBF902B001B419F0ABF904216F467760A5
:1042A000E1F7D8FE02B0139013980D9919F021FE92
:1042B0000CD0129801B4089801B4019800996F4687
:1042C0007760E3F7A1F902B0109010E013980D9910
:1042D00019F0BFFD05D01298032119F021FD0E90B1
:1042E00004E01298032119F02BFD0F90AEE702981D
:1042F000032119F0FEFD42D00A9801B4099801B4D7
:104300001298052119F00CFD01B4099801B419F0B7
:104310007CF96F467760E1F78DFC03B001B419F0CA
:1043200089F908216F467760E1F73CFD02B01A98E1
:1043300001B40B9801B41E980D9919F0F1FC01B469
:1043400020980F9919F0ECFC01B41EBC1E9801B422
:1043500002B404B408B410B400F042F905B01C98DB
:1043600001B4209801B46A2118F032FC01B001B404
:104370000198009919F0D4FC02B01C90CDE010987F
:10438000052119F0CDFC1090012014901498039988
:1043900019F05FFD00D1C0E00120159003201690B8
:1043A000109801B4032119F0BBFC1190099801B4D5
:1043B000019801B40198009918F06EF903B01790B4
:1043C0001598049919F045FD00D19BE0169802213B
:1043D0000902013119F08DFD11D0109801B40321AB
:1043E00019F09EFC1190099801B4019801B401984C
:1043F000009918F051F903B017900320169001208E
:1044000018901798169919F0ABFC6F467760E3F790
:1044100075FB00280CD01898032119F081FC189026
:10442000169801B4032119F0C3FC01B01690E8E717
:1044300018986F467760E3F761FB002855D01A980B
:1044400001B41D9801B40D9801B4059801B4019808
:1044500000996F467760E3F7D7F802B001B401988E
:10446000009919F05DFC02B001B41F9801B41898CE
:104470000F9919F055FC01B4069801B40198009900
:104480006F467760E3F7C0F802B001B40198009975
:1044900019F046FC02B001B4059801B4069801B4C5
:1044A0001D9801B4019800996F467760E3F7ACF866
:1044B00002B001B40027239801B4019801B4029717
:1044C000039801B40497059801B40697079801B4BE
:1044D0000897099801B40A9700F024F80BB01598D2
:1044E000189919F01DFC15900BE0169801B40321E2
:1044F00019F05EFC01B016901598032119F010FC1C
:1045000015905DE71C98029919F00AFC1C9014980C
:10451000032119F005FC149038E7E0E5002019B0FC
:1045200000BD000000B5019801B4049801B40498DE
:1045300001B400F015F802B001B4079801B407986F
:1045400001B400F00DF802B001B4099801B419F0FB
:104550007BF86F467760E7F7B5F904B0002000BD3F
:1045600000B50198012119F008FC01B4EA2000020D
:10457000613001B4CA4801B400F020F803B0C94961
:1045800019F0EEFB01B40398012119F0F6FB01B418
:10459000EA200002613001B4C14801B400F00EF815
:1045A00003B001B4212119F003FC01B001B401985A
:1045B000009919F0E2FB02B000BD000000B50298BE
:1045C00001B4049801B4039801B4FAF705F902B0F4
:1045D00001B406BC02B404B4FEF7CCF802B000BDCE
:1045E00000B5019801B4039801B4069801B4069887
:1045F00001B4FFF7B5FF02B001B4089801B419F097
:1046000040F86F467760EAF72BF804B0002000BD51
:1046100000B5002001B401200090009801B4039877
:1046200001B418F01EFC6F467760E2F731FB01B071
:1046300019F003FC01B40198009919F00AFC02B0CA
:104640001AD0029801B4019801B418F0C3FF6F4664
:104650007760E2F79FFC02B040210902013119F0B6
:104660000CFC03D0FC203768385808E00098032180
:1046700019F056FB0090D0E7F8203768385801B0A1
:1046800000BD0000012C0BDA00B518F01BFB00F098
:1046900007F801B000BD7746009818F047FFBE4606
:1046A00000B50198406B092119F05AFB6F467760FD
:1046B000E3F724FA6F467760E2F78AFB6F4677608C
:1046C000E2F7ACFC6F467760E3F718FA6F46776065
:1046D000E2F77EFB6F467760E2F7A0FC00BD0000CA
:1046E000012C0BDA00B518F0EDFA00F007F801B074
:1046F00000BD7746009818F019FFBE4600B5019836
:10470000406B052119F02CFB6F467760E3F7F6F953
:104710006F467760E2F75CFB6F467760E2F77EFCFE
:104720006F467760E3F7EAF96F467760E2F750FB90
:104730006F467760E2F772FC00BD0000012C0BDAD7
:1047400000B518F0BFFA00F007F801B000BD7746D9
:10475000009818F0EBFEBE4600B5002001B401B48D
:1047600001B401B401B401B401B401B401B401B4A1
:1047700001B401B401B401B401B401B4119801B49D
:1047800000F0C4FC01B06F467760E3F7B7F900288A
:1047900000D13EE31198406C0346434801B408B48D
:1047A000FCF768FD02B000903768F86F01B469212A
:1047B00018F00EFA01B0212119F0B2FA0190119807
:1047C00001B4FFF7E7FA01B06F467760E3F796F9B7
:1047D000002800D1E0E2009801B418F0DDF919F0EA
:1047E000E9FB01B0032119F098FB00D1C9E0009862
:1047F00001B4012117F079FF01B00290029801B4D1
:10480000039818F058FF806801B418F00FFB274890
:104810006F467760E2F768F901B001B418F021FB48
:1048200023496F467760E2F75FF901B001B404985D
:1048300018F041FFC06801B418F0FFFA6F467760C6
:10484000E2F752F902B001B40198009918F033FF71
:10485000416002B01198406801B4039818F02BFF32
:10486000406801B4039801B4032001B4FFF7B2FA21
:1048700001B001B41EBC3768F86F01B402B404B4CF
:1048800008B410B4FFF7C0FA05B0029818F013FF8F
:1048900000696F467760E3F731F900280AD16FE0CD
:1048A000A115FFFFFFFF0100404F0200A43A0400E2
:1048B000D43704001198406801B418F080F96F46AD
:1048C0007760E6F7D5FD01B019F0B7FA01B403211E
:1048D00019F098FA01B001B4039818F0ECFE4068A2
:1048E00001B418F0BEFA6F467760E2F7D1F901B073
:1048F00019F0A3FA01B43768F86F01B46A2118F00F
:1049000067F901B001B4019800996F467760E2F74A
:104910007BFE02B001B4032119F074FA01B001B4B6
:104920000198009919F00CFA02B0039011984068B0
:1049300001B43768786B01B4059801B43768786BB7
:1049400001B418F03CF96F467760E6F791FD01B0CD
:1049500019F073FA01B40198009919F0F1F902B055
:10496000072119F0EDF901B40498052119F0E8F9CF
:1049700001B418F00BFE6F467760E9F715FC04B040
:1049800009E26F467760E2F75FFB01B401216F46F1
:104990007760E2F769FB009801216F467760E2F7E4
:1049A00063FB009801B401B001BC049001200590A4
:1049B000059801B4019801B418F0EEF819F0FAFA6C
:1049C00001B001B40198009919F043FA02B06ED019
:1049D000059801B405216F467760E2F757FE01B0F4
:1049E0000690009801B4069801B40198009917F058
:1049F0007CFE02B00790079801B4089818F05BFE9F
:104A0000806801B418F012FAD4486F467760E2F774
:104A10006BF801B001B418F024FAD1496F46776001
:104A2000E2F762F801B001B4099818F044FEC068DA
:104A300001B418F002FA6F467760E2F755F802B059
:104A400001B40198009918F036FE416002B0049854
:104A500001B4079801B4069801B4099801B401980B
:104A6000009917F042FE02B001B40A9818F023FE34
:104A7000406801B418F0F5F96F467760E2F708F97D
:104A800001B019F0DAF901B406BC02B404B4F9F7C4
:104A9000A3FE02B001B402980199009A17F070FECB
:104AA00003B00598032119F03BF9059080E7012038
:104AB0000890089801B4019801B418F06DF819F045
:104AC00079FA01B001B40198009919F0C2F902B065
:104AD00000D160E1089801B405216F467760E2F7E4
:104AE000D5FD01B00990009801B4099801B401986E
:104AF000009917F0FAFD02B00A90049801B40A98E0
:104B000001B40198009917F0F0FD02B001B400F073
:104B1000C7FA01B00B900B9801B40B9818F0CBFDBD
:104B2000406801B40C9818F0C6FD406801B418F054
:104B300098F96F467760E2F7ABF801B019F07DF9AC
:104B400001B40EBC02B4012001B404B408B400F0F6
:104B500041FA04B00B9001200C900998012119F042
:104B6000DCF935D01198406801B418F028F86F4688
:104B70007760E6F77DFC01B019F05FF901B403211D
:104B800019F040F901B001B4059801B40B9801B4D3
:104B90000198009917F0A9FD02B001B43768F86FC9
:104BA00001B46A2118F014F801B001B40198009919
:104BB0006F467760E2F728FD02B001B401980099D2
:104BC00019F0BEF802B0072119F0BAF80C9014E001
:104BD0001198406801B417F0F2FF6F467760E6F76E
:104BE00047FC01B019F029F901B4032119F00AF9C1
:104BF00001B0072119F094F80C900A9818F05BFDA9
:104C000000696F467760E2F779FF002872D0089854
:104C100001B405216F467760E2F738FD01B001214C
:104C200019F07BF92AD01198406801B43768786B85
:104C300001B40E9801B43768786B01B417F0BFFF68
:104C40006F467760E6F714FC01B019F0F6F801B48E
:104C50000198009919F074F802B0072119F070F862
:104C600001B40498052119F06BF801B418F08EFC1A
:104C70006F467760E9F798FA04B03BE01198406816
:104C800001B43768786B01B40E9801B40D9818F030
:104C900012FD406801B418F0E4F86F467760E1F760
:104CA000F7FF01B019F0C9F801B43768F86F01B423
:104CB0006A2117F08DFF01B001B4019800996F4689
:104CC0007760E2F7A1FC02B001B40198009919F0F5
:104CD00027F802B0052119F023F801B40498052142
:104CE00019F02EF801B418F051FC6F467760E9F71F
:104CF0005BFA04B01198406801B40C9801B40E98A6
:104D000001B4049801B4032001B4FFF763F801B0C3
:104D100001B40027002001B43768F86F01B402988D
:104D200001B40397049801B40597069801B4079756
:104D3000089801B409970A9801B40B97FFF7CAF8CD
:104D40000CB0089801B405216F467760E2F79EFC2D
:104D500001B0032119F0E1F804D116E0A43A0400EF
:104D6000D4370400019801B43768F86F01B46921A1
:104D700017F02EFF01B0052118F0D2FF01B4019801
:104D8000009918F0CDFF02B001900898032118F0A7
:104D9000C7FF08908DE63BE0009801B4012117F0B1
:104DA000A4FC01B00D900D9801B40E9818F083FC8E
:104DB000C06801B418F03AF8C2486F467760E1F76E
:104DC00093FE01B001B40198009918F074FC4160A1
:104DD00002B01198406801B40E9818F06CFC40685D
:104DE00001B40398032118F0ABFF01B4032001B410
:104DF000FEF7F0FF01B001B41EBCF8203768385848
:104E000001B402B404B408B410B4FEF7FDFF05B059
:104E100093E0119801B400F0BDF801B06F467760DF
:104E2000E2F76CFE002844D03768F86F01B46921BE
:104E300017F0CEFE01B01D2118F072FF0E901198F0
:104E4000406801B43768B86B01B41398406801B486
:104E500017F0B5FE6F467760E6F70AFB01B018F071
:104E6000ECFF01B4032118F0CDFF01B001B43768A5
:104E7000B86B01B417F0A3FE6F467760E6F7F8FA57
:104E800001B018F0DAFF01B4032118F0BBFF01B044
:104E900001B40198009918F053FF02B001B41198C1
:104EA00001B418F073FB6F467760E9F77DF904B041
:104EB00043E03768F86F01B4692117F089FE01B04B
:104EC0001D2118F02DFF0F901198406801B437682C
:104ED000F86B01B41398406801B417F070FE6F4688
:104EE0007760E6F7C5FA01B018F0A7FF01B4032117
:104EF00018F088FF01B001B43768F86B01B417F0FF
:104F00005EFE6F467760E6F7B3FA01B018F095FFE2
:104F100001B4032118F076FF01B001B401980099A3
:104F200018F00EFF02B001B4129801B418F02EFB75
:104F30006F467760E9F738F904B0002010B000BD83
:104F4000ECB10100000000004D4F0200012C06DA18
:104F500000B517F0B7FE00F002F801B000BD00B5D3
:104F6000019818F0A8FBC06801B406216F4677606D
:104F7000E2F75EFD01B000BD012C0BDA00B517F0C1
:104F8000A1FE00F007F801B000BD7746009818F0C8
:104F9000CDFABE4600B50198406B032118F0E0FE43
:104FA0006F467760E2F7AAFD6F467760E1F710FF82
:104FB0006F467760E2F732F86F467760E2F79EFD62
:104FC0006F467760E1F704FF6F467760E2F726F8F7
:104FD00000BD000000B5039801B4012001B403989E
:104FE00001B400F02DF803B001B4059801B401201C
:104FF00001B4059801B400F023F803B001B417F030
:105000001CFF6F467760E1F76FFD02B001B40298B4
:1050100001B40598069918F083FE01B406BC00207F
:1050200001B402B404B400F00BF803B001B417F0FB
:1050300004FF6F467760E1F757FD02B000BD000046
:1050400000B50398002118F068FF0BD0019801B457
:1050500017F007FF6F467760E1F71AFE01B018F00E
:10506000ECFE0EE0039801B46F467760E2F70EFDA8
:10507000002802D0009801B003E00098009801B029
:1050800001200390019801B4039801B4059801B47C
:1050900018F01FFB6F467760E1F7FEFD03B000BD1F
:1050A00000B5002001B401B46F467760E1F7E0FC81
:1050B0000090012001900198039918F0CAFE03D1D5
:1050C00013E00000AC3A0400009801B417F0C9FEE8
:1050D000CB496F467760E1F707FD01B0009001987A
:1050E000032118F01DFE0190E5E7009802B000BD15
:1050F000012C0BDA00B517F0E5FD00F007F801B060
:1051000000BD7746009818F011FABE4600B5019828
:10511000406B212118F024FE6F467760E2F7EEFC29
:105120006F467760E1F754FE6F467760E1F776FFF0
:105130006F467760E2F7E2FC6F467760E1F748FE82
:105140006F467760E1F76AFF00BD0000012C0BDAC3
:1051500000B517F0B7FD00F007F801B000BD7746C5
:10516000009818F0E3F9BE4600B50198406801B414
:105170000298C06B01B40B2001B4FEF72BFE01B006
:1051800001B40EBCF8203768385801B402B40B20C3
:1051900001B404B408B4FEF737FE05B0002000BD2A
:1051A000012C0BDA00B517F08DFD00F007F801B007
:1051B00000BD7746009818F0D9F9BE4600B500202A
:1051C00001B401B403988069032118F092FE1BD04A
:1051D000039801B404980069052118F0B1FD01B4E9
:1051E00005984069052118F0ABFD01B40EBC02B46E
:1051F00004B4032001B4032001B4092001B408B4AD
:1052000000F00EF906B036E003200090009801B4DB
:1052100004980069032118F093FD01B401980099E6
:1052200018F017FE02B026D003200190019801B4B7
:1052300004984069032118F083FD01B40198009996
:1052400018F007FE02B010D0019801B4019801B423
:10525000092001B4069801B400F01EF804B00198CA
:10526000032118F05DFD0190E0E70098032118F09C
:1052700057FD0090CAE7002002B000BD042C0BDAF5
:1052800000B517F0E4FF00F007F804B000BD774662
:10529000009818F06BF9BE4600B5002001B401B4C7
:1052A00001B401B401B401B40798C06901B40A980B
:1052B00001B40998806901B4019800996F4677603C
:1052C000E2F7A2F902B001B40198009918F028FDA4
:1052D00002B000900798006A01B40B9801B40998D5
:1052E000806901B4019800996F467760E2F78CF904
:1052F00002B001B40198009918F012FD02B00190BB
:10530000089801B407216F467760E2F7BFF901B052
:1053100001B40898806901B4019800996F467760DC
:10532000E2F772F902B00290089801B417F00BFC92
:1053300003216F467760E1F783FE01B018F07DFD31
:1053400001B40898806901B4019800996F467760AC
:10535000E2F75AF902B0039001200490049801B4D6
:105360000898806901B40198009918F072FD02B0A4
:1053700043D001200590059801B40898806901B4D4
:105380000198009918F065FD02B030D00798406888
:1053900001B40198059918F0C3FC01B4039807996A
:1053A00018F0BEFC01B40A98806801B40698089908
:1053B00018F0B6FC01B408980A9918F0B1FC01B4D1
:1053C00018F00BF86F467760E6F78AF803B018F02C
:1053D00034FD01B418F038F96F467760E6F768F8E5
:1053E00004B00598032118F09BFC0590C3E70498CE
:1053F000032118F095FC0490B0E7002006B000BD32
:10540000E4370400062C0BDA00B518F078F900F048
:1054100007F806B000BD7746009818F0A7F8BE461A
:1054200000B5002001B40298806801B4049801B46A
:1054300007216F467760E2F729F901B001B40598BA
:1054400001B417F080FB03216F467760E1F7F8FDA8
:1054500001B018F0F2FC01B417F0BFFF6F4677609F
:10546000E6F73EF803B018F0E8FC009002984068B8
:1054700001B40398C069059918F052FC01B404986E
:10548000006A079918F04CFC01B40EBC009801B4F6
:10549000089801B4089801B402B404B408B4FFF742
:1054A00041F806B0002001B000BD0000774600982A
:1054B00018F03CF8BE4600B5002001B401B401B4B8
:1054C00001B405980799C163059808990164059886
:1054D0000999416405980A99816405980B99C164FA
:1054E000059801B484203768385801B417F067FB79
:1054F0006F467760E5F7BCFF01B018F09EFC01B481
:1055000001F0BEF901B40EBC002001B4002001B4CA
:1055100002B45D2001B404B408B401F0D3F906B0BC
:1055200005980A21016305980121416306986F4699
:105530007760E2F7E3FA00280CD0059801B401B4D3
:105540000198406B032118F018FC01B401980099F0
:10555000416303B00B986F467760E2F7CFFA0028FB
:1055600078D042200690059801B401B40198406BB0
:10557000032118F002FC01B401980099416303B0C3
:10558000059801B401B40198406B112118F0F5FBA6
:1055900001B401980099416303B00120C9496F46E5
:1055A0007760E3F775FB01B400210C9A6F467760D2
:1055B000E1F7CCFD00980A9801B4FBF763FC02B058
:1055C000009000986F467760E2F798FA6F46776030
:1055D000E1F7FEFB6F467760E1F720FD6F467760ED
:1055E000E2F78CFA002822D0B7486F467760E3F7DD
:1055F00081FB01B4422001B4062001B40E9801B42D
:10560000039801B402F082FF04B00A9801B4019833
:1056100001B417F05BFB6F467760E1F725FD03B03F
:10562000AA4801B40A9801B4FAF73AF902B0012085
:10563000A7496F467760E3F72BFB01B400210C9A72
:105640006F467760E1F782FD00980A9801B4FAF797
:105650001BFC02B0099801B417F09EFA18F0AAFCDE
:1056600001B06F467760E2F749FA002800D113E1F4
:10567000012098496F467760E3F70AFB01B40021E7
:10568000069A6F467760E1F761FD00980A9801B4C9
:10569000FAF7FAFB02B006986F467760E2F72EFA47
:1056A000002800D1F8E08C4801B40A9801B4FBF757
:1056B000E9FB02B0019001986F467760E2F71EFAAD
:1056C0006F467760E1F784FB6F467760E1F7A6FCF1
:1056D00001B46F467760E2F7D9F9002802D100984B
:1056E00001B010E00098009801B0099801B417F0DB
:1056F00053FA18F05FFC01B001B403216F467760E4
:10570000E2F7E6F801B06F467760E2F7F7F90028B4
:1057100006D0099801B4012116F0E7FF01B001900D
:1057200001986F467760E2F7E9F9002800D1B3E00D
:10573000019817F0C0FFC068062118F002FC46D09F
:105740000A98062118F0D5FB18D0059801B40298E4
:1057500017F0B1FFC06801B401980099816402B0EC
:10576000059801B401B40198406B092118F005FBBC
:1057700001B401980099416303B028E0019817F043
:105780009AFFC06803460A9801B408B401F012F801
:1057900002B06F467760E2F7B1F9002817D005989C
:1057A00001B4029817F087FFC06801B4019800990E
:1057B000816402B0059801B401B40198406B0921DD
:1057C00018F0DBFA01B401980099416303B0059821
:1057D00001B40698C06B01B4039817F06CFF8068A1
:1057E00001B417F023FB3D486F467760E1F77CF981
:1057F00001B001B406BC02B4394801B404B400F0ED
:1058000029FD03B001B4039817F055FF806801B477
:1058100017F00CFB33486F467760E1F765F901B08C
:1058200001B406BC02B4304801B404B400F012FD67
:1058300003B001B4039817F03EFF806801B417F07D
:10584000F5FA2A486F467760E1F74EF901B001B4E6
:1058500006BC02B4264801B404B400F0FBFC03B05B
:1058600001B4039817F027FF806801B417F0DEFA3F
:1058700020486F467760E1F737F901B001B406BC04
:1058800002B41D4801B404B400F0E4FC03B001B458
:1058900001980099C16302B0184801B40A9801B494
:1058A000FBF7E8FC02B00290029801B417F074F91B
:1058B00018F080FB01B06F467760E2F71FF900280F
:1058C0001ED12AE0685A020078F70300A85A0200A5
:1058D000E85A0200445B0200BC5B02003C3A040050
:1058E0002C3A04005C3A04004C3A04007C3A040070
:1058F0006C3A0400A43A04008C3A0400E85B02000D
:10590000059801B401B40198406B212118F035FAD3
:1059100001B401980099416303B0059801B4FFF701
:1059200039FB01B001B46F467760E2F7AFF80028A9
:1059300002D1009801B004E00098009801B00598E9
:10594000006C01B46F467760E2F7A0F8002802D13E
:10595000009801B007E00098009801B0059801B4E4
:10596000FFF7D4FB01B001B46F467760E2F78EF821
:10597000002802D1009801B00BE00098009801B017
:105980000598806C01B406216F467760E2F750F805
:1059900001B06F467760E2F7B1F800280CD00598A7
:1059A00001B401B40198406B052118F0E6F901B487
:1059B00001980099416303B0029801B417F0ECF824
:1059C00018F0F8FA01B0032118F0BAF901B4012077
:1059D00001B4F8F701FF02B001B4032118F012FA84
:1059E00001B00390059801B4049801B43768F86FCA
:1059F00001B4692117F0ECF801B001B401980099E5
:105A00006F467760E1F700FE02B001465F2018F0B4
:105A100087F901B401980099816302B0059801B437
:105A200084203768385801B417F0C9F86F4677609A
:105A3000E5F71EFD01B018F000FA01B40798806B7D
:105A400001B400F01DFF01B41EBC002001B4002011
:105A500001B402B404B408B410B400F0EFF806B016
:105A6000002004B000BD0000ECB101000000000007
:105A7000755A0200012C06DA00B517F023F900F080
:105A800002F801B000BD00B5019817F014FE80685F
:105A900001B4E86801B4019800996F467760E1F7B6
:105AA00017FF02B000BD0000ECB1010000000000D3
:105AB000B55A0200022C06DA00B517F00DF900F015
:105AC00002F802B000BD00B5019817F0F4FD80683F
:105AD00001B4039817F0EFFD806801B401980099B4
:105AE00018F02EF902B000BDECB10100000000007A
:105AF000F55A0200012C06DA00B517F0E3F800F0C1
:105B000002F801B000BD00B5019801B4029817F089
:105B1000D2FD806801B4E86801B4019800996F462D
:105B20007760E1F7D5FE02B001B401B402980099A4
:105B300017F0C1FD016101B00027019701BC01B060
:105B400000BD0000ECB1010000000000515B02004C
:105B5000012C06DA00B517F0B5F800F002F801B034
:105B600000BD00B5019817F0A6FD806801B40321BF
:105B70006F467760E2F760F801B001B46F46776076
:105B8000E1F784FF002802D1009801B015E00098E9
:105B9000009801B0E86801B401B40198406B11218C
:105BA00018F0EBF801B401B402980099416301B018
:105BB00000270197029701BC02B000BDECB10100C3
:105BC00000000000C95B0200012C06DA00B517F0E6
:105BD00079F800F002F801B000BD00B5019817F0A7
:105BE0006AFD006900BD0000ECB10100000000008A
:105BF000F55B0200012C06DA00B517F063F800F03F
:105C000002F801B000BD00B5019817F054FDC0685E
:105C100001B406216F467760E1F70AFF01B000BDCD
:105C2000062C0BDA00B517F06AFD00F007F806B095
:105C300000BD7746009817F099FCBE4600B5049861
:105C400001B46F467760E1F721FF002802D0009889
:105C500001B006E00098009801B00120000237680A
:105C6000385801B46F467760E1F710FF002802D082
:105C7000009801B00AE00098009801B000F0B6FA70
:105C800001B4012109023768785001BC01B40298BF
:105C900002BC8160019801B40298806801B416F0DA
:105CA0008EFF6F467760E5F7E3FB01B018F0C5F8AB
:105CB00001B407216F467760E1F7D2FC01B001B46F
:105CC0006F467760E1F796FD01B001B40198009945
:105CD000816102B0019801B4039801B4039880690E
:105CE00001B4019800996F467760E1F7B9FC02B002
:105CF00001B46F467760E1F77DFD01B001B4019812
:105D00000099016102B0019801B4049801B40398AC
:105D1000806901B4019800996F467760E1F7A0FCB3
:105D200002B001B46F467760E1F764FD01B001B4E1
:105D300001980099416102B0019801B4039801B43F
:105D40000398006901B40498806901B4019800992E
:105D50006F467760E1F758FC02B001B401980099F2
:105D600017F0EEFF02B001B4032118F04BF801B0B8
:105D700001B401980099C16102B0019801B404987E
:105D800001B40398406901B40498806901B4019892
:105D900000996F467760E1F737FC02B001B40198D3
:105DA000009917F0CDFF02B001B4032118F02AF8D2
:105DB00001B001B401980099016202B0019801B4E8
:105DC000039801B4059801B416F06CFF6F46776034
:105DD000E7F7AAFA02B001B401980099416002B055
:105DE000059801B46F467760E1F750FE002802D0B5
:105DF000009801B005E00098009801B0F8203768DD
:105E0000385801B4029802BC8162069801B46F460A
:105E10007760E1F73BFE002802D0009801B006E071
:105E20000098009801B0412080003768385801B4CC
:105E30006F467760E1F72AFE002802D0009801B093
:105E40000AE00098009801B000F0AEF901B44121D9
:105E500089003768785001BC01B4029802BCC16067
:105E60002120C00037683858002118F042F806D0C9
:105E70001F202121C900376878501F2003E021200E
:105E8000C0003768385801B4029802BCC16201985A
:105E900001B400F017F801B0019801B4FFF78EF9D2
:105EA00001B0002000BD0000012C0BDA00B516F097
:105EB00009FF00F007F801B000BD7746009817F021
:105EC00055FBBE4600B5002001B401B401B40498EE
:105ED0008069032118F00DF800D1AEE0032001B471
:105EE000032001B4012001B4012001B4012001B458
:105EF000099801B4FFF794FA06B0049801B4059824
:105F00000069052117F01CFF01B406BC032001B491
:105F100002B4012001B4032001B4032001B404B48D
:105F2000FFF77EFA06B0049801B4059800690321D2
:105F300017F006FF01B406BC032001B4032001B42E
:105F4000012001B402B4052001B404B4FFF768FADB
:105F500006B0049801B405984069052117F0F0FED9
:105F600001B406BC02B4032001B4032001B4012033
:105F700001B4072001B404B4FFF752FA06B0049844
:105F800001B405980069032117F0DAFE01B4069800
:105F90004069052117F0D4FE01B40EBC02B4032001
:105FA00001B4032001B404B40B2001B408B4FFF71A
:105FB00037FA06B004984069032117F0C1FE00903B
:105FC000032001B4032001B4029801B4012001B4FC
:105FD0000D2001B4099801B4FFF722FA06B0049825
:105FE00001B4019801B406980069052117F0A8FED4
:105FF00001B40EBC032001B402B404B4032001B404
:106000000F2001B408B4FFF70BFA06B0049801B4EE
:1060100005980069032117F093FE01B406BC032024
:1060200001B4032001B4029801B402B4112001B4F8
:1060300004B4FFF7F5F906B0B3E001200190019830
:1060400001B40598006901B40198009917F001FFA7
:1060500002B073D00198012117F04BFF1DD0012031
:1060600001B4012001B4012001B4079801B4FFF785
:1060700013F904B0049801B405984069032117F09E
:106080005FFE01B406BC02B4012001B40D2001B4CE
:1060900004B4FFF701F904B04AE0019801B405988F
:1060A0000069032117F04CFE01B40198009917F024
:1060B00034FF02B01ED0012001B4029801B40520C3
:1060C00001B4079801B4FFF7E7F804B0049801B4ED
:1060D000029801B406984069032117F031FE01B41B
:1060E0000EBC02B404B4112001B408B4FFF7D4F814
:1060F00004B01DE0012001B4029801B4032001B4F2
:10610000079801B4FFF7C8F804B0049801B40298E6
:1061100001B406984069032117F012FE01B40EBCC9
:1061200002B404B40F2001B408B4FFF7B5F804B00A
:106130000198032117F0F4FD019080E703200290FD
:10614000029801B405984069032117F0F9FD01B4E4
:106150000198009917F07DFE02B022D0029801B498
:10616000012001B4072001B4079801B4FFF794F8A7
:1061700004B0049801B405980069032117F0E0FD0C
:1061800001B406BC029801B402B40B2001B404B4FB
:10619000FFF782F804B00298032117F0C1FD0290C6
:1061A000CEE7002003B000BD00B584203768385822
:1061B00001B416F004FD6F467760E5F761F901B0B0
:1061C0006F467760E0F72AFF6F467760E1F796FC4D
:1061D000002805D0B9486F467760E8F75DFA04E01B
:1061E000B7486F467760E8F757FA00BD00B58420DE
:1061F0003768385801B416F0E2FC6F467760E5F76F
:106200003FF901B06F467760E0F708FF6F467760AF
:10621000E1F774FC002805D0AA486F467760E8F7DC
:106220003BFA04E0A8486F467760E8F735FA00BD0E
:10623000012C0BDA00B516F045FD00F007F801B0AF
:1062400000BD7746009817F071F9BE4600B5019879
:10625000006C00BD00B5002001B401B401B401B46C
:10626000069801B46F467760E0F702FC01B416F0BF
:1062700088FE6F467760E0F737FC02B0069000209A
:1062800001B4079801B4079801B400F0FFF803B017
:106290000090069801B400F0E9F801B0019001986F
:1062A0006F467760E1F72AFC002807D0079801B411
:1062B000079801B400F09CF802B003E06F467760E5
:1062C000E0F7D6FB0290009801B416F065FC17F0D9
:1062D00071FE01B06F467760E1F710FC002810D026
:1062E000029801B4019801B4012116F0FEF901B041
:1062F00001B416F0A2FD6F467760E0F7F5FB02B03F
:10630000029003200390039801B4019801B416F0A1
:1063100043FC17F04FFE01B001B40198009917F04B
:1063200098FD02B029D0029801B4089801B40898E9
:1063300001B400F05DF802B001B4029801B406980F
:1063400001B40198009916F0D0F902B001B416F02A
:1063500074FD6F467760E0F7C7FB02B001B416F03A
:106360006CFD6F467760E0F7BFFB02B002900398C8
:10637000032117F0D5FC0390C5E7059801B400F0A0
:1063800075F801B06F467760E1F7B8FB6F4677604C
:10639000E0F71EFD6F467760E0F740FE01B46F4600
:1063A0007760E1F773FB002802D1009801B003E0A9
:1063B0000098009801B001986F467760E1F79EFB66
:1063C000002811D0029801B4089801B4089801B4CB
:1063D00000F00EF802B001B416F02FFD6F467760A2
:1063E000E0F782FB02B00290029804B000BD00000A
:1063F00000B5029801B46F467760E1F7ADFC01B0DB
:1064000001B432496F467760E1F70AFB01B001B48D
:106410006F467760E1F73AFB002802D0009801B0A0
:106420000FE00098009801B002986F467760E1F79E
:1064300065FB6F467760E0F7CBFC6F467760E0F76F
:10644000EDFD6F467760E1F759FB002802D0029816
:106450000AE008E0029801B4029801B4019817F02C
:1064600025F802B000E0002000BD000000B5019852
:106470006F467760E1F742FB6F467760E0F7A8FC74
:106480006F467760E0F7CAFD00BD000000B5002050
:1064900001B401B401B401B401B401B401B401B454
:1064A00001B46F467760E0F7CFFD009001200190C6
:1064B0000C98002117F031FD0AD10FE0C0620400F2
:1064C000F8620400FC61040018620400A4360400B1
:1064D000B748032117F034FC01900CE00C9801211F
:1064E00017F0B7FC02D00120019004E00C980121C4
:1064F00017F043FC01900A9801B416F0B2FC6F4605
:106500007760E0F7C5FB01B017F097FC029001201F
:1065100003900B9804900198012117F0EAFC01D038
:10652000009897E00B98002117F0F7FC0BD000982B
:1065300001B40B9801B40198009A012116F020F9DA
:1065400002B0009886E00298012117F0D2FC1DD01D
:10655000049801B4012001B40C9801B400F0C8F80B
:1065600003B0059005980121494217F086FC01D03F
:1065700000986FE0009801B40B9801B40198009A5C
:10658000012116F0FDF802B0009863E0039807902F
:106590000798029917F0D5FC46D0049801B40898E2
:1065A00001B40C9801B400F0A3F803B00890089867
:1065B000012117F04EFC05D00798032117F0B0FB1E
:1065C000079030E00898039917F093FC05D00798DE
:1065D000032117F0A5FB079025E0079801B4049864
:1065E00001B40C9801B400F037F803B0069000989D
:1065F00001B4079801B416F069FB6F467760E0F7C5
:1066000033FD02B0009801B416F0C6FA17F0D2FCC0
:1066100001B0019917F06DFC01D000981AE00898BC
:10662000039003980790B3E7079801B4049801B466
:106630000C9801B400F010F803B00690009801B473
:10664000079801B416F042FB6F467760E0F70CFD47
:1066500002B0009809B000BD00B5002001B4029856
:1066600001B416F0FEFB6F467760E0F711FB01B056
:1066700017F0E3FB00900398012117F0EAFB0BD021
:106680000098039917F04CFB0346012001B408B4AD
:10669000F8F7A2F802B003900498002117F03DFC2F
:1066A00002D00098049006E00498062117F035FC0B
:1066B00001D0012004900498012117F0CAFB04D0F6
:1066C0000098049917F02CFB0490029801B40498E8
:1066D00001B40698059917F033FB01B416F0F9FFE1
:1066E0006F467760E0F7D8FA03B001B000BD000054
:1066F00000B5002001B401B401B4069801B416F04D
:10670000B0FB6F467760E0F7C3FA01B017F095FB76
:106710000090049801B416F0A4FB6F467760E0F790
:10672000B7FA01B017F089FB01900598009917F0AE
:10673000F7FA019917F0A1FB02D00120404234E0A2
:10674000012002900298009917F083FB29D0049849
:1067500001B40698039917F0E3FA01B416F03AFF72
:106760006F467760E0F71CFC02B001B4079801B4F3
:10677000049801B416F02EFF6F467760E0F710FC26
:1067800002B001B40198009917F0DBFB02B002D00F
:106790000120404209E00298032117F0C1FA02905B
:1067A000D0E70598009917F0BBFA03B000BD0000D0
:1067B0000100004000B5002001B43768386C01B416
:1067C00016F044FA01B00090009816F091FE40686F
:1067D00001B40146012017F0DCFB002801D001B014
:1067E00009E00320009917F0D4FB002801D001B084
:1067F00022E001BC41E0039801B406216F467760B6
:10680000E1F70EF901B001B46F467760E1F73EF9A8
:10681000002802D0009801B00DE00098009801B067
:10682000029801B4049801B4019800996F4677600A
:10683000E1F702FA02B021E0039801B406216F46A5
:106840007760E1F7EDF801B001B46F467760E1F7EA
:106850001DF9002802D0009801B00DE000980098C2
:1068600001B0029801B4049801B4019800996F46F0
:106870007760E1F7BFF902B000E00A2001B000BD87
:1068800000B584203768385801B416F098F96F467F
:106890007760E4F7F5FD01B06F467760E0F7BEFB87
:1068A0006F467760E1F72AF9002805D0B8486F46AF
:1068B0007760E7F7F1FE04E0B6486F467760E7F7E8
:1068C000EBFE00BD7746009816F050FEBE4600B5C0
:1068D000019801214162069801B4069801B4069816
:1068E00001B4069801B4069801B4069801B4FFF704
:1068F000A5F906B0002000BD00B5029801B40298C9
:1069000001B4242116F018FF02B0002000BD0000E1
:10691000022C0BDA00B516F0DFF900F007F802B030
:1069200000BD7746009816F019FFBE4600B500205E
:1069300000BD000000B5002001B40BF0BBFA0090D0
:10694000009816F0A1F980680346029801B408B4D3
:1069500000F00DF802B0002001B000BD022C0BDAEF
:1069600000B516F0B9F900F007F802B000BD77469F
:10697000009816F003FFBE4600B5019802998160A9
:10698000002000BD012C0BDA00B516F09BF900F0D9
:1069900007F801B000BD7746009816F0EFFEBE463E
:1069A00000B5019880686F467760E1F7A7F86F46F9
:1069B0007760E0F70DFA6F467760E0F72FFB6F46E0
:1069C0007760E1F79BF8002829D0019801B4842072
:1069D0003768385801B416F0F2F86F467760E4F77C
:1069E00047FD01B017F029FA01B484203768385800
:1069F00001B416F0E4F86F467760E4F73DFD01B0AE
:106A000017F01BFA01B416F04DF96F467760E6F700
:106A10008BFC02B001B401980099816002B001982A
:106A2000806800BD00B5002001B40BF043FA00906F
:106A300000F074F900F03EF9EC20376838586F46E2
:106A40007760E1F75BF86F467760E0F7C1F96F4672
:106A50007760E0F7E3FA6F467760E1F74FF80028D8
:106A60000DD06F467760E0F7EFFAEC213768785089
:106A7000494801B4494801B400F052F802B0EC2092
:106A80003768385801B4F0203768385801B416F028
:106A90001DF96F467760E0F7E7FA02B0422001B4D3
:106AA00001F082FE01B043208000376838586F46FD
:106AB0007760E1F723F8002815D0012038496F46A8
:106AC0007760E2F7E5F801B40021019A6F4677603C
:106AD000E0F73CFB0098432080003768385801B449
:106AE000F9F7D2F902B0002001B000BDECB101000D
:106AF00000000000F96A0200012C06DA00B516F069
:106B0000E1F800F002F801B000BD00B5019801B451
:106B1000E86801B4019816F0C9FC02B0002000BD7D
:106B200000B500F095F8019801B41E4801B4019831
:106B300016F0BCFC02B0029801B41B4801B40198E5
:106B400016F0B4FC02B0002000BD0000ECB1010062
:106B500000000000596B020000B514486F467760D2
:106B6000E2F7C8F801B401B400F05EF801B01120FA
:106B700000013768385801B4019801B416F0A6F83E
:106B80006F467760E0F770FA03B0002000BD0000A8
:106B900088620400A4620400C81E0300C41D030030
:106BA000EC6A02004C6B0200B06B0200CCFB0300ED
:106BB000ECB1010000000000BD6B020000B5112027
:106BC00000013768385801B415F0E6FF6F4677606A
:106BD000E0F750FA01B0112000013768385801B4CD
:106BE00015F0DAFF17F0E6F901B0012117F095F979
:106BF00017D0B7486F467760E2F77CF801B401B46C
:106C000000F012F801B0112000013768385801B4C3
:106C1000019801B416F05AF86F467760E0F724FA4D
:106C200003B0002000BD00007746009816F0B4FDC8
:106C3000BE4600B5019801B46F467760E0F704FAEC
:106C400001B401980099416002B0002000BD00002D
:106C500000B511200001376838586F467760E0F7BB
:106C60004DFF002800D023E099486F467760E2F797
:106C700041F801B401B4FFF7D7FF01B06F46776068
:106C8000E0F7E2F901B401B4029801B40198009967
:106C90006F467760E0F7E8F902B0002701970098A7
:106CA00001B401B001BC01B011210901376878506D
:106CB000002000BD00B5002001B4F8F7EBFF009004
:106CC00000986F467760E0F719FF002808D08148E8
:106CD00001B4019801B4F9F7D7F802B0F9F724F834
:106CE000002001B000BD0000ECB101000000000078
:106CF000F56C0200012C06DA00B515F0E3FF00F098
:106D000002F801B000BD00B50A2001B4029801B438
:106D1000F8F7D1F902B00A2000BD000000B500204C
:106D200001B4F8F7B7FF009000986F467760E0F77E
:106D3000E5FE002808D0684801B4019801B4F9F7CD
:106D4000A3F802B0F8F7F0FF002001B000BD00008A
:106D5000ECB10100000000005D6D0200012C06DABC
:106D600000B515F0AFFF00F002F801B000BD00B5AE
:106D7000019801B4F8F737FD01B0002000BD000014
:106D800000B5002001B40BF095F80090EC203768B6
:106D9000385801B46F467760E0F778FE002802D1DA
:106DA000009801B00BE00098009801B0EC20376823
:106DB000385801B415F0F0FE17F0FCF801B06F463A
:106DC0007760E0F79BFE002810D0EC203768385839
:106DD00001B415F0E1FE6F467760E0F74BF901B0C2
:106DE000F0213768785000F097F80EE0F02037680F
:106DF00038586F467760E0F781FE002805D000F034
:106E00008BF80020F02137687850F0203768385828
:106E10006F467760E0F772FE002801D000F03EF880
:106E200045208000376838586F467760E0F766FE87
:106E3000002815D0012029496F467760E1F728FF27
:106E400001B40021019A6F467760E0F77FF900985E
:106E5000452080003768385801B4F9F715F802B0BA
:106E6000002001B000BD0000ECB1010000000000F6
:106E7000756E0200012C06DA00B515F023FF00F054
:106E800002F801B000BD00B5019801B4E86801B492
:106E9000019816F00BFB02B0002000BD00B50020E9
:106EA00001B4F8F7F7FE009000986F467760E0F7BE
:106EB00025FE002808D00A4801B4019801B4F8F76B
:106EC000E3FF02B0F8F730FF002001B000BD000082
:106ED000CCFB0300E86C0200506D0200686E0200FB
:106EE000E46E0200ECB1010000000000F16E02004F
:106EF000012C06DA00B515F0E5FE00F002F801B04D
:106F000000BD00B5422001B4029801B4F8F7D3F8EF
:106F100002B0422000BD000000B5002001B401B461
:106F2000A820376838586F467760E0F7E7FD6F466E
:106F30007760DFF74DFF6F467760E0F76FF86F46D9
:106F40007760E0F7DBFD002800D04CE0A820376830
:106F5000385801B415F020FE6F467760E0F78AF8E4
:106F600001B0009000986F467760E0F7C7FD6F466C
:106F70007760DFF72DFF6F467760E0F74FF86F46D9
:106F80007760E0F7BBFD002800D02CE0009801B44A
:106F900000F085F801B0A8203768385801B4A8205F
:106FA0003768385801B415F0F7FD17F003F801B051
:106FB000032116F0C5FE01B40198009915F095FB68
:106FC00002B0019001986F467760E0F797FD0028C6
:106FD00005D0019801B400F012F801B003E00020E0
:106FE000A82137687850002002B000BD012C0BDAD0
:106FF00000B515F067FE00F007F801B000BD774658
:10700000009815F08EFEBE4600B5002001B401B414
:1070100001B4002000900498406801900120029083
:10702000029801B402986F467760E0F717F816F0FF
:1070300004FF01B4019800996F467760E0F7B6FD50
:1070400002B0002818D0019801B4039816F0EBFEA6
:1070500001B4019800996F467760E0F70FF802B02D
:107060000090009801B4F7F7B8FD01B00298032131
:1070700016F056FE0290D3E700200190049801B468
:10708000F7F746F901B0002003B000BD012C0BDA80
:1070900000B515F017FE00F007F801B000BD774607
:1070A000009815F03EFEBE4600B5002001B401B4C4
:1070B00001B40020009004984068019001200290E3
:1070C000029801B402986F467760DFF7C7FF16F0A9
:1070D000B4FE01B4019800996F467760E0F766FD51
:1070E00002B0002818D0019801B4039816F09BFE56
:1070F00001B4019800996F467760DFF7BFFF02B0D7
:107100000090009801B400F022F801B00298032129
:1071100016F006FE0290D3E700200190049801B417
:1071200001B40198C068032116F0FAFD01B401987A
:107130000099C16003B0002003B000BD012C0BDA40
:1071400000B515F0BFFD00F007F801B000BD7746AF
:10715000009815F0CFFEBE4600B50198406801B416
:107160000298806801B4A74801B40498006901B48A
:1071700015F08BFE6F467760DEF784FF04B00020C9
:1071800000BD0000ECB101000000000091710200A0
:1071900000B5002000BD0000012C0BDA00B515F091
:1071A00091FD00F007F801B000BD7746009815F09A
:1071B0006BFDBE4600B50198002141600198002199
:1071C000816001980021C16001980021016101984E
:1071D0000021416101980021816101980021C16174
:1071E000019800210162019800214162019800216B
:1071F000816201980021C162019800210163019818
:107200000021816301980021C1630198002101647C
:10721000019800214164019800210166002000BD11
:10722000022C0BDA00B515F057FD00F007F802B09C
:1072300000BD7746009816F05BF9BE4600B502988F
:107240006F467760E0F75AFC002802D00198C069C9
:1072500001E00198806900BD022C0BDA00B515F041
:107260003BFD00F007F802B000BD7746009816F02D
:107270003FF9BE4600B502986F467760E0F73EFCE6
:10728000002802D00198406901E00198006900BD22
:10729000022C0BDA00B515F01FFD00F007F802B064
:1072A00000BD7746009816F023F9BE4600B5029857
:1072B0006F467760E0F722FC002802D001988068D2
:1072C00001E00198C06800BD032C0BDA00B515F091
:1072D0000CFD00F007F803B000BD7746009816F0EB
:1072E00007F9BE4600B50198406B6F467760E0F73E
:1072F00005FC00280DD002986F467760E0F7FEFB92
:10730000002802D00198006A01E00198806A23E019
:1073100021E003986F467760E0F7F0FB00280DD07E
:1073200002986F467760E0F7E9FB002802D00198E9
:10733000406A01E00198806A0EE00CE002986F4616
:107340007760E0F7DBFB002802D00198006A01E0DB
:107350000198806A00E0002000BD000000B5002018
:1073600001B401B401B401B401F0EAF900900020C5
:1073700001900098029001200390039801B40398B3
:107380006F467760DFF76AFE16F057FD01B401988B
:1073900000996F467760E0F709FC02B000281BD027
:1073A000029801B4049816F03EFD01B401980099CA
:1073B0006F467760DFF762FE02B001900198406887
:1073C000032116F05AFD01D0422008E00398032162
:1073D00016F0A6FC0390D0E7002002900A2004B02B
:1073E00000BD000000B5002001B401B401B401F0FB
:1073F00005F9009000986F467760E0F77FFB002862
:1074000002D124E084710200009816F017F8806819
:1074100001B4FBF71AFD01B00190C04801B400F0BF
:10742000D9FA01B00290029801B4029801B4FFF7B2
:10743000C1F902B06F467760E0F760FB002806D024
:10744000019801B4B54801B400F004F802B000207E
:1074500003B000BD00B56F467760DFF7F5FD01B4FE
:1074600001B4049801B4019800996F467760DFF782
:10747000FBFD02B0009801B401B0029801B401987C
:1074800001B400F00DF801B00027019701B406BC6B
:1074900002B404B400F07EFA03B0002000BD000086
:1074A00000B5002001B401B401B401B401B401B4C9
:1074B00001B401B4012000900020019009980290CD
:1074C00001200390039801B403986F467760DFF7BB
:1074D000C5FD16F0B2FC01B4019800996F467760C3
:1074E000E0F764FB02B0002825D0029801B40498AC
:1074F00016F099FC01B4019800996F467760DFF7A8
:10750000BDFD02B00190009801B4029801B4029848
:1075100001B4062001B400F061F803B001B4019891
:10752000009916F0FDFB02B000900398032116F0BD
:10753000F7FB0390C6E700200290009801B415F015
:1075400002FB6F467760DEF74DFC01B0049001202E
:107550000090002005900998069001200790079858
:1075600001B407986F467760DFF778FD16F065FC89
:1075700001B4019800996F467760E0F717FB02B0FD
:10758000002825D0069801B4089816F04CFC01B4E8
:10759000019800996F467760DFF770FD02B00590A3
:1075A000009801B4069801B4029801B4079801B498
:1075B00000F014F803B001B40198009916F0B0FB84
:1075C00002B000900798032116F0AAFB0790C6E7C7
:1075D00000200690049808B000BD000000B500200F
:1075E00001B401B40120000297300090059801B465
:1075F000069801B4012116F0DBFB01B001B401983B
:1076000000996F467760E0F70BFA02B001B46F465D
:107610007760E0F73BFA002802D0009801B012E052
:107620000098009801B0059801B4069801B40121B2
:1076300016F0D4FB01B001B4019800996F46776051
:10764000E0F7EEF902B06F467760E0F757FA0028EE
:1076500076D0059801B400993D2040426F4677608E
:10766000E0F7B6FA01B001B46F467760E0F70EFAC2
:10767000002802D1009801B00AE00098009801B0FB
:10768000059801B4FF216F467760E0F7A1FA01B0D9
:107690006F467760E0F732FA002814D003986F46FF
:1076A0007760E0F72BFA00280AD0039801B4059818
:1076B00001B4079801B416F07DF815F03CF803B05A
:1076C00003206FE03CE00120059916F0EAFB1AD098
:1076D000059801210902FF3116F0E3FB04D00120D7
:1076E0000002993000900DE005980D4916F0D9FB85
:1076F00004D0012000029B30009003E00120000232
:107700009D3000901CE0FD204042059916F0C9FB19
:1077100008D001200002A130009011E0083A0400D6
:10772000FFFF0100BD48059916F0BBFB04D0012006
:107730000002A330009003E001200002A530009079
:10774000009801B400F0C8F801B0019003986F46AA
:107750007760E0F7D3F900281CD0039801B40598AE
:1077600001B4029801B416F025F814F0E4FF03B058
:10777000039801B4029801B40698032116F0D0FAD8
:1077800001B4089801B416F020F86F467760DEF770
:10779000C3FB04B0019801B400F006F801B0032166
:1077A00016F0BEFA02B000BD00B5019801B400F0B9
:1077B00003F801B000BD000000B5019801B4014616
:1077C000032016F0E6FB002801D001B079E0052087
:1077D000009916F0DEFB002801D001B071E00D2009
:1077E000009916F0D6FB002801D001B069E00F2007
:1077F000009916F0CEFB002801D001B061E007200F
:10780000009916F0C6FB002801D001B05BE009200A
:10781000009916F0BEFB002801D001B053E0112002
:10782000009916F0B6FB002801D001B04BE0132000
:10783000009916F0AEFB002801D001B043E00B2008
:10784000009916F0A6FB002801D001B03DE01520FC
:10785000009916F09EFB002801D001B035E01920F8
:10786000009916F096FB002801D001B02DE01720FA
:10787000009916F08EFB002801D001B025E01F20F2
:10788000009916F086FB002801D001B01DE01B20F6
:10789000009916F07EFB002801D001B015E02120F0
:1078A000009916F076FB002801D001B00FE01D20F2
:1078B000009916F06EFB002801D001B007E001BC72
:1078C00007E0032006E0052004E0092002E0112083
:1078D00000E0012000BD000000B5019801B40146A0
:1078E00001200002973016F054FB002801D001B0AF
:1078F0003DE0012000029930009916F04AFB002873
:1079000001D001B035E0012000029B30009916F053
:1079100040FB002801D001B02DE0012000029D3085
:10792000009916F036FB002801D001B025E00120B7
:107930000002A130009916F02CFB002801D001B004
:107940001DE001200002A330009916F022FB002860
:1079500001D001B015E001200002A530009916F019
:1079600018FB002801D001B00DE001BC0DE0212082
:107970000EE00F200CE013200AE0192008E00D2093
:1079800006E0112004E0152002E0062000E00020BF
:1079900000BD000000B5019801B4039801B415F0D2
:1079A0002BFF6F467760E8F761FE02B016F045FAEC
:1079B0006F467760E0F7A2F8002809D06F4677603D
:1079C000E8F7B0FE7320C0006F467760DFF7D8FBA2
:1079D000002000BD00B5002001B401B4039801B43B
:1079E00015F03FFA6F467760E8F776FE01B0009039
:1079F00000986F467760E0F781F86F467760DFF7B1
:107A0000E7F96F467760DFF709FB6F467760E0F7CD
:107A100075F8002804D0002036E034E00300FFFFB2
:107A2000012001B4019801B400F030F802B00190D7
:107A3000019801B46F467760E0F728F8002802D17A
:107A4000009801B010E00098009801B0019801B4CE
:107A500015F0A2F816F0AEFA01B001B403216F469A
:107A60007760E0F7D9F801B06F467760E0F746F845
:107A7000002806D0019801B4012114F036FE01B0AF
:107A800002E0002000E0002002B000BD00B50020B0
:107A900001B401B401B46F467760DFF7D5FA009006
:107AA000059801B4059801B415F063F86F46776046
:107AB000DEF7A6F801B016F0C0F901B401980099FC
:107AC00016F0C7F902B000D197E0059801B4032180
:107AD00016F026F90690059801B4019801B40198B2
:107AE000009914F0D9FD03B001B4FFF7F5FE01B021
:107AF00001900198062116F010FA43D0049801B4C1
:107B00000698032116F01CF901B415F071FD062149
:107B10006F467760DEF79EFA02B00290029801B4D9
:107B200000993D2040426F467760E0F751F801B080
:107B300001B46F467760DFF7A9FF002802D10098F3
:107B400001B00AE00098009801B0029801B4FF214A
:107B50006F467760E0F73CF801B06F467760DFF77B
:107B6000CDFF00280BD0009801B4039801B415F0A4
:107B7000ADF86F467760DFF777FA02B001E00620D4
:107B80003CE024E0009801B4059801B4039801B4E6
:107B9000089801B415F039FD6F467760DEF75AFAA0
:107BA00003B001B415F092F86F467760DFF75CFA26
:107BB00002B0059801B4029801B4FFF7F5FD01B0D9
:107BC00001B40198009916F0ABF802B00590049842
:107BD00001B4069801B40198009914F05DFD02B05B
:107BE00001210902833116F098F905D00598032187
:107BF00016F096F80590EAE752E7009803B000BD4A
:107C000000B5002001B401B401B401B4C048009033
:107C100000F096FD029002986F467760DFF76EFFE6
:107C2000002808D0BB4801B4039801B400F0A4FCBC
:107C300002B0019004E06F467760DFF705FA01902B
:107C40006F467760DFF7AAFA01B401B4039801B474
:107C50000198009A45216F467760DFF727FB02B055
:107C6000029801B414F098FF16F0A4F901B06F4621
:107C70007760DFF743FF002801D0069800E0A648B0
:107C800001B4009A01980121090271316F467760B1
:107C9000DFF70CFB01B0009801B401B001BC039008
:107CA000039801B4019801B400F01EF802B000205E
:107CB00004B000BDECB1010000000000C17C020076
:107CC000012C06DA00B514F0FDFF00F002F801B057
:107CD00000BD00B5019815F0B1FB806801B4FBF759
:107CE000B4F801B000BD000000B5019801B4012056
:107CF00001B4062001B4059801B400F00BF803B0FC
:107D000001B406BC02B404B400F0B0FB02B0002021
:107D100000BD000000B5002001B480486F467760C8
:107D2000E0F7E8FF0090009801B46F467760DEF757
:107D30009FFE01B40198009915F069FD416002B001
:107D40000498012116F019F804900498012116F006
:107D500080F801D0012004900498152116F08DF8C8
:107D600001D015200490009801B46F467760DEF7CB
:107D70007FFE01B40198009915F049FD816002B0C1
:107D8000009801B46F467760DEF772FE01B4019887
:107D9000009915F03CFD416002B00098049915F07F
:107DA00036FDC160049801B4032115F0C9FF0590A8
:107DB00001BC012116F061F819D0009801B401B49A
:107DC000019815F024FD806801B415F04AF8544973
:107DD0006F467760DEF788FE01B00027019701B497
:107DE0000198009915F013FD816003B0DAE702985D
:107DF00001B4019801B400F00CF802B001B000BD6C
:107E0000022C0BDA00B514F067FF00F007F802B09F
:107E100000BD7746009815F0FAFCBE4600B500207C
:107E200001B401B401B401B401B401B401B401B4AA
:107E30000A9801B46F467760DFF78EFF01B00090BB
:107E40000098384916F055F808D00A9801B40A98F5
:107E500001B400F095FA02B081E27FE2009801B42B
:107E600031496F467760DFF7DBFD01B001B46F4643
:107E70007760DFF70BFE002802D0009801B00AE01F
:107E80000098009801B0009801B428496F467760C7
:107E9000DFF7C6FD01B001B46F467760DFF7F6FD8E
:107EA000002802D0009801B00AE00098009801B0C4
:107EB0000A9801B406216F467760DFF7B1FD01B083
:107EC0006F467760DFF71AFE00280FD06F467760A5
:107ED000DEF7CEFD01B40B9801B414F0BAFF6F4683
:107EE0007760DEF701FE02B039E237E20A9801B4AA
:107EF0006F467760E1F72CF901B06F467760DFF7E6
:107F00008DF86F467760DFF7F9FD002810D1F2E0B9
:107F1000E8390400B47C0200FC3904000CFC0300C6
:107F2000E4370400A43604009C370400B42804009D
:107F30000A980190019801B414F02EFE16F03AF858
:107F400001B0012115F0D5FF02D0B24807E2D1E01F
:107F5000B14802900998C0686F467760DFF7CEFDA0
:107F6000002821D0099801B401B40198406801B4F7
:107F70000C98806801B414F060FF6F467760DEF7FC
:107F8000B3FD02B00027019701B401980099416048
:107F900003B0029801B414F064FFA0496F46776003
:107FA000DEF7A2FD01B0029001200390039801B416
:107FB000029801B414F0F0FD15F0FCFF01B001B41B
:107FC0000198009915F045FF02B05ED0029801B407
:107FD0000A98406801B40B9801B4049801B407985A
:107FE00001B40198009914F080FB02B001B406BC02
:107FF00002B404B4FFF712FF02B001B414F01DFF85
:108000006F467760DEF770FD02B001B414F015FF23
:108010006F467760DEF768FD02B00290039801B406
:10802000029801B414F0B8FD15F0C4FF01B00321AB
:1080300015F086FE01B40198009915F082FF02B098
:108040000AD0029801B414F00CFF75496F467760AE
:10805000DEF74AFD01B002900998C0686F4677606C
:10806000DFF74CFD00280AD0029801B414F0F9FEA5
:108070006A496F467760DEF737FD01B002900398DA
:10808000032115F04DFE039090E70998C0686F46F4
:108090007760DFF733FD002814D0099801B40A98FF
:1080A000406801B40B98C06801B406BC002001B45C
:1080B00002B404B4FEF7D0FA03B001B401980099F9
:1080C000416002B0029801B40A98406801B414F00B
:1080D000C8FE54496F467760DEF706FD01B001B473
:1080E00014F0ABFE6F467760DEF7FEFC02B0029044
:1080F000029834E132E10A9801B46F467760E1F703
:108100003DF801B00490049801B414F045FD15F059
:1081100051FF01B0012115F0ECFE01D042481EE1F3
:10812000424805900998C0686F467760DFF7E6FC23
:10813000002821D0099801B401B40198406801B425
:108140000C98806801B414F078FE6F467760DEF713
:10815000CBFC02B00027019701B40198009941605F
:1081600003B0059801B414F07CFE2C496F4677608B
:10817000DEF7BAFC01B0059001200690069801B424
:10818000059801B414F008FD15F014FF01B001B416
:108190000198009915F05DFE02B000D1A9E00498A5
:1081A00001B4079801B40198009914F09EFA02B046
:1081B0000790059801B40A98406801B4099801B481
:1081C0000C9801B400F0DCF802B001B414F035FEF4
:1081D0006F467760DEF788FC02B001B414F02DFE24
:1081E0006F467760DEF780FC02B005900998C068A2
:1081F0006F467760DFF782FC00281BD0059801B43A
:1082000014F02FFE0A496F467760DEF76DFC01B06F
:1082100005901AE0AC370400B8370400B436040007
:108220009C360400C0370400C8370400F036040050
:1082300004370400059801B414F013FEBC496F46DE
:108240007760DEF751FC01B00590059801B40A98FB
:1082500001B40C9801B40A9801B414F0FAFD14F0BA
:10826000B5FA02B001B406BC02B404B4FFF7D6FDFF
:1082700002B001B414F0E1FD6F467760DEF734FC24
:1082800002B00590069801B4059801B414F084FC7E
:1082900015F090FE01B0032115F052FD01B40198D4
:1082A000009915F04EFE02B00AD0059801B414F002
:1082B000D8FDA0496F467760DEF716FC01B0059047
:1082C0000998C0686F467760DFF718FC00280AD06D
:1082D000059801B414F0C5FD97496F467760DEF745
:1082E00003FC01B005900698032115F019FD0690D6
:1082F00044E70998C0686F467760DFF7FFFB002806
:1083000014D0099801B40A98406801B40B98C06869
:1083100001B406BC002001B402B404B4FEF79CF919
:1083200003B001B401980099416002B0059801B40E
:108330000A98406801B414F094FD80496F46776054
:10834000DEF7D2FB01B001B414F077FD6F46776021
:10835000DEF7CAFB02B00590059800E0002008B0E7
:1083600000BD0000022C0BDA00B514F0B5FC00F0E3
:1083700007F802B000BD7746009815F048FABE46EF
:1083800000B5002001B401B401B46D480090012093
:108390000190019801B4069801B414F062FD6F4693
:1083A0007760DEF775FC01B015F047FD01B4019868
:1083B000009915F04EFD02B04CD0059801B402981A
:1083C00001B415F007F96F467760DEF7E9FD02B0FA
:1083D00002900298584915F08CFD02D0594802903D
:1083E00026E00298584915F084FD02D057480290C3
:1083F0001EE00298564915F07CFD02D055480290C7
:1084000016E00298544915F074FD02D053480290CA
:108410000EE00298524915F06CFD02D051480290CE
:1084200006E00298464915F064FD01D04E480290DE
:10843000009801B4039801B414F0FFFC6F46776014
:10844000DEF752FB02B000900198032115F068FCA2
:1084500001909EE7009801B414F003FD38496F467F
:108460007760DEF741FB01B003B000BD00B50198B5
:1084700001B4039801B414F0F4FC6F467760DDF7A3
:10848000B5FC01B001B406BC02B404B4FFF782FA33
:1084900002B0002000BD000000B5019801B4014603
:1084A000012015F076FD002801D001B011E0032075
:1084B000009915F06EFD002801D001B00BE00520F9
:1084C000009915F066FD002801D001B005E001BC5F
:1084D00005E0264806E0264804E0264802E0254854
:1084E00000E0002000BD0000012C0BDA00B514F004
:1084F000E9FB00F007F801B000BD7746009814F0E2
:108500009DFFBE4600B50198406800BD77460098C3
:1085100015F0D1F8BE4600B5019802998160019826
:108520000399C160019804990161002000BD000019
:10853000D43704009C360400B4360400DC37040051
:108540002C37040034370400403704004837040057
:10855000543704005C3704006837040070370400A7
:108560007C3704008437040090370400183B040073
:10857000283B0400383B040000B5002001B401B4DE
:1085800001B46F467760DEF75FFD0090049801B498
:1085900014F002FB15F00EFD01B0019001200290D5
:1085A0000298019915F055FC24D0009801B4069862
:1085B00001B4069801B4059801B40198009914F02B
:1085C00094F802B001B406BC04B4049801B402B437
:1085D000029814F0DDFC03B001B414F077FB6F4691
:1085E0007760DEF741FD02B00298032115F098FB99
:1085F0000290D5E7009803B000BD000000B5002050
:1086000001B401B401B401B46F467760DEF794FDA4
:108610000090009806216F467760DEF78BFD00F032
:108620008FF8019001986F467760DFF767FA0028AE
:108630002BD03768386C01B414F008FB01B00290FD
:108640006F467760DEF778FD0390039806216F464A
:108650007760DEF76FFD022082496F467760E0F7B2
:1086600017FB01B40021049A6F467760DEF76EFDB8
:1086700000980121019A6F467760DEF767FD009848
:10868000029801B4F7F700FC02B000986F467760DB
:10869000DEF74EFD04B000BDECB1010000000000AB
:1086A000A5860200012C06DA00B514F00BFB00F0E1
:1086B00002F801B000BD00B5002001B4029814F02A
:1086C000BDFE806801B4FAF7C0FB01B000900098CD
:1086D00001B4E8686F467760DEF72AFD01B406BC96
:1086E00002B404B4FEF766F802B06F467760DFF7B5
:1086F00005FA00280BD0E86800996F467760DEF72E
:1087000019FD286902996F467760DEF713FD002096
:1087100001B000BD00B5544801B4FFF75BF901B0EA
:1087200001B46F467760DFF7B1F9002802D00098F6
:1087300001B003E00098009801B0012000BD0000E6
:1087400000B5E020376838586F467760DFF7D6F914
:10875000002809D0454801B4E0203768385801B4F2
:10876000F8F788FD02B003E06F467760DEF76CFC37
:1087700000BD0000ECB10100000000008187020094
:10878000012C06DA00B514F09DFA00F002F801B0F1
:1087900000BD00B5019814F051FE806801B403F0EB
:1087A00020FE01B000BD000000B5F0203768385849
:1087B0006F467760DFF7A2F96F467760DEF708FB58
:1087C0006F467760DEF72AFC01B46F467760DFF70B
:1087D0005DF9002802D0009801B003E000980098ED
:1087E00001B001986F467760DFF788F9002816D04E
:1087F0001F486F467760E0F77DFA01B402F098FBFE
:108800000346F0203768385801B408B4029801B420
:1088100002F018FC03B001BCF02137687850F0205A
:108820003768385801B400F00CF801B0002000BDE2
:10883000012C0BDA00B514F045FA00F007F801B08E
:1088400000BD7746009814F01FFABE4600B50198A7
:1088500000696F467760DFF751F900280AD0BEE063
:1088600008E0000098860200083A040074870200BD
:1088700040EB030002F04CFB019801B46F467760B7
:10888000DEF7E2FB01B401980099016102B00198A2
:10889000012141610120C5496F467760E0F7F8F991
:1088A00001B40021029A6F467760DEF74FFC029810
:1088B000406803460098112001B408B4F5F793FC12
:1088C00003B0019840680346B94801B41B2001B4C5
:1088D00008B4F5F788FC03B00120B6496F4677600D
:1088E000E0F7D6F901B40021029A6F467760DEF70F
:1088F0002DFC02984068034600981F2001B408B47C
:10890000F5F771FC03B00120AB496F467760E0F7E3
:10891000BFF901B40021029A6F467760DEF716FCBA
:1089200002984068034600986F2001B408B4F5F738
:108930005AFC03B00120A1496F467760E0F7A8F91F
:1089400001B40021029A6F467760DEF7FFFB0298C0
:10895000406803460098B52001B408B4F5F743FC1D
:1089600003B0012096496F467760E0F791F901B4B2
:108970000021029A6F467760DEF7E8FB02984068B4
:1089800003460098012000022D3001B408B4F5F729
:108990002AFC03B00198406803468A4801B40120CC
:1089A0000002913001B408B4F5F71DFC03B000F0EB
:1089B00061FA00F067F9012083496F467760E0F7BC
:1089C00067F901B40021029A6F467760DEF7BEFBBB
:1089D00000983768B86C01B4F7F756FA02B0002077
:1089E00000BD0000ECB1010000000000F1890200B0
:1089F00000B5E86801B401B40198C06D01B4E8683D
:108A0000406814F08EF9C06901B40198009915F01E
:108A100087F902B00027019701B401980099C16558
:108A200003B0E8684068C06901B407210902D13188
:108A30006F467760DEF714FE01B001B402F0F6F87D
:108A400001B0002000BD0000ECB1010000000000FA
:108A5000558A020000B5E868C06901B4E86840685A
:108A6000C06901B407210902D1316F467760DEF792
:108A7000F7FD01B001B406BC02B404B4342114F013
:108A800007FC02B0002000BDECB1010000000000B6
:108A9000958A020000B5002001B401B401B401B40C
:108AA000E8684068C06901B407210902D1316F4606
:108AB0007760DEF7D5FD01B00090E868006A01B488
:108AC00001F049F801B000200190E86800690290C7
:108AD00001200390039801B403986F467760DEF796
:108AE000BDFA15F0AAF901B4019800996F467760B4
:108AF000DFF75CF802B0002821D0029801B4049896
:108B000015F091F901B4019800996F467760DEF78E
:108B1000B5FA02B00190019801B4E868006A01B4A6
:108B200006BC009801B402B404B4042114F0FDFAA8
:108B300003B00398032115F0F3F80390CAE700206F
:108B40000290002004B000BDECB101000000000064
:108B5000558B020000B5E86801B400F06FFC01B06D
:108B6000002000BDECB1010000000000718B02008C
:108B700000B52320C0003768385801B46F467760CD
:108B8000DEF784FF002802D1009801B006E00098CB
:108B9000009801B047208000376838586F467760EA
:108BA000DEF7ACFF002811D13AE00000E4890200B2
:108BB000C4A20200488A0200888A0200488B020090
:108BC000648B020028210300508C020047208000A3
:108BD0003768385801B4A4203768385801B4E868B9
:108BE000006901B413F0D8FF15F0E4F901B001B445
:108BF00014F01CF9B9486F467760DDF775FF01B0D6
:108C000001B414F01AF96F467760DDF76DFF02B01A
:108C100001B406BC04B402B4019814F047FC02B0DD
:108C200009204001376838586F467760DEF766FFE5
:108C3000002806D0E868C06901B4302114F028FB90
:108C400001B000F027FA00F053F9002000BD000049
:108C5000ECB10100000000005D8C0200012C06DA7E
:108C600000B514F02FF800F002F801B000BD00B517
:108C7000019801B4E86801B4019814F017FC02B03F
:108C8000002000BD00B5002001B403200090009832
:108C9000092115F006F90AD0009801B400F00AF88D
:108CA00001B00098032115F03BF80090EFE7002099
:108CB00001B000BD00B5012089496F467760DFF73C
:108CC000E7FF01B40021029A6F467760DEF73EFAB3
:108CD000212001B4019801B4049801B419200002C4
:108CE000533001B4F5F78EFE05B001207D496F4683
:108CF0007760DFF7CDFF01B40021029A6F467760FD
:108D0000DEF724FA212001B4019801B4049801B4DB
:108D100019200002553001B4F5F774FE05B00020AB
:108D200000BD0000ECB1010000000000318D020028
:108D300000B5422001B4E86801B400F013F802B0B5
:108D4000002000BDECB1010000000000518D0200C8
:108D500000B50A2001B4E86801B400F003F802B0DD
:108D6000002000BD00B5002001B4029801B4014606
:108D7000032015F00EF9002801D001B019E00520FC
:108D8000009915F006F9002801D001B017E007207E
:108D9000009915F0FEF8002801D001B015E0092077
:108DA000009915F0F6F8002801D001B013E001BCDD
:108DB00016E04920800037683858009010E02520E0
:108DC000C0003768385800900AE04B2080003768B0
:108DD0003858009004E0132000013768385800909C
:108DE00000986F467760DEF789FE002806D003986A
:108DF00001B4019801B400F00EF802B0002001B0F7
:108E000000BD0000022C0BDA00B513F065FF00F086
:108E100007F802B000BD7746009814F0FAF9BE4694
:108E200000B5029801B40298406901B40198009914
:108E300015F087F802B01AD00198029941610198A3
:108E400040696F467760DEF759FE002801D00320A5
:108E500000E0052001B40298006901B4019801B452
:108E600013F020FF6F467760E0F764FC03B000204A
:108E700000BD000000B56F467760E1F717FC1A49A6
:108E800015F04BF80CD004F069FD0346174801B407
:108E900001200002A53001B408B4F5F7A4F903B02D
:108EA000002000BDECB1010000000000B18E020006
:108EB00000B56F467760E1F7F9FB0B4915F02DF827
:108EC0000AD084203768385801B413F078FE6F4612
:108ED0007760E1F7E3FB01B0002000BD1C3A04001D
:108EE000248D0200448D0200483C0400A48E020040
:108EF00000B5002001B401B400F07CF84D208000E2
:108F00003768385801B46F467760DEF7BFFD002838
:108F100002D0009801B003E00098009801B0012051
:108F200000902720C0003768385801B46F4677603A
:108F3000DEF7ACFD002802D0009801B003E00098F5
:108F4000009801B001200190019801B401216F4601
:108F50007760DEF771FE01B001B46F467760DEF72F
:108F600095FD002802D1009801B015E00098009806
:108F700001B06F467760DDF77DF814F05EFF009971
:108F800014F0DEFE01B4029801B4019800996F4616
:108F90007760DEF751FE02B001B46F467760DEF70E
:108FA00075FD002802D1009801B016E000980098E5
:108FB00001B06F467760E1F785F96F467760DEF7BD
:108FC0002DF86F467760DEF799FD6F467760DDF725
:108FD000FFFE6F467760DEF721F86F467760DEF7B9
:108FE0008DFD002803D06F467760E1F79FF80020E1
:108FF00002B000BD00B52720C000376838580021F6
:1090000014F0B3FF00D043E0D420012149426F4661
:109010007760DEF74FF814F010FF01B40721090262
:10902000D1316F467760DEF7EFFA01B02721C90032
:10903000376878502720C0003768385801B40121BC
:109040006F467760DEF7F8FD01B001B46F467760D8
:10905000DEF71CFD002802D1009801B00DE0009859
:10906000009801B02720C0003768385801B4D049B3
:109070006F467760DEF7BEFD01B06F467760DEF7C2
:109080003DFD002804D0CA482721C9003768785020
:10909000002000BD00B5002001B401B401B401B44A
:1090A00001B401B401B401B401B44F2080003768A9
:1090B00038586F467760DEF721FD6F467760DDF741
:1090C00087FE6F467760DDF7A9FF01B46F467760D2
:1090D000DEF7DCFC002802D0009801B004E0009824
:1090E000009801B000F06CF96F467760DEF706FD7E
:1090F000002800D060E13768B86F01B4692113F02F
:1091000067FD01B0052114F00BFE00902320C00084
:10911000376838586F467760DEF7F0FC002801D0DA
:10912000009800E0012001B4052002BC14F0F8FD15
:10913000019001200290029801B44F20800037680E
:10914000385801B413F028FD14F034FF01B001B415
:109150000198009914F07DFE02B000D12CE14F205F
:1091600080003768385801B4039801B40198009919
:1091700013F0BBFA02B001B413F073FE8D49002264
:109180006F467760DDF7BEFD01B014F056FE012199
:1091900014F09BFE00D1CDE04F2080003768385896
:1091A00001B4039801B40198009913F09EFA02B03B
:1091B0000346002001B47F4801B408B4FDF766F906
:1091C00003B00390012004900020059003980690BE
:1091D00001200790079801B407986F467760DDF784
:1091E0003DFF14F02AFE01B4019800996F467760A4
:1091F000DEF7DCFC02B0002800D198E0069801B44C
:10920000089814F010FE01B4019800996F46776039
:10921000DDF734FF02B0059005208001376838582B
:1092200001B4059801B4079801B413F01AFE6F4613
:109230007760DDF72DFD01B014F0FFFD01B401985A
:10924000009914F06DFD02B001B40520800137686B
:10925000385801B4019800996F467760DEF716FA26
:1092600002B001B40198009914F06AFD02B00890B0
:1092700084203768385801B4069801B4069801B4C0
:109280003768B86F01B46A2113F0A2FC01B001B4D1
:10929000019800996F467760DEF7B6F902B0014693
:1092A000092014F03DFD01B4049801B4069801B4FE
:1092B000059801B4019800996F467760DEF7A4F92C
:1092C00002B001B40198009914F02AFD02B001B473
:1092D0001EBC002001B43768B86F01B45120800073
:1092E0003768385801B402B404B408B410B4FAF7BB
:1092F000F1FD07B0049801B4069801B413F0B1FD74
:109300006F467760DDF7C4FC01B014F096FD099953
:1093100014F006FD01B40198009914F001FD02B0AB
:1093200004900798032114F0FBFC079052E70020FB
:10933000069037E084203768385801B44F20800009
:109340003768385801B4049801B40198009913F0B3
:10935000CCF902B001B4039801B4059801B40498A3
:1093600001B4019800996F467760DEF74DF902B0BD
:1093700001B40198009914F0D3FC02B001B40EBC02
:10938000002001B43768B86F01B4512080003768FD
:10939000385801B402B4092001B404B408B4FAF78F
:1093A00099FD07B00298032114F0BAFC0290C2E6BE
:1093B000C127090054370400002009B000BD000097
:1093C00000B52920C000376838586F467760DEF74F
:1093D00095FB6F467760DDF7FBFC6F467760DDF746
:1093E0001DFE6F467760DEF789FB6F467760DDF71D
:1093F000EFFC6F467760DDF711FE00BD012C0BDA44
:1094000000B513F05FFC00F007F801B000BD77462F
:10941000009813F04FFFBE4600B5002000BD0000CD
:10942000012C0BDA00B513F04DFC00F007F801B089
:1094300000BD7746009813F027FCBE4600B500201B
:1094400001B401B401B40498406A092114F088FC05
:109450006F467760DEF752FB002800D09FE004984B
:1094600001B401B40198406A092114F086FC01B4EA
:1094700001980099416203B00498406A052114F0F4
:109480006FFC01B46F467760DEF700FB002802D165
:10949000009801B004E00098009801B00498406E74
:1094A0006F467760DEF72AFB002806D00498406EEE
:1094B00001B4FFF7BEFF01B005E00498806801B475
:1094C00000F0C1F801B00498406A032114F048FC90
:1094D0006F467760DEF712FB002816D0049800690B
:1094E0000346B04801B408B4F6F7DAF902B00498BC
:1094F00001B401B40198406A0321494214F030FCE0
:1095000001B401980099416203B0002000900498D2
:109510000069019001200290029801B402986F4600
:109520007760DDF79BFD14F088FC01B40198009989
:109530006F467760DEF73AFB02B000281FD0019833
:1095400001B4039814F06FFC01B4019800996F46C0
:109550007760DDF793FD02B00090009801B40598A4
:10956000006A01B406BC02B404B4012113F0BEFECB
:1095700002B00298032114F0D3FB0290CCE7002044
:109580000190049801B401B40198406A092149424C
:1095900014F0E6FB01B401980099416203B0002089
:1095A00003B000BDECB1010000000000B195020065
:1095B000022C06DA00B513F08FFB00F002F802B0BF
:1095C00000BD00B5019801B401210902E33113F097
:1095D000FFFA01B001B4039801B401210902E3319B
:1095E00013F0F6FA01B001B40198009914F0A8FB49
:1095F00002B001B46F467760DEF748FA002802D067
:10960000009801B015E00098009801B0019801B4ED
:10961000DC2113F0DDFA01B001B4039801B4DC21C0
:1096200013F0D6FA01B001B40198009914F088FB48
:1096300002B000BD012C0BDA00B513F043FB00F0C3
:1096400007F801B000BD7746009814F097F8BE46C1
:1096500000B584203768385801B40298406801B4D6
:1096600014F0E3F86F467760E2F7ECF802B0019887
:1096700080686F467760DEF741FA00280FD08420BB
:109680003768385801B40298806801B414F0DAF8E9
:10969000002200236F467760E4F786FD02B0019850
:1096A00000696F467760DEF729FA002814D00120A0
:1096B0003D496F467760DFF7EBFA01B40021029A6B
:1096C0006F467760DDF742FD029800690346009817
:1096D00008B4F6F7D9FB02B0002000BDECB10100E0
:1096E00000000000E9960200012C06DA00B513F034
:1096F000E9FA00F002F801B000BD00B5002001B4A5
:1097000001B4E868C06814F0A7F8C06801B4049810
:1097100014F0B0F840680146032014F001FB01B4D6
:10972000019800996F467760DDF79AFF02B001B4A7
:109730006F467760DEF77CF801B00090E868C0689B
:1097400014F08AF8006901B4049814F093F84068A2
:109750000146032014F0E4FA01B4019800996F4621
:109760007760DDF77DFF02B001B46F467760DEF70A
:109770005FF801B00190019801B4019801B4059817
:1097800001B400F013F803B0002002B000BD0000E7
:10979000032C10DA00B513F0A8FA00F00CF803B0AF
:1097A00000BD0000A4950200DC96020077460098F8
:1097B00014F060F8BE4600B5002001B401B401B455
:1097C00001B401B401B401B401B401B401B401B4F1
:1097D00001B401B484203768385801B413F0EFF9AC
:1097E0006F467760E1F744FE01B014F026FB00906D
:1097F00084203768385801B413F0E1F96F46776078
:10980000E1F73AFE01B014F018FB01900E98806861
:1098100001B413F0D4F96F467760E1F729FE01B087
:1098200014F00BFB02900E98806801B413F0C7F996
:109830006F467760E1F720FE01B014F0FEFA039066
:1098400002986F467760DEF759F96F467760DDF76B
:10985000BFFA6F467760DDF7E1FB01B46F467760D2
:10986000DEF714F9002802D0009801B00FE000984C
:10987000009801B003986F467760DEF73FF96F46B6
:109880007760DDF7A5FA6F467760DDF7C7FB6F46B7
:109890007760DEF733F9002800D050E101200F99FE
:1098A00014F04EFA04900120109914F049FA059032
:1098B0000E98406901B40146052014F06AFB0028A7
:1098C00001D001B009E00B20009914F062FB0028E0
:1098D00001D001B00FE001BC1FE0049801B4019871
:1098E000039914F01DFA01B40198009914F028FAB4
:1098F00002B0049011E0049801B40198039914F0A7
:109900000FFA01B4032114F07DFA01B001B40198FB
:10991000009914F015FA02B004900E98806901B411
:109920000146092014F035FB002801D001B009E000
:109930000B20009914F02DFB002801D001B00FE09E
:1099400001BC1FE0059801B40298049914F0E8F9ED
:1099500001B40198009914F0F3F902B0059011E0F8
:10996000059801B40298049914F0DAF901B40321BE
:1099700014F048FA01B001B40198009914F0E0F92C
:1099800002B00590049801B4019801B401980099BF
:109990006F467760DDF77AFE02B0049004980121EB
:1099A00014F057FA04D00498009914F0B9F904900F
:1099B000059801B4029801B4019800996F46776048
:1099C000DDF764FE02B005900598012114F041FA1C
:1099D00004D00598019914F0A3F90590049801B4F6
:1099E0006F467760DDF706FF01B00490059801B47B
:1099F0006F467760DDF7FEFE01B00590012006900E
:109A0000012007900698019914F023FA00D196E0FE
:109A1000069801B4049801B4019800996F467760E4
:109A2000DDF734FE02B007900398079914F088F927
:109A300001B40298069914F083F901B406BC02B48B
:109A400004B4F8F797FE02B008900120099004983A
:109A50000A900998009914F0FCF94FD0099801B4C4
:109A6000039801B4019800996F467760DDF70EFE08
:109A700002B00B9002980B9914F062F901B40198AE
:109A80000B9914F05DF901B406BC02B404B4F8F704
:109A900071FE02B00C9084203768385801B40F98DA
:109AA000806801B40C9801B4089801B413F06EFDFD
:109AB0006F467760E4F796FB04B00A980C9914F0AF
:109AC0002FF901B4019801B4019800996F467760AD
:109AD000DDF7DCFD02B00A900E98C0686F46776033
:109AE000DEF70CF8002801D00C9800E0009801B4D3
:109AF0000A9802BC14F014F90990AAE7059808998D
:109B000014F00EF901B4029801B4019800996F465F
:109B10007760DDF7BBFD02B005900E9800696F46D7
:109B20007760DDF7EBFF002801D0089800E001988E
:109B300001B4079802BC14F0F3F8069062E7002025
:109B40000DB000BD012C0BDA00B513F0BBF800F02E
:109B500007F801B000BD7746009813F07DFEBE46C1
:109B600000B5002001B401B401B401B401B401B4E2
:109B7000079840696F467760DDF7C0FF002800D185
:109B80008DE0079801B40898406901B4F7F7A5FA89
:109B900001B001B401980099816102B0079801B445
:109BA0000898406901B4F7F756FA01B001B401987A
:109BB0000099C16102B0079801B40898406901B4E6
:109BC00000F079FA01B001B40998406901B400F0DD
:109BD00056FA01B001B4032114F014F901B001B434
:109BE0000198009914F09CF802B001B48420376801
:109BF000385801B412F0E3FF6F467760E1F738FCA4
:109C000001B014F01AF901B4032114F0FBF801B00B
:109C100001B40198009914F093F802B001B406BCA5
:109C200002B404B400F068FA02B0079801B40898CE
:109C3000406901B400F0E5F801B001B40998406949
:109C400001B400F01CFA01B001B4032114F0DAF8F9
:109C500001B001B40198009914F062F802B001B4A7
:109C600084203768385801B412F0A9FF6F46776036
:109C7000E1F702FC01B014F0E0F801B4032114F0A4
:109C8000C1F801B001B40198009914F059F802B07C
:109C900001B406BC02B404B400F0D4F802B00798D2
:109CA00001B40898406801B401980099C16002B0FD
:109CB000079801B40898806801B40198009901617F
:109CC00002B00798006A002114F04FF900D18CE02F
:109CD0006F467760DCF7CEF914F0AFF801B408985E
:109CE000006A01B40198009914F02AF802B00090BB
:109CF000009801B40898406A01B40198009914F0E2
:109D0000E4F802B003D00798002101626DE00098EA
:109D100001B40898406A01B4019800996F467760D1
:109D2000DDF79EFC02B00190032002900198C44927
:109D300014F0CBF80AD00320019914F001F801B413
:109D4000012001B4F4F748FD02B002900798806A40
:109D500001B4039801B4019800996F467760DDF76C
:109D600053FC02B003906F467760DDF75DF901B4F4
:109D7000049801B4019800996F467760DDF744FCC0
:109D800002B001B4012114F03DF801B004906F4617
:109D90007760DDF749F901B4049801B4019800999E
:109DA0006F467760DDF730FC02B001B4012114F09A
:109DB00029F801B00590079801B401B40198C06872
:109DC000069913F0ADFF01B401980099C16003B08A
:109DD000079801B401B401980069079913F0A0FF36
:109DE00001B401980099016103B0002006B000BDE4
:109DF000012C0BDA00B512F065FF00F007F801B096
:109E000000BD7746009812F07EFFBE4600B501986F
:109E1000006901B40221090201316F467760DDF764
:109E20001FFC01B000BD0000022C0BDA00B512F0DF
:109E300053FF00F007F802B000BD7746009813F01A
:109E40000BFDBE4600B5002001B408F033F80090C9
:109E5000009812F019FFC06801B46F467760DDF713
:109E600015FE002802D1009801B00AE00098009881
:109E700001B0009812F008FFC06801B400F0BFF80C
:109E800001B06F467760DDF739FE002818D00298E0
:109E900001B4019812F0F8FEC0680346049801B4BA
:109EA00008B400F028F802B001B46F467760DDF71F
:109EB000A1FC01B001B401980099816002B00DE0ED
:109EC000029801B4049801B46F467760DDF792FC04
:109ED00001B001B401980099816002B0002001B086
:109EE00000BD0000022C0BDA00B512F0F5FE00F008
:109EF00007F802B000BD7746009813F0C9FCBE46D3
:109F000000B5019801B400F035F801B001B4842027
:109F10003768385801B412F052FE6F467760E1F7A7
:109F2000ABFA01B013F089FF01B40198009913F066
:109F300007FF02B00346012001B408B4F4F74CFC5B
:109F400002B00346029801B408B4012001B4FAF744
:109F500035FB03B000BD0000012C0BDA00B512F098
:109F6000B1FE00F007F801B000BD7746009813F08D
:109F70008FFCBE4600B50198C0686F467760DDF77C
:109F8000BDFD00280CD00198C068C06901B40298DA
:109F9000406801B40198009913F00AFF02B000E094
:109FA000012000BD012C0BDA00B512F08BFE00F091
:109FB00007F801B000BD7746009813F069FCBE4673
:109FC00000B50198406800BD012C0BDA00B512F015
:109FD00079FE00F007F801B000BD7746009813F055
:109FE00065FCBE4600B50198C06900BD012C0BDAC6
:109FF00000B512F067FE00F007F801B000BD77462B
:10A00000009813F045FCBE4600B50198C0686F4645
:10A010007760DDF773FD6F467760DCF7D9FE6F463A
:10A020007760DCF7FBFF6F467760DDF767FD6F4613
:10A030007760DCF7CDFE6F467760DCF7EFFF01E07D
:10A04000983C040000BD0000012C0BDA00B512F0B2
:10A0500039FE00F007F801B000BD7746009813F014
:10A06000FBFBBE4600B50198806800BD012C0BDAF1
:10A0700000B512F027FE00F007F801B000BD7746EA
:10A08000009812F040FEBE4600B50198406B01B446
:10A090000221090201316F467760DDF7E1FA01B074
:10A0A00000BD0000012C0BDA00B512F00BFE00F031
:10A0B00007F801B000BD7746009812F024FEBE46B6
:10A0C00000B50198C06801B40221090201316F4650
:10A0D0007760DDF7C5FA01B000BD0000022C0BDA95
:10A0E00000B512F0F9FD00F007F802B000BD7746A8
:10A0F000009813F0B1FBBE4600B5002001B407F094
:10A10000D9FE0090009812F0BFFDC06801B46F4600
:10A110007760DDF7BBFC002802D1009801B00AE0AF
:10A120000098009801B0009812F0AEFDC06801B42C
:10A13000FFF765FF01B06F467760DDF7DFFC0028B1
:10A1400018D0029801B4019812F09EFDC068034631
:10A15000049801B408B400F028F802B001B46F46C6
:10A160007760DDF747FB01B001B4019800994160C9
:10A1700002B00DE0029801B4049801B46F46776014
:10A18000DDF738FB01B001B401980099416002B0DD
:10A19000002001B000BD0000022C0BDA00B512F067
:10A1A0009BFD00F007F802B000BD7746009813F061
:10A1B0006FFBBE4600B5019801B400F035F801B060
:10A1C00001B484203768385801B412F0F8FC6F46A7
:10A1D0007760E1F74DF901B013F02FFE01B401985B
:10A1E000009913F0ADFD02B00346012001B408B49C
:10A1F000F4F7F2FA02B00346029801B408B4012061
:10A2000001B4FAF7DBF903B000BD0000012C0BDA52
:10A2100000B512F057FD00F007F801B000BD774619
:10A22000009813F035FBBE4600B50198C0686F4634
:10A230007760DDF763FC00280CD00198C068806966
:10A2400001B40298406801B40198009913F0B0FD80
:10A2500002B000E0012000BD012C0BDA00B512F0C5
:10A2600031FD00F007F801B000BD7746009813F00B
:10A270001DFBBE4600B50198806900BD012C0BDABC
:10A2800000B512F01FFD00F007F801B000BD7746E1
:10A29000009813F0E1FABE4600B50198406800BD91
:10A2A000022C0BDA00B512F017FD00F007F802B02F
:10A2B00000BD7746009812F0FDFFBE4600B50020B5
:10A2C00000BD0000ECB1010000000000D1A20200BE
:10A2D00000B500F059FC0346CF4801B408B4F5F7C7
:10A2E000D3FD02B0002000BDECB101000000000071
:10A2F000F5A20200012C06DA00B512F0E3FC00F032
:10A3000002F801B000BD00B5019801B400F00DF8ED
:10A3100001B0002000BD0000012C0BDA00B512F0E6
:10A32000D1FC00F007F801B000BD7746009812F0AC
:10A3300070FFBE4600B5002001B401B401B401B401
:10A3400001B401B401B4089801B4F6F705FE01B0F8
:10A350006F467760DDF7D2FB6F467760DCF738FD3C
:10A360006F467760DCF75AFE6F467760DDF7C6FB15
:10A37000002800D0F0E16F467760DCF7DDFE00904A
:10A3800000980A216F467760DCF7D4FE6F4677604D
:10A39000DCF7D2FE0190019801216F467760DCF76F
:10A3A000C9FE6F467760DCF7C7FE02900298012174
:10A3B0006F467760DCF7BEFE0898C0686F4677602E
:10A3C000DDF79CFB002850D0019801B4099801B436
:10A3D00000F094FB01B001B400F0A3FB01B001B4A4
:10A3E0000A9801B400F072FB01B001B400F099FBCF
:10A3F00001B001B40198009913F0A2FC02B001B4BD
:10A40000032113F0FFFC01B001B4019800996F46DD
:10A410007760DCF78FFE02B0029801B4099801B4AE
:10A4200000F03CFB01B001B400F07BFB01B001B4D3
:10A430000A9801B400F0FCFA01B001B400F071FB1D
:10A4400001B001B40198009913F07AFC02B001B494
:10A45000032113F0D7FC01B001B4019800996F46B5
:10A460007760DCF767FE02B079E0089801B400F08D
:10A4700045FB01B001B4242113F026FA01B06F4668
:10A480007760DDF73BFB002803D00220000201309B
:10A4900000E0012001B4099801B400F017FB01B0FD
:10A4A00001B4242113F010FA01B06F467760DDF794
:10A4B00025FB002803D002200002013000E001202B
:10A4C00001B4039801B40298019913F039FC0027F4
:10A4D0000197029701B4019800996F467760DCF705
:10A4E00029FE04B0089801B400F0D8FA01B001B414
:10A4F000242113F0E9F901B06F467760DDF7FEFA29
:10A50000002803D002200002013000E0012001B445
:10A51000099801B400F08CFA01B001B4242113F0C1
:10A52000D3F901B06F467760DDF7E8FA002803D071
:10A5300002200002013000E0012001B4049801B4BF
:10A540000298019913F0FCFB00270197029701B4D0
:10A55000019800996F467760DCF7ECFD04B06F4618
:10A560007760DCF7E9FD0390039801B402986F4629
:10A570007760DCF7DDFD01B4019800996F467760E4
:10A58000DCF7D8FD02B06F467760DCF7D5FD0490AC
:10A59000049801B403986F467760DCF7C9FD01B4F5
:10A5A000019800996F467760DCF7C4FD02B001980E
:10A5B0006F467760DCF7BCFD01B402986F467760A8
:10A5C000DCF7B6FD01B4019800996F467760DDF7BE
:10A5D0001BF802B001B403986F467760DCF7A8FD62
:10A5E00001B404986F467760DCF7A2FD01B40198CE
:10A5F00000996F467760DDF707F802B001B4019863
:10A60000009913F08DFB02B005900598034913F0F3
:10A6100034FC05D14CE00000E8A202000100020079
:10A62000059801B40099C1486F467760DDF718F8C6
:10A6300001B001B46F467760DEF74EFE01B00690C0
:10A64000039801B4079801B403986F467760DCF76C
:10A650006FFD01B4019800996F467760DCF7D4FF75
:10A6600002B0012113F089FB01B4019800996F46F3
:10A670007760DCF75FFD02B0049801B4079801B47D
:10A6800004986F467760DCF753FD01B40198009998
:10A690006F467760DCF7B8FF02B0012113F06DFB65
:10A6A00001B4019800996F467760DCF743FD02B072
:10A6B00005209F496F467760DEF7EAFA01B4002172
:10A6C000019A6F467760DCF741FD00980121029AFC
:10A6D0006F467760DCF73AFD00980221039A6F46D7
:10A6E0007760DCF733FD00980321049A6F467760AA
:10A6F000DCF72CFD00980421059A6F467760DCF7A3
:10A7000025FD099801B4F6F727FC01B0034600982F
:10A7100008B4F5F7B9FB02B000986F467760DCF734
:10A7200007FD6F467760DDF7E9F9002814D0089837
:10A7300001B4099801B4F6F70FFC01B003467D4857
:10A7400001B408B4F6F796FD02B001B406BC02B439
:10A7500004B4F6F7DFFB02B0002007B000BD000034
:10A76000ECB10100000000006DA70200012C06DA28
:10A7700000B512F0A7FA00F002F801B000BD00B574
:10A78000002001B401B401B4049801B401B42D2136
:10A79000C90012F01DFA01B00190009801B41D210A
:10A7A000090112F015FA01B0029000980121090286
:10A7B000D13112F00DFA01B00290009812F0A3FA14
:10A7C000C06F052113F0CCFA6F467760DDF796F97C
:10A7D000002806D0E86842216F467760DCF7AAFCC3
:10A7E000CAE0049812F046FD40686F467760DDF7D6
:10A7F00085F9002817D001986F467760DDF77EF95C
:10A80000002804D00098012112F07DFA41610298DD
:10A810006F467760DDF772F9002804D000980121B7
:10A8200012F071FA816128696F467760DCF780FC6D
:10A8300001B46F467760DDF729F9002802D000984F
:10A8400001B007E00098009801B068696F46776032
:10A85000DCF76EFC6F467760DDF750F9002800D119
:10A8600085E0019801B46F467760DDF70FF90028A5
:10A8700002D1009801B003E00098009801B002985E
:10A880006F467760DDF73AF900282AD0009801B4C6
:10A89000A8696F467760DCF74BFC0346029801B469
:10A8A00008B400F095F802B001B40198009912F0D4
:10A8B0002AFA416102B0009801B4E8696F467760F6
:10A8C000DCF736FC0346039801B408B400F080F8C6
:10A8D00002B001B40198009912F015FA816102B03A
:10A8E0003FE001986F467760DDF708F9002815D042
:10A8F000009801B428696F467760DCF719FC0346BD
:10A90000029801B408B400F063F802B001B40198F1
:10A91000009912F0F8F9416102B022E002986F4606
:10A920007760DDF7EBF8002806D11AE0010002009D
:10A9300060A7020080A90200009801B468696F4610
:10A940007760DCF7F5FB0346039801B408B400F028
:10A950003FF802B001B40198009912F0D4F9816176
:10A9600002B00498422112F085FC416004E0049892
:10A970000A2112F07FFC4160002003B000BD0000FE
:10A98000ECB10100000000008DA90200012C06DAE4
:10A9900000B512F097F900F002F801B000BD00B563
:10A9A000019812F067FC806812F0ADF9C06F0521C4
:10A9B00013F0D6F96F467760DDF7A0F86F46776041
:10A9C000DCF706FA6F467760DCF728FB00BD000075
:10A9D00000B5019801B4039801B412F063F96F4611
:10A9E0007760DCF729FB02B013F027FA00BD000006
:10A9F000012C0BDA00B512F065F900F007F801B090
:10AA000000BD7746009812F012FCBE4600B50198D2
:10AA1000406900BD012C0BDA00B512F053F900F0CB
:10AA200007F801B000BD7746009812F0F2FBBE4671
:10AA300000B5052001B4029801B400F011F802B08D
:10AA400000BD0000022C0BDA00B512F045F900F051
:10AA500007F802B000BD7746009812F0DAFBBE4658
:10AA600000B50198806801B40398032113F068F9D8
:10AA700001B40198009911F038FE02B000BD000049
:10AA8000012C0BDA00B512F01DF900F007F801B047
:10AA900000BD7746009812F0BCFBBE4600B5092009
:10AAA00001B4029801B4FFF7DBFF02B000BD000063
:10AAB000012C0BDA00B512F005F900F007F801B02F
:10AAC00000BD7746009812F0A4FBBE4600B50320F7
:10AAD00001B4029801B4FFF7C3FF02B000BD00004B
:10AAE000012C0BDA00B512F0EDF800F007F801B018
:10AAF00000BD7746009812F08CFBBE4600B50720DB
:10AB000001B4029801B4FFF7ABFF02B000BD000032
:10AB1000012C0BDA00B512F0D5F800F007F801B0FF
:10AB200000BD7746009812F082FBBE4600B56F4626
:10AB30007760DEF70BFEBF4913F0DBF912D0019806
:10AB400001B4242112F05CFA01B06F467760DCF7A3
:10AB5000D5FF002803D004200002013000E00120CE
:10AB600010E00EE00198806801B411F0ECFF0121C3
:10AB700049426F467760DFF7A9FC01B013F05DF939
:10AB800000E0002000BD000000B5F5F7C9FEAA48AE
:10AB900001B43768786901B4F6F76CFB02B000BD08
:10ABA000ECB1010000000000ADAB0200012C06DAA0
:10ABB00000B512F087F800F002F801B000BD00B552
:10ABC00001986F467760DCF799FF6F467760DCF796
:10ABD000FFF86F467760DCF721FA6F467760DCF7A5
:10ABE0008DFF6F467760DCF7F3F86F467760DCF730
:10ABF00015FA00BD012C0BDA00B512F063F800F075
:10AC000007F801B000BD7746009812F08AF8BE46FA
:10AC100000B50198C06901B407210902D1316F461E
:10AC20007760DCF71DFD01B000BD000000B500201D
:10AC300001B4029801B407210902D1316F4677604F
:10AC4000DCF7E2FC01B0012113F097F8009001203D
:10AC50007A496F467760DEF71BF801B40021019A4C
:10AC60006F467760DCF772FAFFF78EFF03460098B5
:10AC700008B4F5F709F902B0002001B000BD0000EA
:10AC8000ECB10100000000008DAC0200012C06DADE
:10AC900000B512F017F800F002F801B000BD00B5E1
:10ACA000E86801B4029801B400F00DF802B0002089
:10ACB00000BD0000022C0BDA00B512F00DF800F018
:10ACC00007F802B000BD7746009812F0A2FABE461F
:10ACD00000B56F467760DCF72FFA01B401B4049930
:10ACE0006F467760DCF726FA01B001BC029002984B
:10ACF00001B403986F467760DCF71AFA012113F06C
:10AD00003CF801B4019800996F467760DCF712FABD
:10AD100002B001204A496F467760DDF7B9FF01B400
:10AD20000021039A6F467760DCF710FA029880687A
:10AD30000346009808B4F5F7A7F802B0002000BD5C
:10AD4000ECB10100000000004DAD0200012C06DA5C
:10AD500000B511F0B7FF00F002F801B000BD00B57A
:10AD6000019801B4E8686F467760DCF7E1F901B457
:10AD700006BC02B404B400F00CF802B0002000BD20
:10AD8000022C0BDA00B511F0A7FF00F007F802B0B3
:10AD900000BD7746009812F04AFABE4600B5002082
:10ADA00001B401B401B4049840696F467760DCF7E0
:10ADB000A5FE6F467760DCF70BF86F467760DCF72F
:10ADC0002DF96F467760DCF799FE002800D065E02A
:10ADD000049801B401B401988069079912F0A0FFAA
:10ADE00001B401980099816103B00498C068002102
:10ADF00013F093F804D0532080003768385801E0EE
:10AE00000498C068009004980069002113F085F848
:10AE100004D0152000013768385801E00498006913
:10AE2000019004988069009913F013F80AD035E076
:10AE300008E0000054390400A0AB020080AC02001E
:10AE400040AD020004988069009912F079FF0199E1
:10AE500012F076FF01B4029801B4019800996F4690
:10AE60007760DCF7FDFB02B001B46F467760DCF77A
:10AE7000C1FC01B00290029801B40598C06901B408
:10AE80000198009913F05DF802B007D0049801B45E
:10AE900000F016F801B004980299C161002003B0D7
:10AEA00000BD0000012C0BDA00B511F00BFF00F023
:10AEB00007F801B000BD7746009812F0B8F9BE4619
:10AEC00000B555208000376838586F467760DCF74A
:10AED00015FE00280DD00198806801B412F006FD1F
:10AEE0000820000206306F467760DEF723FC01B0D1
:10AEF0000CE00198806801B412F0F8FC0820000210
:10AF000007306F467760DEF715FC01B0002000BD0A
:10AF100000B5FEF76FF86F467760DBF7ABF812F01D
:10AF20008CFF4D21890037687850002000BD00005B
:10AF300000B5002001B401B4A820376838586F4626
:10AF40007760DCF7DBFD6F467760DBF741FF6F462C
:10AF50007760DCF763F86F467760DCF7CFFD002899
:10AF600006D06F467760DCF76FF8A8213768785015
:10AF7000F3F786FE009000986F467760DCF7BEFD21
:10AF8000002804D0009801B4FCF789F801B0CA4841
:10AF90006F467760DDF7AEFE01B401B400F014F83F
:10AFA00001B001BC0190A8203768385801B402985C
:10AFB00001B411F08BFE6F467760DCF755F802B0F4
:10AFC000019802B000BD00007746009811F0A9FE7C
:10AFD000BE4600B5019801B46F467760DCF734F8DF
:10AFE00001B401980099416002B00198012101610A
:10AFF00001980121416101980121C161019801215C
:10B00000C160019800214162A420376838586F461A
:10B010007760DCF773FD6F467760DBF7D9FE6F462C
:10B020007760DBF7FBFF6F467760DCF767FD002892
:10B0300006D06F467760DBF71BFDA4213768785098
:10B04000002000BD7746009811F01EFEBE4600B5F8
:10B050000198039941660198029941600198012184
:10B06000416296486F467760DDF744FE01B40920DF
:10B0700001B4052001B403200002E93001B40398B3
:10B0800001B400F0D9F804B0029802BCC1618C4848
:10B090006F467760DDF72EFE01B401B400F0B8F81A
:10B0A00001B0029802BC016286486F467760DDF706
:10B0B00021FE01B40298006A01B4019801B400F0C5
:10B0C0008DF802B0029802BC8160019801B46F460D
:10B0D0007760DBF7B9FF01B401980099816202B093
:10B0E000019801B46F467760DBF7AEFF01B40198B9
:10B0F0000099C16202B0019801B46F467760DBF736
:10B10000A3FF01B401980099016302B0019801B452
:10B110006F467760DCF742F801B40198009941630B
:10B1200002B0019801B46F467760DBF78DFF01B480
:10B1300001980099816302B0019801B46F4677606D
:10B14000DBF782FF01B401980099C16302B0019856
:10B1500001B46F467760DBF777FF01B4019800997F
:10B16000016402B0019801B46F467760DBF76CFFB1
:10B1700001B401980099416402B0019801B46F468E
:10B180007760DCF70BF801B401980099816102B097
:10B19000019801B46F467760DBF756FF01B4019860
:10B1A0000099C16402B0019801B46F467760DBF783
:10B1B0004BFF01B401980099816502B0019801B478
:10B1C0006F467760DBF7EAFF01B4019800990166EA
:10B1D00002B001980121C165002000BD77460098AA
:10B1E00012F0CCFABE4600B50198012141600198E9
:10B1F0000299C160019801B46F467760DBF724FFC4
:10B2000001B401980099016102B0002000BD000066
:10B210007746009812F020FBBE4600B50198012148
:10B22000416001980121816001980121C16001986C
:10B2300001210161002000BD7746009812F05FFBFC
:10B24000BE4600B50020019801B46F467760DBF779
:10B25000FBFE01B401980099416002B01A486F46A4
:10B260007760DDF747FD01B401B400F0DDF801B00F
:10B27000029802BC8160029801B4029801B400F007
:10B280009FF802B0049801B4029801B400F064F889
:10B2900002B0039801B4029801B400F01CF802B0A7
:10B2A000002000BD022C16DA00B511F015FD00F0EB
:10B2B00012F802B000BD000044EA0300F0FF0300F2
:10B2C00078FC030048FB030038010400774600982F
:10B2D00012F015FBBE4600B5019801B4039801B405
:10B2E00006F004FC01B001B401980099416102B07C
:10B2F000002000BD012C0BDA00B511F0E3FC00F0DA
:10B3000007F801B000BD7746009812F0F8FABE4683
:10B3100000B50198406901B400F002F801B000BD29
:10B3200000B5019801210902013112F0F9FC01B4C4
:10B33000112112F067FD01B000BD0000022C0BDAF4
:10B3400000B511F0C9FC00F007F802B000BD774667
:10B35000009812F0D4FABE4600B5019801B40398E3
:10B3600001B406F0C3FB01B001B4019800998161FA
:10B3700002B0002000BD0000012C0BDA00B511F076
:10B38000A1FC00F007F801B000BD7746009812F06C
:10B39000B6FABE4600B50198806901B4FFF7C0FF58
:10B3A00001B000BD022C0BDA00B511F095FC00F0E5
:10B3B00007F802B000BD7746009812F0A0FABE462A
:10B3C00000B5019801B4039801B406F08FFB01B0F9
:10B3D00001B401980099C16002B0019801B40298CB
:10B3E000C06801B4012002BC12F0AAFC01B40198AB
:10B3F0000099016102B0002000BD0000012C0BDAB1
:10B4000000B511F05FFC00F007F801B000BD774611
:10B41000009812F074FABE4600B50198C06801B4F5
:10B42000FFF77EFF01B000BD7746009812F075FA75
:10B43000BE4600B5019801B46F467760DBF704FEA5
:10B4400001B401980099416102B0002000BD0000E4
:10B45000052C0BDA00B511F035FD00F007F805B04A
:10B4600000BD7746009812F043F8BE4600B5059837
:10B470006F467760DCF742FB6F467760DBF7A8FC2E
:10B480006F467760DBF7CAFD01B46F467760DCF783
:10B49000FDFA002802D1009801B004E0009800985D
:10B4A00001B00198006B6F467760DCF727FB00283E
:10B4B00000D01DE002986F467760DCF71FFB002884
:10B4C00006D001980399416101980499C16105E092
:10B4D00001980399016101980499816105986F466B
:10B4E0007760DCF70BFB002802D001984221016352
:10B4F000002000BD042C0BDA00B511F0A8FE00F00E
:10B5000007F804B000BD7746009811F0F1FFBE4681
:10B5100000B504986F467760DCF7F0FA6F46776005
:10B52000DBF756FC6F467760DBF778FD01B46F46BA
:10B530007760DCF7ABFA002802D1009801B004E094
:10B540000098009801B00198C06A6F467760DCF7F8
:10B55000D5FA002800D017E002986F467760DCF734
:10B56000CDFA002803D001980399816002E0019888
:10B570000399C16004986F467760DCF7BFFA002832
:10B5800002D001984221C162002000BD00B5002018
:10B5900001B401B401B401B401B401B401B401B403
:10B5A00001B401B401B401B40D98012112F051FCB1
:10B5B00001D001200D900D98012112F0DEFB0D90BD
:10B5C000F8203768385800903768F86F01900D9868
:10B5D00001B411F0B8FA7D21C9006F467760DBF73E
:10B5E0002FFD01B012F029FC0290009801B46A21ED
:10B5F00011F0EEFA01B001B40B216F467760DCF771
:10B6000003F801B0052112F09BFB039084203768FA
:10B61000385801B411F0D3FA6F467760DFF728FF8E
:10B6200001B012F00AFC01B4032112F0EBFB01B0EF
:10B6300001B4049801B4032112F0E4FB01B001B499
:10B640000198009912F07CFB02B0032112F068FB14
:10B6500004903768F86A11F00DFF006A05903768AA
:10B66000F86A11F007FF80690690029801B415216D
:10B670006F467760DCF7BEFA01B001B46F467760C1
:10B68000DCF704FA002802D1009801B006E0009827
:10B69000009801B00298032112F062FB01B46F46DA
:10B6A0007760DCF7F3F9002802D1009801B01DE0C3
:10B6B0000098009801B084203768385801B411F020
:10B6C0007EFA6F467760DFF7DBFE01B06F4677608A
:10B6D000DBF7A4FC6F467760DCF710FA6F46776003
:10B6E000DBF776FB6F467760DBF798FC6F46776099
:10B6F000DCF704FA002805D0059807900698059015
:10B700000798069084203768385801B405980721B7
:10B7100012F016FB01B405980D2112F001FB01B4E3
:10B72000039801B4692111F053FA01B0072112F016
:10B73000F7FA01B43768F86A11F09CFEC06901B4E9
:10B740000027009801B40197029801B40397049868
:10B7500001B40597012001B4079801B4089709982E
:10B7600001B40A97F8F7DEFE0BB08420376838582A
:10B7700001B40598052112F0E3FA01B405980921F6
:10B7800012F0CEFA01B4039801B4692111F020FA45
:10B7900001B0052112F0C4FA01B41EBC069801B430
:10B7A00002B404B4012001B408B410B4F8F7BAFE2E
:10B7B00006B00298792112F04CFB6AD00D9801B4C2
:10B7C00007210902D1316F467760DBF75FFF01B0D7
:10B7D00001B411F0B8F90A216F467760DBF730FC4D
:10B7E00001B012F02AFB089084203768385801B461
:10B7F000039801B400F098F801B001B411F031FBE6
:10B80000C5496F467760DBF76FF901B001B406BC3C
:10B81000002001B4019801B4079801B4032001B4D9
:10B82000089801B402B404B4F8F754FB07B00498C4
:10B8300001B4019801B46A2111F0CAF901B001B450
:10B84000009907206F467760DBF7DEFE01B001B498
:10B850000198009912F064FA02B0099084203768C8
:10B86000385801B4099801B400F05EF801B001B491
:10B8700006BC002001B4029801B4079801B4072067
:10B8800001B40D9801B402B404B4F8F723FB07B077
:10B8900046E0029801B411F056F93C216F467760FA
:10B8A000DBF7CEFB01B012F0C8FA0A90029801B49F
:10B8B00079216F467760DBF7E9FE01B00B908420B9
:10B8C0003768385801B40B9801B400F02DF801B076
:10B8D00001B411F0C6FA91496F467760DBF704F9BD
:10B8E00001B001B40D9801B400F01EF801B001B42C
:10B8F00011F0A3FA6F467760DBF7F6F802B001B4F7
:10B9000006BC002001B4019801B4079801B40320DB
:10B9100001B4089801B402B404B4F8F7DBFA07B034
:10B9200000200CB000BD000000B50198012112F00C
:10B9300024FA01900198152112F08BFA0AD001988F
:10B9400001B411F073FA76486F467760DBF7CCF8F4
:10B9500001B006E0019801B46F467760DCF77CF92E
:10B9600001B000BD012C0BDA00B511F0ABF900F00D
:10B9700007F801B000BD7746009811F05FFDBE46A4
:10B9800000B5002001B401B401B401B401B401B4A4
:10B99000079801B400F0A0FA01B00090009811F0EF
:10B9A00077FD8068012112F054FA00D082E2F8207D
:10B9B000376838580190009811F06AFD80680921B5
:10B9C00012F06FFA00D1E7E084203768385801B4EC
:10B9D000019811F05DFD806801B43768F86A11F0D4
:10B9E00049FD006901B411F0EAF86F467760DFF7AE
:10B9F0003FFD01B012F021FA032112F091F901B4D8
:10BA0000019800996F467760DBF7FEFD02B00721D1
:10BA100012F086F901B43768F86A11F02BFD00695D
:10BA200001B411F0CCF86F467760DFF725FD01B067
:10BA300012F003FA092112F073F901B43768F86AB9
:10BA400011F018FDC06901B41EBC02B404B408B4FE
:10BA5000012001B4012001B410B4F8F763FD06B071
:10BA600084203768385801B4019811F011FD8068BE
:10BA700001B43768F86A11F0FDFC006901B411F0F7
:10BA80009EF86F467760DFF7F3FC01B012F0D5F94E
:10BA9000032112F045F901B4019800996F467760CF
:10BAA000DBF7B2FD02B0052112F03AF901B43768B4
:10BAB000F86A11F0DFFC006901B411F080F86F46FC
:10BAC0007760DFF7D9FC01B012F0B7F9072112F067
:10BAD00027F901B43768F86A11F0CCFC806901B429
:10BAE0001EBC02B404B408B4012001B4012001B4A6
:10BAF00010B4F8F717FD06B001200290029801B4C7
:10BB0000019811F0C5FC806801B40198009912F009
:10BB1000A0F902B006D13EE0F8370400D4370400A3
:10BB20007C36040084203768385801B43768F86AD6
:10BB300011F0A0FC006901B4049801B43768F86AF8
:10BB400011F098FC006901B411F039F86F46776084
:10BB5000DFF78EFC01B012F070F9032112F0E0F86B
:10BB600001B4019800996F467760DBF74DFD02B094
:10BB70000146032012F0D4F801B411F0DCFE0123D9
:10BB80006F467760E2F710FB03B00298032112F0D2
:10BB9000C7F80290B2E78DE1009811F079FC806857
:10BBA00001B46F467760DAF763FF01B411F0E9F989
:10BBB0006F467760DAF798FF02B00390039801B4FC
:10BBC00011F04FF96F467760DBF762F801B012F0C1
:10BBD00034F901B4029801B46A2110F0F9FF01B000
:10BBE00001B4019800996F467760DBF70DFD02B054
:10BBF000032112F0A5F8049084203768385801B466
:10BC00003768F86A11F036FC006901B410F0D7FF0C
:10BC10006F467760DFF72CFC01B012F00EF901B42B
:10BC20003768F86A11F026FC406901B410F0C7FFCC
:10BC30006F467760DFF71CFC01B012F0FEF801B42C
:10BC40000198009912F06CF802B0059912F068F8AA
:10BC50000B2112F065F801B43768F86A11F00AFC9C
:10BC6000006901B410F0ABFF6F467760DFF704FCAA
:10BC700001B012F0E2F8092112F052F801B437686D
:10BC8000F86A11F0F7FBC06901B41EBC02B404B439
:10BC900008B4012001B4012001B410B4F8F742FC4B
:10BCA00006B084203768385801B43768F86A11F054
:10BCB000E1FB006901B410F082FF6F467760DFF7A7
:10BCC000D7FB01B012F0B9F801B43768F86A11F087
:10BCD000D1FB406901B410F072FF6F467760DFF767
:10BCE000C7FB01B012F0A9F801B40198009912F055
:10BCF00017F802B0059912F013F8092112F010F8A4
:10BD000001B43768F86A11F0B5FB006901B410F0AE
:10BD100056FF6F467760DFF7AFFB01B012F08DF88A
:10BD2000072111F0FDFF01B43768F86A11F0A2FB9A
:10BD3000806901B41EBC02B404B408B4012001B48B
:10BD4000012001B410B4F8F7EDFB06B08420376889
:10BD5000385801B43768F86A11F08CFB006901B4F7
:10BD600011F070FD012201236F467760E2F71CFAA3
:10BD700002B03768F86A11F07DFB406901B410F039
:10BD80001EFF6F467760DFF795FE01B005900598BE
:10BD900001B43768F86A11F06DFB006A01B411F064
:10BDA000DCFD01216F467760DFF760FF02B0842081
:10BDB0003768385801B4069801B43768F86A11F04A
:10BDC00059FB006901B410F0FAFE6F467760DFF7A7
:10BDD0004FFB01B012F031F8052111F0A1FF01B4C1
:10BDE000049801B4692110F0F3FE01B001B4376882
:10BDF000F86A11F03FFB406901B410F0E0FE6F46B5
:10BE00007760DFF739FB01B012F017F801B4019841
:10BE1000009911F095FF02B0032111F091FF01B4D8
:10BE200011F0B4FB6F467760E2F7BEF904B08420EE
:10BE30003768385801B4049801B43768F86A11F0CB
:10BE400019FB006901B410F0BAFE6F467760DFF7A6
:10BE50000FFB01B011F0F1FF072111F061FF01B4F8
:10BE60003768F86A11F006FB406901B410F0A7FECC
:10BE70006F467760DFF7FCFA01B011F0DEFF01B426
:10BE80000198009911F04CFF02B001B43768F86ACC
:10BE900011F0F0FA006A01B41EBC002001B402984F
:10BEA00001B402B4032001B404B408B410B4F8F728
:10BEB00011F807B0002006B000BD0000012C0BDA1D
:10BEC00000B510F0FFFE00F007F801B000BD7746A6
:10BED000009811F0B3FABE4600B5019801B400F025
:10BEE00021F801B03768F86A11F0C4FA406801B46B
:10BEF00002984068032111F023FF01B401980099D2
:10BF000010F0F3FB02B000BD012C0BDA00B510F00D
:10BF1000D9FE00F007F801B000BD7746009811F097
:10BF20008DFABE4600B5F7F709F80198406803217D
:10BF300011F0A3FF01D000F063F83768F86A11F040
:10BF400099FA406801B402984068032111F0F8FEA4
:10BF500001B40198009910F0C8FB02B06F467760F9
:10BF6000DBF7CCFD6F467760DAF732FF6F4677601C
:10BF7000DBF754F86F467760DBF7C0FD00281DD073
:10BF800090486F467760DCF7B5FE01B401B400F06D
:10BF900017F801B03768F86A11F06CFA406801B41C
:10BFA00003984068032111F0CBFE01B4029801B45C
:10BFB00002980199009A10F0E3FB04B0002000BD44
:10BFC0007746009811F064FABE4600B50198012149
:10BFD000C1610198002141610198002181610198AE
:10BFE00000210162019801B46F467760DBF72CF8FD
:10BFF00001B401980099016102B0002000BD000069
:10C0000000B53768F86A11F035FA8068212111F01F
:10C01000A7FE6F467760DBF771FD002800D046E091
:10C020003768F86A01B401B4019811F023FA806806
:10C03000212111F0A2FE01B40198009911F01AFA21
:10C04000816003B03768F86A11F014FA8068412102
:10C0500011F086FE6F467760DBF750FD6F46776024
:10C06000DAF7B6FE6F467760DAF7D8FF6F4677608B
:10C07000DBF744FD00280BD03768F86A01B400F004
:10C0800019F801B40198009911F0F4F9016102B0B6
:10C090003768F86A01B44C486F467760E2F7FCFAFB
:10C0A00001B40198009911F0E5F9416102B0002056
:10C0B00000BD000000B584203768385801B410F086
:10C0C0007EFD6F467760DFF7DBF901B06F46776082
:10C0D000DAF7A4FF6F467760DBF710FD002805D084
:10C0E0003A486F467760E2F7D7FA04E038486F467F
:10C0F0007760E2F7D1FA00BD012C0BDA00B510F041
:10C10000E1FD00F007F801B000BD7746009811F09E
:10C11000A3F9BE4600B5002001B4029801B400F0B6
:10C12000A5FF01B00090009811F0B2F9806801B449
:10C1300000216F467760DBF7D3FB01B001B46F4697
:10C140007760DBF7A3FC002802D1009801B00DE076
:10C150000098009801B0009811F09AF9806801B435
:10C1600006216F467760DBF7BBFB01B001B000BD75
:10C17000012C0BDA00B510F0A5FD00F007F801B0B6
:10C1800000BD7746009811F059F9BE4600B5002071
:10C1900001B401B401B401B401B40698806801B4DB
:10C1A000F6F753FE01B0012111F0E7FD0090009871
:10C1B000084911F08AFE0FD0052002903768F86F09
:10C1C00001900FE0F4010400DC5F040058600400FB
:10C1D0008460040081841E0003200290F8203768E8
:10C1E00038580190009801B46F467760DBF734FD52
:10C1F00001B00390039801B410F033FE6F467760EE
:10C20000DAF746FD01B011F018FE01B4029801B44E
:10C210006A2110F0DDFC01B001B4019800996F466D
:10C220007760DBF7F1F902B0049084203768385862
:10C2300001B484203768385801B410F0C0FC6F4650
:10C240007760DFF715F901B011F0F7FD059911F0EE
:10C2500077FD052111F074FD01B48420376838584A
:10C2600001B410F0ACFC6F467760DFF701F901B064
:10C2700011F0E3FD01B4F8203768385801B46921A2
:10C2800010F0A6FC01B0072111F04AFD01B4376897
:10C29000F86A11F0EFF8C06901B40027009801B402
:10C2A0000197029801B40397049801B405970120FF
:10C2B00001B4079801B40897099801B40A97F8F7F0
:10C2C00031F90BB084203768385801B484203768BE
:10C2D000385801B410F073FC6F467760DFF7C8F888
:10C2E00001B011F0AAFD059911F02AFD032111F00A
:10C2F00027FD01B484203768385801B410F05FFC82
:10C300006F467760DFF7B4F801B011F096FD01B425
:10C31000F8203768385801B4692110F059FC01B091
:10C32000052111F0FDFC01B43768F86A11F0A2F89C
:10C33000806901B40027009801B40197029801B404
:10C340000397049801B40597012001B4079801B43C
:10C350000897099801B40A97F8F7E4F80BB084201D
:10C360003768385801B4049801B4842037683858C5
:10C3700001B410F024FC6F467760DFF779F801B064
:10C3800011F05BFD069911F0DBFC01B4059801B4D6
:10C390003768F86A11F06EF8006A01B400270020CF
:10C3A00001B4079801B4029801B40397049801B44A
:10C3B0000597069801B40797089801B409970A9859
:10C3C00001B40B97F7F786FD0CB0002005B000BD57
:10C3D000012C0BDA00B510F075FC00F007F801B085
:10C3E00000BD7746009811F037F8BE4600B5002032
:10C3F00001B4029801B400F039FE01B00090009839
:10C4000011F046F8406801B400216F467760DBF711
:10C4100067FA01B001B000BD022C0BDA00B510F0D4
:10C420005BFC00F007F802B000BD7746009811F001
:10C4300013F8BE4600B5002001B401B4039801B45E
:10C4400000F014FE01B00090009811F021F880680F
:10C4500001B406216F467760DBF742FA01B001B400
:10C460006F467760DBF712FB002802D1009801B01D
:10C470000DE00098009801B0009811F009F880686C
:10C4800001B401216F467760DBF7A2FB01B06F4674
:10C490007760DBF733FB002842D00098062110F0CC
:10C4A000F7FF8160009810F0F3FFC0686F46776077
:10C4B000DBF724FB002808D0009801B40121090211
:10C4C000033110F059FC01B02AE004986F46776000
:10C4D000DBF714FB002823D03768386C01B410F068
:10C4E000B5FB01B001900A2001B4062001B40A2076
:10C4F00001B4049801B4FFF706F804B00A2001B4AF
:10C500000A2001B4062001B40A2001B4059801B440
:10C51000FEF7A7FF05B00A2001B4F6F7F7FE01B059
:10C52000002002B000BD0000012C0BDA00B510F0B5
:10C53000C9FB00F007F801B000BD7746009810F085
:10C540007DFFBE4600B5002001B401B401B401B4C2
:10C5500001B401B401B401B401B401B401B401B433
:10C5600001B401B401B401B401B401B401B401B423
:10C5700001B4169801B4FFF7AFFC01B00090376822
:10C58000F86F019009200490012005900120069089
:10C5900005200790009810F07BFF406901B46F46BA
:10C5A0007760DBF773FA002802D1009801B00DE044
:10C5B0000098009801B0009810F06AFF406801B43C
:10C5C00000216F467760DBF78BF901B00890009887
:10C5D00010F05EFF806901B46F467760DBF756FAB2
:10C5E000002802D1009801B00DE00098009801B039
:10C5F000009810F04DFF806801B400216F4677600D
:10C60000DBF76EF901B0099008986F467760DBF7A9
:10C6100075FA002850D06F467760DAF729FA01B42E
:10C62000019810F035FF406801B410F012FC6F461D
:10C630007760DAF759FA02B00290029801B410F06C
:10C6400010FC6F467760DAF723FB01B011F0F5FBC1
:10C6500001B4029801B46A2110F0BAFA01B001B431
:10C66000019800996F467760DAF7CEFF02B0072194
:10C6700011F056FB0590049801B4029801B46921A9
:10C6800010F0A6FA01B001B40198009911F048FB2E
:10C6900002B00490079801B4029801B4692110F027
:10C6A00097FA01B0032111F03BFB01B40198009906
:10C6B00011F036FB02B0079009986F467760DBF700
:10C6C0001DFA002800D183E0009810F0E1FE806898
:10C6D00001B46F467760DBF7D9F9002802D00098E3
:10C6E00001B003E00098009801B0012001B46F464A
:10C6F0007760DAF7BDF901B4019801B410F0A9FB35
:10C700006F467760DAF7F0F903B003903768F86A9C
:10C7100010F0B0FE006901B410F051FA6F46776076
:10C72000DEF7A6FE01B011F088FB01B43768F86AA5
:10C7300010F0A0FE406901B410F041FA6F46776036
:10C74000DEF796FE01B011F078FB01B40198009974
:10C7500011F0E6FA02B001B4049801B410F081FBC4
:10C760006F467760DAF794FA01B011F066FB01B416
:10C77000039801B46A2110F02BFA01B001B40198BA
:10C7800000996F467760DAF73FFF02B001B4019875
:10C79000009911F0C5FA02B0072111F0C1FA069014
:10C7A000049801B43768F86A10F064FE006901B4B7
:10C7B00010F005FA6F467760DEF75EFE01B011F00B
:10C7C0003CFB01B40198009911F0AAFA02B0049060
:10C7D000069801B4069801B4F1F7FEFF02B00A9082
:10C7E000089801B46F467760DBF750F9002802D152
:10C7F000009801B003E00098009801B009986F46D6
:10C800007760DBF77BF9002804D00498032111F04E
:10C8100087FA04901698806810F01EFEC0696F4673
:10C820007760DBF76BF9002801D00A9800E001205F
:10C8300001B41798806810F00FFE406902BC11F037
:10C840007FFA0B901698806810F006FE006A6F461B
:10C850007760DBF753F9002801D0049800E001204D
:10C8600001B41798806810F0F7FD806902BC11F0E0
:10C8700067FA0C90089801B46F467760DBF706F909
:10C88000002802D0009801B003E00098009801B0A1
:10C8900009986F467760DBF731F900285BD0842078
:10C8A0003768385801B40C9801B40E9801B40D984B
:10C8B00001B4089801B41B98806810F0CDFDC068E1
:10C8C00001B40027009801B40197029801B40397BE
:10C8D000049801B40597069801B40797089801B425
:10C8E00009970A9801B40B97F7F71CFE0CB0842047
:10C8F0003768385801B40C98032111F011FA01B4CB
:10C900000E98032111F00CFA01B40D98052111F0D5
:10C9100017FA01B40898052111F012FA01B41B9816
:10C92000806810F099FD806801B40027009801B478
:10C930000197029801B40397049801B405970698EB
:10C9400001B40797089801B409970A9801B40B97A6
:10C95000F7F7E8FD0CB008986F467760DBF7CEF884
:10C96000002844D01698806810F076FDC0696F46A4
:10C970007760DBF7C3F8002804D00A98059911F016
:10C98000DFF900E001200D9084203768385801B4A9
:10C99000039801B40D98032111F0C2F90F9911F019
:10C9A000BFF9032111F0BCF901B40F98052111F072
:10C9B000B7F901B41A98806810F04EFD006901B40F
:10C9C0000027002001B4079801B4029801B403972E
:10C9D000049801B40597069801B40797089801B424
:10C9E00009970A9801B40B97F7F774FA0CB00998F5
:10C9F0006F467760DBF782F8002800D1F8E01698E0
:10CA0000806810F029FDC0696F467760DBF776F823
:10CA1000002804D00A98069911F092F900E001204C
:10CA200001B40C98032111F07BF902BC11F078F9E4
:10CA30000E903768F86A10F01DFD406901B410F0DF
:10CA4000BEF86F467760DFF735F801B00F900F98AA
:10CA500001B41798806810F0FFFC006901B410F071
:10CA60007CFF01216F467760DFF700F902B0842078
:10CA70003768385801B43768F86A10F0FBFC006971
:10CA800001B4109801B40F980A9911F049F901B452
:10CA900010F07CFD6F467760E1F786FB04B08420E0
:10CAA0003768385801B4109801B4109801B4376849
:10CAB000F86A10F0DFFC006901B410F080F86F46EE
:10CAC0007760DEF7D5FC01B011F0B7F901B4019839
:10CAD000009911F025F902B001B40F980A9911F0EC
:10CAE0001FF901B4059801B4692110F071F801B083
:10CAF00001B40198009911F013F902B001B437683C
:10CB0000F86A10F0B7FC406901B410F058F86F46AD
:10CB10007760DEF7B1FC01B011F08FF901B4019834
:10CB2000009911F00DF902B0032111F009F901B4D7
:10CB300010F02CFD6F467760E1F736FB04B08420DF
:10CB40003768385801B4049801B4109801B43768B4
:10CB5000F86A10F08FFC006901B410F030F86F46ED
:10CB60007760DEF785FC01B011F067F901B4019838
:10CB7000009911F0D5F802B001B43768F86A10F0E6
:10CB800079FC406901B410F01AF86F467760DEF75F
:10CB90006FFC01B011F051F901B40198009911F046
:10CBA000BFF802B0032111F0BBF801B40F980A9945
:10CBB00011F0B6F801B41A98806810F04DFC0069C5
:10CBC00001B40027002001B4079801B4029801B411
:10CBD0000397049801B40597069801B4079708983D
:10CBE00001B409970A9801B40B97F7F773F90CB0E1
:10CBF000009810F04DFC006A6F467760DAF77EFF10
:10CC0000002800D120E16F467760D9F731FF01B4E9
:10CC10001798406801B410F01CF96F467760D9F797
:10CC200063FF02B01090109801B410F01AF96F462B
:10CC30007760DAF72DF801B011F0FFF801B402982F
:10CC400001B46A210FF0C4FF01B001B4019800994A
:10CC50006F467760DAF7D8FC02B0032111F060F874
:10CC60001190049801B4029801B469210FF0B0FF4B
:10CC700001B0052111F054F801B406BC02B404B4AB
:10CC8000F1F7AAFD02B012901698806810F0E4FB4C
:10CC9000C0696F467760DAF731FF002807D00B983C
:10CCA000119911F04DF8032111F03AF806E00B98B4
:10CCB0000A9911F035F8032111F042F813900C98FD
:10CCC000149008986F467760DAF718FF6F46776020
:10CCD000DAF77EF86F467760DAF7A0F901B46F46AD
:10CCE0007760DAF7D3FE002802D1009801B00FE098
:10CCF0000098009801B009986F467760DAF7FEFE59
:10CD00006F467760DAF764F86F467760DAF786F98E
:10CD10006F467760DAF7F2FE002824D01698806814
:10CD200010F09AFBC0696F467760DAF7E7FE0028DB
:10CD300002D00120404200E0032001B4149802BC5C
:10CD400010F0EEFF13901698806810F085FB006AD3
:10CD50006F467760DAF7D2FE002804D014980721D6
:10CD600010F0EEFF149084203768385801B41498FE
:10CD700001B4169801B4149801B4169801B41B9824
:10CD8000806810F069FBC06801B40027009801B406
:10CD90000197029801B40397049801B40597069887
:10CDA00001B40797089801B409970A9801B40B9742
:10CDB000F7F7B8FB0CB084203768385801B41198E5
:10CDC00001B41598032110F0ABFF01B4179801B41A
:10CDD000169801B4032111F015F801B001B40198BF
:10CDE000009910F09DFF02B001B4059801B46921CB
:10CDF0000FF0EEFE01B001B4032111F003F801B011
:10CE000001B40198009910F09BFF02B001B41A9888
:10CE1000806810F021FB806801B40027002001B475
:10CE2000079801B4029801B40397049801B40597D8
:10CE3000069801B40797089801B409970A9801B4B5
:10CE40000B97F7F747F80CB0002015B000BD0000B5
:10CE500000B5002001B4BF486F467760DBF74AFF9A
:10CE600001B4059801B46F467760DAF70FFE002829
:10CE700002D0009801B003E00098009801B0B648D5
:10CE800001B4049801B4019801B4079801B404985E
:10CE900001B400F011F805B001BC0090009801B099
:10CEA00000BD0000ECB1010000000000B1CE0200A6
:10CEB00000B5422000BD00007746009810F05AFDF2
:10CEC000BE4600B501980299C160019803990161BD
:10CED000049801B4029801B4F3F706FB02B00020F5
:10CEE00000BD00007746009810F0C4FABE4600B5B9
:10CEF000019811218160019801B46F467760DAF7DB
:10CF0000A3F801B401980099416002B0019801B4FE
:10CF100000F07CF801B401980099016102B0019819
:10CF200001B48E486F467760E1F7B6FB01B4019813
:10CF30000099416102B084203768385801B40FF07D
:10CF40003EFE6F467760DEF79BFA01B06F46776072
:10CF5000DAF764F86F467760DAF7D0FD002801D081
:10CF6000012000E0032001B4029802BC816184200A
:10CF70003768385801B40FF022FE6F467760DEF74D
:10CF80007FFA01B06F467760DAF748F86F4677604E
:10CF9000DAF7B4FD002801D0032000E0072001B437
:10CFA000029802BCC16184203768385801B40FF080
:10CFB00006FE6F467760DEF763FA01B06F46776072
:10CFC000DAF72CF86F467760DAF798FD002801D081
:10CFD000032000E0072001B4029802BC016201981E
:10CFE0000021416201980021816201980021C16005
:10CFF000019801B46F467760DAF726F801B401981A
:10D000000099416002B0002000BD000000B58420FE
:10D010003768385801B40FF0D2FD6F467760DEF7FD
:10D020002FFA01B06F467760D9F7F8FF6F46776047
:10D03000DAF764FD002805D049486F467760E1F7CC
:10D040002BFB04E047486F467760E1F725FB00BD06
:10D05000012C0BDA00B50FF035FE00F007F801B037
:10D0600000BD7746009810F0F7F9BE4600B501986C
:10D0700001B400F021F801B03768F86A10F0FAF94D
:10D08000406801B402984068032110F059FE01B4D1
:10D09000019800990FF029FB02B000BD012C0BDABA
:10D0A00000B50FF00FFE00F007F801B000BD7746A5
:10D0B000009810F0D1F9BE4600B5F5F73FFF019892
:10D0C0004068032110F0D9FE01D0FEF799FF3768C0
:10D0D000F86A10F0CFF9406801B402984068032163
:10D0E00010F02EFE01B4019800990FF0FEFA02B084
:10D0F0006F467760DAF702FD6F467760D9F768FE12
:10D100006F467760D9F78AFF6F467760DAF7F6FCEB
:10D1100000281DD014486F467760DBF7EBFD01B4A3
:10D1200001B4FEF74DFF01B03768F86A10F0A2F9BC
:10D13000406801B403984068032110F001FE01B477
:10D14000029801B402980199009A0FF019FB04B0FB
:10D15000002000BD78020400A4CE0200B85F0400E5
:10D16000F85F040028600400F401040000B5DC202E
:10D170003768385810F062F980680346019801B4A6
:10D1800008B400F00CF802B0002000BD022C0BDA4D
:10D1900000B50FF0A1FD00F007F802B000BD774622
:10D1A000009810F059F9BE4600B5002001B402986D
:10D1B00001B4FFF75BFF01B000903768F86A10F028
:10D1C00059F9806801210902013110F0C9FD6F464B
:10D1D0007760DAF793FC6F467760D9F7F9FD6F4611
:10D1E0007760D9F71BFF6F467760DAF787FC002876
:10D1F00006D0422001B4092001B4F5F761FE02B067
:10D20000029801B400F020F801B0009801B404982D
:10D21000012110F0B2FD01B40198009910F038F925
:10D22000816002B0002001B000BD0000012C0BDACB
:10D2300000B50FF047FD00F007F801B000BD7746DC
:10D24000009810F009F9BE4600B5002001B402981C
:10D2500001B4FFF70BFF01B00090009810F018F92F
:10D260008069002110F059FE04D00098422110F08E
:10D270000FF98161009810F00BF9006A002110F09D
:10D280004CFE04D00098422110F002F9016200988F
:10D2900010F0FEF88068002110F03FFE04D00098E6
:10D2A000072110F0F5F88160009810F0F1F880681F
:10D2B00001B46F467760DAF7E9FB002802D00098E6
:10D2C00001B003E00098009801B0012001B000BD5A
:10D2D00000B5002001B401B401B401B4059801B453
:10D2E00000216F467760DAF79BFB01B001B46F460F
:10D2F0007760DAF7CBFB002802D0009801B00AE093
:10D300000098009801B0069801B400216F4677603C
:10D31000DAF786FB01B001B46F467760DAF7B6FB47
:10D32000002802D0009801B00FE00098009801B0EA
:10D3300007986F467760DAF7E1FB6F467760D9F7B9
:10D3400047FD6F467760D9F769FE6F467760DAF779
:10D35000D5FB002800D04BE004F0ACFD0090009815
:10D360000FF092FC006B019000980FF08DFC406B69
:10D3700002900120B7496F467760DBF789FC01B462
:10D380000021039A6F467760D9F7E0FE01BC039055
:10D39000039801B4079801B4079801B402980FF0FC
:10D3A000F7FD03B0039801B4069801B4089801B4DE
:10D3B00002980FF0EDFD03B0A7486F467760DBF7EA
:10D3C00099FC01B4089801B4089801B4089801B414
:10D3D000039801B400F05EF804B0029801B401981B
:10D3E00001B40FF073FC6F467760D9F73DFE03B0D0
:10D3F000002004B000BD0000ECB1010000000000FE
:10D4000005D40200022C06DA00B50FF065FC00F02E
:10D4100002F802B000BD00B5E86801B4029801B49A
:10D420000FF017FD0FF0D2F902B06F467760DAF710
:10D4300065FB6F467760D9F7CBFC6F467760D9F70D
:10D44000EDFD6F467760DAF759FB00280DD0E868EC
:10D4500001B4029801B46F467760D9F7F5FD01B4C5
:10D460000FF0A4FF0FF0FBF903B0E86801B40298D5
:10D4700001B40FF0EEFC0FF0A9F902B001B403986B
:10D4800001B40FF023FC6F467760D9F7EDFD02B0D1
:10D49000002000BD7746009810F07AFABE4600B52D
:10D4A000019802994160019803998160019804995B
:10D4B000C160002000BD0000032C0BDA00B50FF0A6
:10D4C00014FC00F007F803B000BD774600980FF099
:10D4D000AEFEBE4600B5002001B4039801B4039827
:10D4E00001B400F019F802B000900098049910F00F
:10D4F0005DFA8160002001B000BD0000022C0BDA53
:10D5000000B50FF0E9FB00F007F802B000BD774668
:10D5100000980FF08CFEBE4600B5002001B401B4A7
:10D5200001B401B401B4069801B400F0CBF901B024
:10D530006F467760DAF7E2FA6F467760D9F748FC12
:10D540006F467760D9F76AFD6F467760DAF7D6FAEB
:10D5500000281CD041486F467760DBF7CBFB01B455
:10D560000798806801B4019801B400F091F902B005
:10D5700004F0A0FC0FF088FB806D01B4019801B4A9
:10D580000FF0A4FB6F467760D9F76EFD03B00698E5
:10D5900001B400F097F901B00090009810F014FA6F
:10D5A00080686F467760DAF7A9FA6F467760D9F737
:10D5B0000FFC6F467760D9F731FD6F467760DAF779
:10D5C0009DFA00280CD0009801B46F467760D9F717
:10D5D0003BFD01B40198009910F0F6F9816002B0AA
:10D5E00000200190009810F0EFF98068029001206F
:10D5F0000390039801B403986F467760D9F72EFD26
:10D6000010F01BFC01B4019800996F467760DAF7BF
:10D61000CDFA02B0002823D0029801B4049810F08B
:10D6200002FC01B4019800996F467760D9F726FD96
:10D6300002B00190019810F0B9F94068079910F014
:10D640006CFC01D0019850E00398032110F068FBB6
:10D650000390CEE7F8D302002C03040080030400FB
:10D66000002002900220C4496F467760DBF710FB70
:10D6700001B40021079A6F467760D9F767FD0098DB
:10D680000121089A6F467760D9F760FD089801B4C8
:10D690000898806801B406BC212001B4019801B447
:10D6A00002B404B4F1F7AEF905B0B4486F46776040
:10D6B000DBF720FB01B4002001B4099801B4029803
:10D6C00001B400F025F803B001BC0490009810F0FC
:10D6D0007BF9806801B4059801B40FF0F7FA6F4642
:10D6E0007760D9F7C1FC02B0049805B000BD000016
:10D6F000ECB1010000000000FDD6020000B5286971
:10D7000001B4E86801B400F01FF802B0002000BDC9
:10D710007746009810F04AF9BE4600B50198029984
:10D720004160019803998160002000BD022C0BDA52
:10D7300000B50FF0D1FA00F007F802B000BD77464F
:10D7400000980FF074FDBE4600B5002001B401B48E
:10D7500001B401B401B4069801B400F0B3F801B00B
:10D76000009000986F467760DAF7C8F96F467760E7
:10D77000D9F72EFB6F467760D9F750FC6F4677607C
:10D78000DAF7BCF9002800D07EE0079801B40798CA
:10D7900001B4FFF7C1FE02B00190019810F006F944
:10D7A00080686F467760DAF7A9F9002805D00198FC
:10D7B00001B45E210FF0E0FA01B0009810F004F916
:10D7C000C0686F467760DAF799F900285CD00020CE
:10D7D0000290009810F0F8F8C068039001200490BF
:10D7E000049801B404986F467760D9F737FC10F0BD
:10D7F00024FB01B4019800996F467760DAF7D6F9F7
:10D8000002B000283ED0039801B4059810F00BFB3D
:10D8100001B4019800996F467760D9F72FFC02B0E8
:10D820000290029810F0C2F8406801B4089801B460
:10D83000019800996F467760DAF74AF802B001B4B0
:10D840006F467760DAF722F9002802D1009801B01C
:10D8500006E00098009801B0029810F0A7F88068E0
:10D860006F467760DAF74AF9002805D0029801B4CC
:10D870005E210FF081FA01B00498032110F050FAF4
:10D880000490ADE700200390002005B000BD00002B
:10D890007746009810F098F8BE4600B501980299B6
:10D8A0004160002000BD0000012C0BDA00B50FF034
:10D8B00009FA00F007F801B000BD774600980FF0B4
:10D8C000B6FCBE4600B5002001B401B401B400208E
:10D8D000009004F0EFFA0FF0D7F9806D019001206D
:10D8E0000290029801B402986F467760D9F7B6FBB0
:10D8F00010F0A3FA01B4019800996F467760DAF747
:10D9000055F902B0002823D0019801B4039810F013
:10D910008AFA01B4019800996F467760D9F7AEFB97
:10D9200002B00090009810F04FF8406801B40598DC
:10D93000806801B40198009910F0EFFA02B001D0AC
:10D94000009808E00298032110F0EAF90290C8E775
:10D9500000200190002003B000BD000000B50020B1
:10D9600001B4FAF721FF01B0F020376838580FF002
:10D970008BF9406804E00000F0D60200D4030400F4
:10D9800000BD0000ECB101000000000091D90200D0
:10D9900000B508200002013000216F467760D8F7FB
:10D9A0007BFB002000BD000000B50198F421376822
:10D9B0007850002000BD00007746009810F012F863
:10D9C000BE4600B50298002110F0A7FA06D0032049
:10D9D000BD496F467760D9F79DFE02900198029984
:10D9E0008160019802994160002000BDECB1010006
:10D9F00000000000F9D90200022C06DA00B50FF091
:10DA00006BF900F002F802B000BD00B54F208000B5
:10DA1000376838586F467760DAF770F86F46776086
:10DA2000D9F7D6F96F467760D9F7F8FA01B46F469F
:10DA30007760DAF72BF8002802D0009801B00FE0E9
:10DA40000098009801B002986F467760DAF756F8B0
:10DA50006F467760D9F7BCF96F467760D9F7DEFA81
:10DA60006F467760DAF74AF8002800D043E00020DC
:10DA700001B4964801B4049801B4F8F707FD03B067
:10DA80000346934801B408B4F3F7F4FB02B003462D
:10DA9000904801B408B4F2F7F7F902B04F208000C3
:10DAA0003768385801B40FF077F810F083FA01B0F6
:10DAB00080213768795810F0E0F91CD04F208000A1
:10DAC0003768385801B44F2080003768385801B49F
:10DAD0000FF062F810F06EFA01B0802137687958C3
:10DAE00010F02EF901B406BC02B4012001B404B454
:10DAF000F1F7B6F903B0002000BD0000ECB1010061
:10DB00000000000009DB0200012C06DA00B50FF06E
:10DB1000D9F800F002F801B000BD00B501986F46D9
:10DB20007760D9F7EBFF6F467760D9F751F96F4609
:10DB30007760D9F773FA6F467760D9F7DFFF6F46E2
:10DB40007760D9F745F96F467760D9F767FA00BD76
:10DB5000ECB10100000000005DDB0200012C06DAE0
:10DB600000B50FF0AFF800F002F801B000BD00B54D
:10DB7000002001B401200090009801B4039801B482
:10DB80000FF06FF96F467760D9F782F801B010F0A7
:10DB900054F901B40198009910F05BF902B026D055
:10DBA0004F2080003768385801B4039801B40298B8
:10DBB00001B4039888213768795810F0B1F801B49E
:10DBC0000EBC02B404B408B4F8F746FD03B001B4C7
:10DBD0000FF07CF86F467760D9F746FA02B00098EC
:10DBE00088213768795810F09BF80090C4E700202E
:10DBF00001B000BD00B501986F467760D9F77EFF90
:10DC00006F467760D9F7E4F86F467760D9F706FA80
:10DC100001B46F467760D9F739FF002802D0009829
:10DC200001B01BE00098009801B02B20C0003768BD
:10DC3000385801B4029801B40FF048F800226F463A
:10DC40007760D9F7FDFE02B010F0F7F801B40121BA
:10DC500049426F467760D9F7EFFF01B06F467760B2
:10DC6000D9F74CFF002800D00DE02B20C00037680A
:10DC7000385801B4029801B40FF028F86F46776065
:10DC8000D9F7F2F902B0002000BD0000ECB10100AC
:10DC90000000000099DC0200022C06DA00B50FF04B
:10DCA0001BF800F002F802B000BD00B5019801B405
:10DCB000039801B40FF0A4FE6F467760D8F70CFA12
:10DCC00002B0002000BD0000FFFF0100B4360400D8
:10DCD000FCDA020050DB020000B5002001B401B400
:10DCE000A02078216F467760DFF71EFB00900820A8
:10DCF0006F467760E1F7F0FDA02008216F4677605E
:10DD0000DFF712FB0190019801B40EF058FF6F4647
:10DD10007760E1F707FE01B0012088496F46776020
:10DD2000DAF7B6FF01B40021019A6F467760D9F7A0
:10DD30000DFA009800F068F801B0012080496F46A4
:10DD40007760DAF7A5FF01B40021029A6F46776089
:10DD5000D9F7FCF901BC4721890037687850009851
:10DD600002B000BDECB101000000000071DD020056
:10DD700000B5E86801B40EF022FF6F467760E1F766
:10DD8000D9FD01B0002000BDECB101000000000091
:10DD900095DD0200012C06DA00B50EF093FF00F0CD
:10DDA00002F801B000BD00B5E86801B40EF007FF4D
:10DDB00000216F467760DDF745FD01B0002001B41A
:10DDC0003768F86F01B4032001B4052001B40520C1
:10DDD00001B4069801B4E86801B4F6F77BF807B01F
:10DDE000E86801B40EF0EBFE6F467760E1F79AFD4C
:10DDF00001B0019801B40FF034F86F467760E1F795
:10DE000073FE01B0002000BD00B542203768F86005
:10DE100001985721890037687850019801B40EF0B5
:10DE200015FF01B0002000BDECB1010000000000B2
:10DE300035DE020000B52920C000376838586F462B
:10DE40007760D9F75BFE002800D00CE03D4801B4B4
:10DE500010200002033001B4D8203768385801B4CC
:10DE6000FFF733FB03B0002000BD0000ECB1010060
:10DE70000000000079DE020000B52920C0003768EC
:10DE800038586F467760D9F739FE002800D01DE07A
:10DE9000F8F7C8FD2C486F467760DAF72BFF01B41E
:10DEA000002001B4294801B4029801B403F0CEF86F
:10DEB00003B001BC2921C900376878502920C0006F
:10DEC0003768385801B400F00CF801B0002000BDEC
:10DED000012C0BDA00B50EF0F5FE00F007F801B0EA
:10DEE00000BD774600980FF099FDBE4600B50020B2
:10DEF00001B401B4039801B4049801B4BF210EF039
:10DF00003BFF01B001B401980099416002B0039851
:10DF10000121C16001200190019801B4049840687A
:10DF200001B40EF039FE10F045F801B001B40198CB
:10DF300000990FF08EFF02B00AD1B3E064DD020059
:10DF400088DD02006CDE02001C04040040FD0200BB
:10DF50000398406801B4029801B4019800990EF04A
:10DF6000C4FB02B00090009801B401F092FE01B031
:10DF7000009801B40498806801B406BC02B404B4EB
:10DF800001F06DFE02B0009801B40498806801B4FD
:10DF90000121090233310EF01BFE01B001B40398D8
:10DFA00001B40698806801B464210EF011FE01B03E
:10DFB00001B4019800996F467760D9F767FB02B00A
:10DFC00001B40698806801B463210EF001FE01B02F
:10DFD00001B40798806801B462210EF0F9FD01B028
:10DFE00001B4019800990FF09BFE02B001B40198B2
:10DFF00000996F467760D9F707FB02B001B401982A
:10E0000000990FF08DFE02B001B40598806801B44C
:10E0100065210EF0DDFD01B001B4049801B407984C
:10E02000806801B464210EF0D3FD01B001B40EF09C
:10E0300039FE6F467760D9F703F802B00FF0FDFEA6
:10E0400001B40798806801B463210EF0C1FD01B0EE
:10E0500001B40898806801B462210EF0B9FD01B0E6
:10E0600001B4019800990FF05BFE02B001B4019871
:10E0700000996F467760D9F7C7FA02B001B40198EA
:10E0800000990FF04DFE02B001B40EBC02B404B40E
:10E0900008B401F09EFD03B0019803210FF040FE8B
:10E0A000019039E70A2001B401F082FD01B001209E
:10E0B000C9496F467760DAF7EBFD01B40021049A95
:10E0C0006F467760D9F742F80098102000020B30B5
:10E0D00001B494203768385801B4FFF7F6F903B05B
:10E0E0000120BE496F467760DAF7D2FD01B4002106
:10E0F000049A6F467760D9F729F80098102000023B
:10E10000093001B494203768385801B4FFF7DDF9BD
:10E1100003B0B34801B4102000020B3001B4D42086
:10E120003768385801B4FFF7D0F903B0AD4801B4EF
:10E13000102000020B3001B4D8203768385801B4E1
:10E14000FFF7C3F903B00120A7496F467760DAF7FC
:10E150009FFD01B40021049A6F467760D8F7F6FF5F
:10E160000098102000020B3001B4C82037683858DE
:10E1700001B4FFF7AAF903B001209C496F4677600C
:10E18000DAF786FD01B40021049A6F467760D8F76C
:10E19000DDFF0098102000020B3001B4C420376866
:10E1A000385801B4FFF791F903B0012090496F4648
:10E1B0007760DAF76DFD01B40021049A6F4677604D
:10E1C000D8F7C4FF0098102000020B3001B4D02013
:10E1D0003768385801B4FFF778F903B00120854952
:10E1E0006F467760DAF754FD01B40021049A6F4658
:10E1F0007760D8F7ABFF0098102000020B3001B415
:10E20000CC203768385801B4FFF75FF903B001201C
:10E2100079496F467760DAF73BFD01B40021049A33
:10E220006F467760D8F792FF009800F0B3FC01B01A
:10E23000012001B4049801B400F0E3FC02B0002016
:10E2400002B000BDECB101000000000051E202008C
:10E2500000B5E86840686F467760D9F74FFC6F46B5
:10E260007760D8F7B5FD6F467760D8F7D7FE01B471
:10E270006F467760D9F70AFC002802D0009801B0F9
:10E2800019E00098009801B0E868406801B4E868B7
:10E29000C06801B4019800990EF027FA02B06F46E9
:10E2A0007760D9F72BFC6F467760D8F791FD6F4602
:10E2B0007760D8F7B3FE6F467760D9F71FFC002868
:10E2C00000D011E0E868406801B4E868C06801B4B3
:10E2D000019800990EF009FA02B00346032001B438
:10E2E00008B401F048FB02B0002000BDECB1010011
:10E2F00000000000F9E2020000B5E86840686F46DF
:10E300007760D9F7FBFB6F467760D8F761FD6F4602
:10E310007760D8F783FE01B46F467760D9F7B6FB14
:10E32000002802D0009801B019E00098009801B0D0
:10E33000E868406801B4E868C06801B401980099D1
:10E340000EF0D3F902B06F467760D9F7D7FB6F466E
:10E350007760D8F73DFD6F467760D8F75FFE6F4670
:10E360007760D9F7CBFB002800D027E0E868406849
:10E3700001B4E868C06801B4019800990EF0B5F9DD
:10E3800002B00346012001B408B401F0F4FA02B06F
:10E39000E868406801B4E868C06801B40198009971
:10E3A0000EF0A3F902B00FF047FB006A01B40EF0C3
:10E3B000C5FB6F467760D7F76DFE01B0002000BD4A
:10E3C000ECB1010000000000CDE3020000B500F058
:10E3D0003BFD002000BD000044E20200ECE2020030
:10E3E000C0E30200FCE3020014E4020064E4020063
:10E3F000A0E402000CE5020060E50200ECB10100BF
:10E400000000000009E4020000B500F01DFD00203E
:10E4100000BD0000ECB101000000000021E402009A
:10E4200000B5E86801B4E868C06801B4E8688068CD
:10E4300001B464210EF0CCFB01B001B40198009945
:10E440000FF07EFC02B001B4012001B4F0F7C4F972
:10E4500002B001B406BC02B404B400F0D2FB02B0B6
:10E46000002000BDECB101000000000071E40200DA
:10E4700000B5E86801B4E868C06803210FF060FCEB
:10E4800001B4012001B4F0F7A7F902B001B406BC51
:10E4900002B404B400F0B5FB02B0002000BD0000DF
:10E4A000ECB1010000000000ADE4020000B5E86836
:10E4B00001B4E868406801B40EF06EFB0FF07AFD1D
:10E4C00001B003210FF03CFC01B4E868C06801B45E
:10E4D000E868806801B464210EF07AFB01B001B4F1
:10E4E000019800990FF01CFC02B001B406BC02B404
:10E4F00004B4F4F73FF902B001B406BC02B404B4AA
:10E5000000F07FFB02B0002000BD0000ECB1010074
:10E510000000000019E5020000B5E86801B4E868F1
:10E52000406801B40EF038FB0FF044FD01B0032148
:10E530000FF006FC01B4E868C06803210FF0F0FB9F
:10E5400001B406BC02B404B4F4F714F902B001B487
:10E5500006BC02B404B400F054FB02B0002000BDBD
:10E56000ECB10100000000006DE5020000B5E868B4
:10E5700001B400F05FF901B0E86801B400F012F8EE
:10E5800001B0002000BD0000012C0BDA00B50EF038
:10E5900099FB00F007F801B000BD774600980FF036
:10E5A0003DFABE4600B5019840686F467760D9F7DE
:10E5B000A5FA6F467760D8F70BFC6F467760D8F7FF
:10E5C0002DFD6F467760D9F799FA002800D020E139
:10E5D00084203768385801B484203768385801B42B
:10E5E0000EF0EDFA6F467760DCF742FF01B00FF0F6
:10E5F00024FC01B40398806801B465210EF0E8FAA8
:10E6000001B005210FF09CFB01B40EBC1F2001B42A
:10E6100002B404B4012001B4012001B408B4F5F738
:10E6200081FF06B084203768385801B402988068AA
:10E6300001B4D7210EF0CCFA01B001B40398806880
:10E6400001B4D6210EF0C4FA01B001B40EBC02B47C
:10E65000032001B4052001B404B408B4F5F7D4FBD9
:10E6600005B084203768385801B40298806801B436
:10E67000E5210EF0ADFA01B007210FF061FB01B406
:10E6800084203768385801B40EF099FA6F467760E5
:10E69000DCF7EEFE01B00FF0D0FB01B48420376848
:10E6A000385801B40EF08BFA6F467760DCF7E4FE61
:10E6B00001B00FF0C2FB01B40598806801B4E521F8
:10E6C0000EF086FA01B001B4019800990FF038FB02
:10E6D00002B00D210FF024FB01B41EBC1F2001B4B9
:10E6E00002B404B408B4012001B410B4F5F71AFF61
:10E6F00006B084203768385801B40298806801B4A5
:10E700000121090233310EF063FA01B001B403981C
:10E71000806801B4E5210EF05BFA01B001B48420F9
:10E720003768385801B40EF04AFA6F467760DCF764
:10E730009FFE01B00FF081FB01B40598806801B421
:10E740000121090233310EF043FA01B001B4032173
:10E750000FF02EFB01B001B4019800990FF0F0FA10
:10E7600002B001B40598806801B4E4210EF030FADB
:10E7700001B001B469210EF02BFA01B003210FF0B2
:10E78000CFFA01B40027032001B4019801B4029725
:10E79000039801B40497059801B40697079801B44B
:10E7A0000897099801B40A97F5F7BCFE0BB08420CE
:10E7B0003768385801B40298406801B40398C068BB
:10E7C00001B4019800990DF090FF02B001B4C72187
:10E7D0000EF0D2FA01B001B40398806801B4E521CB
:10E7E0000EF0F6F901B003210FF09AFA01B4049883
:10E7F000806801B4E4210EF0EBF901B001B41EBC55
:10E8000002B41F2001B404B408B410B4F5F7FCFA44
:10E8100005B0002000BD0000012C0BDA00B50EF0A1
:10E8200051FA00F007F801B000BD774600980FF0EC
:10E83000F5F8BE4600B5002001B401B401B46F463E
:10E840007760D7F717FC0FF0F8FA01B4012109023D
:10E85000F5316F467760D8F703FF01B000900120D3
:10E860000190019801B40598406801B40EF094F944
:10E870000FF0A0FB01B001B4019800990FF0E9FA84
:10E8800002B045D00498406801B4029801B40198E0
:10E8900000990DF02AFF02B001B4019801B4039869
:10E8A00001B40798806801B464210EF091F901B0B9
:10E8B00001B4019800996F467760D8F7E7FE02B07F
:10E8C00001B4CC496F467760D8F79EFE01B001B421
:10E8D000019800990FF034FA02B001B46F467760E6
:10E8E000DAF7C8FC01B001B4009905206F467760E3
:10E8F000D8F78AFE01B001B406BC02B404B400F03B
:10E90000A0F802B0019803210FF00AFA0190A8E7DD
:10E9100003F0D0FA0EF0B8F94068C06901B40721DD
:10E920000902D1316F467760D8F79AFE01B00290A4
:10E930000498806901B40598406901B40198009970
:10E940000FF087FA02B01BD0049801B401B401980B
:10E95000806901B4059801B4C9216F467760D8F782
:10E9600053FE01B00027029701B4019800990FF0FF
:10E97000D7F902B001B401980099816103B028E091
:10E980000498806901B40598406901B40198009920
:10E990000FF073FA02B01BD0049801B401B40198CF
:10E9A000806901B4059801B4C9216F467760D8F732
:10E9B0002BFE01B00027029701B4019800990FF0D7
:10E9C000BFF902B001B401980099816103B000E081
:10E9D0002AE00498806901B40598406901B401985F
:10E9E00000990FF0ADF902B001B4F0F767FC01B087
:10E9F00005210FF02EFA08D0049801B4059840695B
:10EA000001B401980099816102B003F053FA0EF04D
:10EA10003BF9006A01B40598806901B406BC02B4F0
:10EA200004B4FBF70AFA02B0002003B000BD0000F6
:10EA3000022C0BDA00B50EF04FF900F007F802B027
:10EA400000BD774600980EF0F7FFBE4600B501986E
:10EA5000406801B40298C06803990FF061F901B4ED
:10EA600006BC02B404B400F066F802B001988068F5
:10EA700001B40298406801B4F2F7EDFA01B001B4B4
:10EA800006BC02B404B400F00CF802B0002000BDD3
:10EA9000022C0BDA00B50EF01FF900F007F802B0F7
:10EAA00000BD774600980EF02EF9BE4600B50198DD
:10EAB00001B4039801B4039801B400F025F801B043
:10EAC00001B405216F467760D8F7CAFD01B001B4E3
:10EAD000019800990FF034F902B001B406BC02B4F9
:10EAE00004B400F02DF802B0002000BD012C0BDAB8
:10EAF00000B50EF0E7F800F007F801B000BD77466A
:10EB000000980EF000F9BE4600B50198806B01B484
:10EB10000221090201316F467760D8F7A1FD01B0EB
:10EB200000BD0000022C0BDA00B50EF0D5F800F0A5
:10EB300007F802B000BD774600980EF0E4F8BE4634
:10EB400000B5002001B403F0B5F90EF09DF8C069DE
:10EB50000090009801B4039801B4059801B402F044
:10EB6000C5FF01B001B40598006901B4019802BC69
:10EB700001B00FF0E5F801B40EBC02B4012001B4FD
:10EB800004B408B42C210EF083FB04B0002001B0C3
:10EB900000BD000000B5002001B4F9F705FE01B08A
:10EBA00001986F467760D8F7A9FF6F467760D8F76E
:10EBB0000FF96F467760D8F731FA6F467760D8F76C
:10EBC0009DFF002800D008E0002001B4029801B4A5
:10EBD000A12001B4FEF73CF903B0002000BD000005
:10EBE000022C0EDA00B50EF077F800F00AF802B049
:10EBF00000BD0000A43C0400774600980EF00EFF14
:10EC0000BE4600B5019840686F467760D8F776FF3A
:10EC10006F467760D8F7DCF86F467760D8F7FEF973
:10EC20006F467760D8F76AFF002800D05EE0019851
:10EC3000406801B40298C06801B4019800990DF0D1
:10EC400054FD02B06F467760D8F758FF002811D006
:10EC50000198406801B40298C06801B40198009915
:10EC60000DF043FD02B00346052001B408B400F0E6
:10EC700082FE02B001980299C1600198406801B417
:10EC80000298C06801B4019800990DF02EFD02B001
:10EC90006F467760D8F732FF002822D0942037687B
:10ECA000385801B424210EF00FFE01B06F46776092
:10ECB000D8F724FF002801D0032000E0012001B490
:10ECC0000298406801B40398C06801B401980099A3
:10ECD0000DF00BFD02B00346009808B400F04BFEA7
:10ECE00002B0019801B400F011F801B0002000BD9D
:10ECF000012C0BDA00B50DF0E5FF00F007F801B0CC
:10ED000000BD774600980EF089FEBE4600B5002093
:10ED100001B40298C06801B40398806801B464210A
:10ED20000DF056FF01B001B40DF0BCFF6F467760E7
:10ED3000D8F786F902B00FF080F80090009801B47F
:10ED40000398006901B4019800996F467760D8F77D
:10ED5000BFFD02B001B46F467760D8F797FE002878
:10ED600002D0009801B011E00098009801B000981E
:10ED700003210EF0E5FF01B40398006901B4019886
:10ED800000996F467760D8F7A3FD02B06F467760B1
:10ED9000D8F7B4FE002800D04CE0009801B40398E6
:10EDA000006901B4019800990FF067F802B00DD026
:10EDB000029801B401B40198006903210EF0B0FF7C
:10EDC00001B401980099016103B00CE0029801B40C
:10EDD00001B40198006903210EF0B2FF01B401985B
:10EDE0000099016103B0029801B40398006901B46D
:10EDF0000498806801B462210DF0EAFE01B001B40C
:10EE00000598806801B463210DF0E2FE01B001B401
:10EE1000019800990EF084FF02B001B401980099A6
:10EE20006F467760D8F7F0FB02B001B40198009903
:10EE3000416102B0002001B000BD0000ECB1010052
:10EE40000000000049EE020000B52920C00037682C
:10EE500038586F467760D8F751FE002813D0292024
:10EE6000C0003768385801B400F019F801B000202C
:10EE70002921C90037687850422001B400F098FE7B
:10EE800001B0F7F77DFF002000BD0000012C0BDA78
:10EE900000B50DF017FF00F007F801B000BD774690
:10EEA00000980EF0BBFDBE4600B5019840686F4665
:10EEB0007760D8F723FE00280BD0019840680346FE
:10EEC000C94801B408B4F0F7DFFF02B0019800218F
:10EED0004160002000BD0000ECB101000000000016
:10EEE000E5EE0200012C06DA00B50DF0EBFE00F0B5
:10EEF00002F801B000BD00B5019801B400F00DF8B2
:10EF000001B0002000BD0000012C0BDA00B50DF0AF
:10EF1000D9FE00F007F801B000BD774600980EF06A
:10EF20008BFDBE4600B5019840686F467760D8F704
:10EF3000E5FD00281BD0019840680346002001B47D
:10EF4000002001B408B400F01EF803B001988068F6
:10EF50000346002001B4002001B408B400F013F807
:10EF600003B00198002141600198002181600020D8
:10EF700000BD0000032C0BDA00B50DF0B6FE00F06A
:10EF800007F803B000BD774600980DF0BCFEBE4602
:10EF900000B50198C06F05210EF0E2FE6F46776064
:10EFA000D8F7ACFD002800D024E0019801B401B4EA
:10EFB0000198C06F05210EF0E0FE01B401980099A0
:10EFC000C16703B002986F467760D8F797FD0028B5
:10EFD0000BD0002001B4049801B4039801B4059843
:10EFE00001B400F036F904B004E0019801B400F077
:10EFF00011F801B0002000BD012C0BDA00B50DF0B6
:10F0000061FE00F007F801B000BD774600980DF0F2
:10F010007AFEBE4600B5002001B4029801B401B4E6
:10F020000198C06F05210EF0A8FE01B40198009967
:10F03000C16703B002F03EFF009000980DF024FE7F
:10F04000006901B4039801B40DF040FE6F4677608B
:10F05000D8F70EFD02B06F467760D7F7DFFF029852
:10F06000406C01B401216F467760D8F7D5FD01B03F
:10F0700001B46F467760D8F709FD002802D10098E7
:10F0800001B00FE00098009801B000980DF0FCFD71
:10F09000806901B40398406C01B40DF0DAFE0DF004
:10F0A00095FB02B06F467760D8F728FD002813D093
:10F0B00000980DF0E9FD806901B40398406C01B43B
:10F0C0000DF0C7FE0DF082FB02B00346029801B4BA
:10F0D00008B4F2F7B8FA02B000980DF0D5FDC06997
:10F0E0000346029801B408B428210EF0D1F802B00A
:10F0F00002988023C0586F467760D8F7FFFC00283D
:10F1000005D0029801B48B210DF036FE01B001202C
:10F1100036496F467760D9F7BBFD01B40021039AE9
:10F120006F467760D8F712F8012031496F46776053
:10F13000D9F7AEFD01B40021049A6F467760D8F785
:10F1400005F802980DF0A0FD806A0346019801B40D
:10F1500008B4F2F78FF802B000270197034601BC0C
:10F1600001B001B408B4F0F78FFE02B0002001B086
:10F1700000BD0000ECB101000000000081F10200C0
:10F18000012C06DA00B50DF09DFD00F002F801B08B
:10F1900000BD00B501980EF09DF8406801B4E86824
:10F1A000406C01B4019800996F467760D8F738FC3D
:10F1B00002B000BDECB1010000000000C1F102008E
:10F1C000012C06DA00B50DF07DFD00F002F801B06B
:10F1D00000BD00B5E86801B4029801B4CC210EF07E
:10F1E00085F802B006E00000D8EE020074F10200DB
:10F1F000B4F10200002000BD022C0BDA00B50DF0C6
:10F200006BFD00F007F802B000BD774600980EF0E5
:10F2100051F8BE4600B5002000BD0000012C0BDAFD
:10F2200000B50DF04FFD00F007F801B000BD7746C6
:10F2300000980DF068FDBE4600B50198406C00BD19
:10F24000042C0BDA00B50EF002F800F007F804B059
:10F2500000BD774600980DF058FFBE4600B542202D
:10F2600001B438200002013001B4049801B4EEF773
:10F2700044FE03B0019801B4039801B4069801B4A8
:10F2800005980DF040FDC06F0421090201310EF018
:10F2900067FD6F467760D8F731FC6F467760D7F728
:10F2A00097FD6F467760D7F7B9FE6F467760D8F75E
:10F2B00025FC6F467760D7F78BFD6F467760D7F7F1
:10F2C000ADFE01B41EBC02B4062001B404B408B4FF
:10F2D00010B400F09FFA05B003986F467760D8F736
:10F2E0000DFC002801D0039806E00198C06801B425
:10F2F00005210EF087FD01B001B4039802BC0DF0AA
:10F3000002FD8165029801B40B204001376838582E
:10F3100001B400F0FEF902B0002000BDECB1010024
:10F320000000000029F30200022C06DA00B50DF0FF
:10F33000D3FC00F002F802B000BD00B5002001B41B
:10F3400001B401B401B401B4069801B40DF037FC66
:10F350006F467760DCF78CF801B00EF06EFD01B4FB
:10F36000079801B40DF02BFC6F467760DCF784F84A
:10F3700001B00EF062FD01B4019800996F4677600C
:10F38000D8F742F902B001B40B210EF03BFD01B0F9
:10F390000090009801210EF070FD56D0079801B43E
:10F3A000079801B40DF00BFC6F467760DCF760F84E
:10F3B00001B00EF042FD01B406BC02B4012001B45C
:10F3C00004B400F01CF903B00190079801B4079849
:10F3D00001B40DF0F4FB6F467760DCF74DF801B037
:10F3E0000EF02BFD01B406BC02B4012001B404B43C
:10F3F00000F005F903B00290072001B4032001B426
:10F40000099801B400F0FBF803B00390072001B4A1
:10F41000032001B4099801B400F0F1F803B004909E
:10F42000012001B4059801B4059801B4059801B410
:10F43000059801B40B9801B400F00AF806B00098E2
:10F4400003210EF07DFC0090A3E7002005B000BD75
:10F4500000B5049801B401216F467760D8F7E0FA4F
:10F4600001B001B46F467760D8F710FB002802D0D6
:10F47000009801B00AE00098009801B0059801B426
:10F4800001216F467760D8F7CBFA01B06F467760FD
:10F49000D8F734FB002800D087E0049803210EF051
:10F4A0004FFC0490059803210EF04AFC059001984A
:10F4B00001B4039801B4059801B4059807990EF0BA
:10F4C0002FFC01B41EBC069801B4049801B402B428
:10F4D00004B408B410B400F06BF806B0019801B49D
:10F4E000039801B4059801B4059801B407980999E7
:10F4F0000EF016FC01B400270B9801B4019801B47A
:10F500000297039801B40497059801B406970798E9
:10F5100001B40897099801B40A9700F049F80BB0B4
:10F52000019801B4039805990EF0FAFB01B405980F
:10F5300007990EF0F5FB01B4059807990EF0F0FB62
:10F5400001B41EBC069801B4049801B402B404B41A
:10F5500008B410B400F02CF806B0019801B4039878
:10F5600005990EF0DDFB01B4059807990EF0D8FB64
:10F5700001B4059801B4079809990EF0D1FB01B4C4
:10F5800000270B9801B4019801B40297039801B4C5
:10F590000497059801B40697079801B4089709984D
:10F5A00001B40A9700F004F80BB0002000BD000081
:10F5B00000B5019801B4049801B4049801B4F4F7BB
:10F5C000CFFF02B001B4079801B4079801B4F4F773
:10F5D000C7FF02B001B4099801B40EF035F86F46C8
:10F5E0007760DCF759FC04B0002000BD032C0BDA77
:10F5F00000B50DF07AFB00F007F803B000BD7746C8
:10F6000000980EF0EFF9BE4600B5039802990EF08F
:10F6100034FC15D0019801B400F028F801B001B411
:10F62000049803990EF08CFB03210EF079FB01B4D2
:10F63000019800996F467760D8F728F802B000E08B
:10F64000012001B4039802BC0EF06AFB00BD00006B
:10F65000012C0BDA00B50DF035FB00F007F801B016
:10F6600000BD774600980EF0BDF9BE4600B5019882
:10F6700001B40298406801B403210EF0C3FB01B04D
:10F6800001B40398406803210EF06AFB0146012093
:10F690000EF056FBBF490EF063FB01B401980099D0
:10F6A0000EF078FB02B001B401B4029800994160F9
:10F6B00001B00027019701BC01B000BD774600985A
:10F6C0000EF0C8F9BE4600B5019803998160B248B2
:10F6D0006F467760D9F70EFB01B4002001B40198A2
:10F6E00001B4FEF769F902B0029802BCC16001984A
:10F6F00002994160019800210161002000BD0000D5
:10F70000022C0BDA00B50DF0E7FA00F007F802B0B2
:10F7100000BD774600980EF09DF9BE4600B500206A
:10F7200001B403986F467760D8F7E8F96F467760C1
:10F73000D7F74EFB6F467760D7F770FC01B46F4682
:10F740007760D8F7A3F9002802D0009801B010E044
:10F750000098009801B00398C06D6F467760D8F7A5
:10F76000CDF96F467760D7F733FB6F467760D7F7F1
:10F7700055FC6F467760D8F7C1F9002800D018E033
:10F780000398C06D01B40DF01AFA6F467760DCF78C
:10F7900091F901B00090009801B4039801B400F011
:10F7A00019F802B0009801B4049801B4F2F781F896
:10F7B00002B0002001B000BD022C0BDA00B50DF044
:10F7C0008BFA00F007F802B000BD774600980EF003
:10F7D00041F9BE4600B5019801B4039801B40398FD
:10F7E000C06801B40EBC02B404B408B4A6210DF084
:10F7F0009CFC03B0002000BD052C0BDA00B50DF019
:10F8000061FB00F007F805B000BD774600980DF0E9
:10F810007CFCBE4600B5002001B4029840686F46EB
:10F820007760D8F76BF96F467760D7F7D1FA6F46F4
:10F830007760D7F7F3FB6F467760D8F75FF900285A
:10F8400000D04EE005986F467760D8F757F900284A
:10F8500001D0059801E00298806801B4049801B4D1
:10F86000049801B4012109029D310DF05EFC03B042
:10F870000090009801B407986F467760D8F73EF97A
:10F880006F467760D7F7A4FA6F467760D7F7C6FB65
:10F890006F467760D8F732F96F467760D7F798FAF6
:10F8A0006F467760D7F7BAFB01B406BC02B404B464
:10F8B00000F023F802B004986F467760D8F71EF97D
:10F8C00000280ED0049801210EF0D7FA01D0049838
:10F8D00001E00298C06801B4019802BC0DF025FB5C
:10F8E0008161002001B000BD022C0BDA00B50DF0E3
:10F8F000F3F900F007F802B000BD774600980DF06C
:10F9000014FBBE4600B502986F467760D8F7F6F84C
:10F9100000280DD0019801B401B40198C0690921F3
:10F920000EF02BFA01B401980099C16103B017E001
:10F93000019801B40298C06901B46F467760D7F7A7
:10F94000D7FD01B009210EF018FA01B46F467760B7
:10F95000D7F7CEFD01B001B401980099C16102B0A2
:10F96000002000BD022C0BDA00B50DF0B5F900F057
:10F9700007F802B000BD774600980EF05DF8BE466D
:10F9800000B50198006902990EF0C7FA06D00DE0A3
:10F9900004E0000001680100FCE303000198029903
:10F9A0000161019801B400F011F801B0002000BD20
:10F9B000012C0BDA00B50DF085F900F007F801B065
:10F9C00000BD774600980EF037F8BE4600B50198A6
:10F9D00040696F467760D8F791F86F467760D7F740
:10F9E000F7F96F467760D7F719FB6F467760D8F75E
:10F9F00085F8002800D072E00198006901B4014642
:10FA000005200EF0C6FA002801D001B011E0012057
:10FA100000990EF0BEFA002801D001B01BE00320CF
:10FA200000990EF0B6FA002801D001B026E001BC22
:10FA300035E00198406801B40298406901B44F2153
:10FA40000DF0C6F801B001B406BC02B404B4F1F77D
:10FA500030FF02B023E00198406801B40298406989
:10FA600001B42F21C9000DF0B3F801B001B406BCF8
:10FA700002B404B4F1F71DFF02B010E00198406831
:10FA800001B40298406901B43F210DF0A1F801B022
:10FA900001B406BC02B404B4F1F70BFF02B0019844
:10FAA000806801B40298406801B4F1F716FB01B018
:10FAB00001B406BC02B404B400F01DF802B0019811
:10FAC000806801B40298406801B4F1F7C4FA01B04B
:10FAD00001B406BC02B404B4FEF7E3FF02B0002098
:10FAE00000BD0000022C0BDA00B50DF0F5F800F0B7
:10FAF00007F802B000BD774600980DF004F9BE4645
:10FB000000B5019801B4039801B4039801B4FAF761
:10FB1000BBFA01B001B405216F467760D7F7A0FDAD
:10FB200001B001B4019800990EF00AF902B001B4D5
:10FB300006BC02B404B400F011F802B0002000BD0D
:10FB4000022C0BDA00B50DF0C7F800F007F802B090
:10FB500000BD774600980DF0D6F8BE4600B50020EF
:10FB600001B402F0A7F90DF08FF8C0690090009879
:10FB700001B4039801B4059801B401F0B7FF01B0D6
:10FB800001B40598C06801B4019802BC01B00EF040
:10FB9000D7F801B40EBC012001B402B404B408B417
:10FBA0002C210DF075FB04B0002001B000BD000059
:10FBB00000B501985521890037687850002000BDB4
:10FBC000032C0BDA00B50DF090F800F007F803B045
:10FBD00000BD774600980DF02FFFBE4600B5019896
:10FBE0000399C160019840680346029801B408B4C3
:10FBF000FFF7AFFF02B0019840680346039801B4D5
:10FC000008B4FEF798FF02B00198806801B402982A
:10FC1000406801B4F1F761FA01B001B406BC02B466
:10FC200004B4FFF768FF02B00198806801B402983D
:10FC3000406801B4F1F70FFA01B001B406BC02B498
:10FC400004B4FEF72EFF02B0002000BD022C0BDA38
:10FC500000B50DF041F800F007F802B000BD77469E
:10FC600000980DF0E9FEBE4600B501980299416189
:10FC7000019801B4FFF7AAFE01B0002000BD00000A
:10FC8000012C0BDA00B50DF01DF800F007F801B0FB
:10FC900000BD774600980DF0CFFEBE4600B5019836
:10FCA00040696F467760D7F729FF002807D0019891
:10FCB000406901B44F210CF08BFF01B001E03768BF
:10FCC000F86C01B4029801B4002001B4029801B4A8
:10FCD000F1F73AFA02B00027019701B401980099B0
:10FCE000416003B0019840680346032001B408B4A2
:10FCF00001210902E3310DF0B0F902B0019801B41D
:10FD0000029880690346002001B408B4F1F71CFA98
:10FD100002B001B401980099816002B00198806836
:10FD20000346052001B408B401210902E3310DF0B6
:10FD300094F902B0019805210161002000BD000086
:10FD4000ECB10100000000004DFD020000B50020F4
:10FD500001B46F467760D7F777F90090CA486F46CD
:10FD60007760D8F7C7FF01B4C84801B4C84801B4E8
:10FD70003768786E01B4039801B401F055F904B006
:10FD8000019801B4019801B40CF0A0FF6F467760B0
:10FD9000D7F76AF903B0BC486F467760D8F7AAFF77
:10FDA00001B4BC4801B4BC4801B43768B86D01B4B3
:10FDB000039801B401F038F904B0019801B4019836
:10FDC00001B40CF083FF6F467760D7F74DF903B0AD
:10FDD0006F467760DFF702FD0EF02FF86F46776011
:10FDE000D7F78CFE002839D0A7486F467760D8F740
:10FDF00081FF01B4A94801B4A94801B43768F86D7E
:10FE000001B4039801B401F00FF904B0019801B4F2
:10FE1000019801B40CF05AFF6F467760D7F724F9C8
:10FE200003B099486F467760D8F764FF01B49D48E6
:10FE300001B49D4801B43768386F01B4039801B428
:10FE400001F0F2F804B0019801B4019801B40CF08B
:10FE50003DFF6F467760D7F707F903B08A486F46D2
:10FE60007760D8F747FF01B4904801B4904801B4D7
:10FE70003768786F01B4039801B401F0D5F804B085
:10FE8000019801B4019801B40CF020FF6F4677602F
:10FE9000D7F7EAF803B07C486F467760D8F72AFFB7
:10FEA00001B4844801B4844801B43768F86E01B4E1
:10FEB000039801B401F0B8F804B0019801B40198B6
:10FEC00001B40CF003FF6F467760D7F7CDF803B0AD
:10FED0006D486F467760D8F70DFF01B4774801B4DD
:10FEE000774801B43768B86E01B4039801B401F0E3
:10FEF0009BF804B0019801B4019801B40CF0E6FE3F
:10FF00006F467760D7F7B0F803B0592080003768A4
:10FF100038586F467760D7F7F1FD00280AD059208E
:10FF200080003768385801B4019801B400F004F932
:10FF300002B0009054486F467760D8F7DBFE01B4FA
:10FF4000604801B4604801B43768386E01B4039862
:10FF500001B401F069F804B0019801B4019801B44A
:10FF60000CF0B4FE6F467760D7F77EF803B00098C8
:10FF700001B000BDECB101000000000081FF0200F3
:10FF800000B501F02DF801B40CF050FF4F486F465A
:10FF90007760D6F7A9FD01B001B40CF062FF4C49BF
:10FFA0006F467760D6F7A0FD01B000BDECB101004F
:10FFB00000000000B9FF020000B501F011F801B423
:10FFC0000CF034FF43486F467760D6F78DFD01B0E3
:10FFD00001B40CF046FF3E496F467760D6F784FDCA
:10FFE00001B000BDECB1010000000000F1FF020013
:10FFF00000B55B2080003768385801B40CF016FF5C
:020000040003F7
:1000000035486F467760D6F76FFD01B001B40CF04C
:1000100028FF2F496F467760D6F766FD01B000BD17
:10002000ECB10100000000002D00030000B55B20D2
:1000300080003768385801B40CF0F8FE27486F4646
:100040007760D6F751FD01B001B40CF00AFF2049EA
:100050006F467760D6F748FD01B000BDECB10100F6
:10006000000000006900030000B52320C0003768CD
:1000700038586F467760D7F741FD002801D01848FF
:1000800000E0184800BD0000D8040400800F030001
:1000900074FF0200A40A0300ACFF02007C0A030004
:1000A000E4FF0200E4090300200003003809030014
:1000B0005C00030060020300E80003004402030048
:1000C000100103003CEE020024010300783B040011
:1000D000A43904008C3B0400A03B0400B83B04009E
:1000E000D03B0400E43B0400ECB101000000000040
:1000F000F500030000B500F001FC6F467760D7F70C
:10010000FDFC002801D0C34800E0C34800BD00004A
:10011000ECB10100000000001D01030000B5BF4864
:1001200000BD0000ECB1010000000000310103003F
:1001300000B5BB4800BD000000B5002001B401B40B
:1001400001B401B401B401B401B46F467760D6F7CD
:100150007BFF0090002001900898029001200390FE
:10016000039801B403986F467760D6F777FF0DF0D8
:1001700064FE01B4019800996F467760D7F716FDC9
:1001800002B000281ED0029801B404980DF04BFE76
:1001900001B4019800996F467760D6F76FFF02B0FF
:1001A0000190009801B4029801B40CF08FFD6F46E5
:1001B0007760D6F759FF02B0039803210DF0B0FD28
:1001C0000390CDE70020029000200490099805904C
:1001D00001200690069801B406986F467760D6F71E
:1001E0003DFF0DF02AFE01B4019800996F4677603B
:1001F000D7F7DCFC02B000281ED0059801B40798A0
:100200000DF011FE01B4019800996F467760D6F7A2
:1002100035FF02B00490009801B4059801B40CF0C9
:1002200055FD6F467760D6F71FFF02B00698032191
:100230000DF076FD0690CDE700200590009807B000
:1002400000BD0000ECB101000000000051020300FD
:1002500000B56F467760D9F769FF002000BD000048
:10026000ECB10100000000006D02030000B500F0D9
:1002700045FB6F467760D7F741FC002807D0002088
:1002800001B40A2001B400F0F5FA02B00BE000203E
:1002900001B4422001B400F0EDFA02B0614801B4AB
:1002A00000F004F801B0002000BD000000B5019886
:1002B00001B4032001B400F003F802B0002000BD37
:1002C00000B5002001B401B403982D21C90037689E
:1002D00079580DF0BEFD00D043E0292001B4059807
:1002E00001B400F041F802B00090009801B40CF0A5
:1002F000B8FD4D496F467760D6F7F6FB01B0009028
:1003000001200190019801B42B20C00037683858B3
:1003100001B40CF041FC0DF04DFE01B001B40198A8
:1003200000990DF096FD02B01BD02B20C00037685D
:10033000385801B4029801B4019800990CF0D5F92D
:1003400002B0034608B4019801B4059801B40298BC
:100350000CF01EFE03B0019803210DF0E1FC0190AA
:10036000D0E7002002B000BD00B5002001B401B408
:1003700001B401B4059801B46F467760D7F7ECFC7F
:1003800001B02A490DF0B5FD02D0059825E123E121
:10039000059801B46F467760D7F7DEFC01B02449B9
:1003A0000DF0A7FD0FD06F467760D6F761FB01B463
:1003B000069801B40CF04DFD6F467760D6F794FBBC
:1003C00002B00AE108E1059801B46F467760D8F7FA
:1003D000BFFE01B06F467760D6F720FE6F467760AC
:1003E000D7F78CFB00284FD005980090009801B4F7
:1003F0000CF0D2FB0DF0DEFD01B006990DF051FDC1
:100400001AD00C4801B4019801B400F05FF902B0B1
:10041000E3E038E0F83B04000C3C0400203C04001E
:100420002C3C0400683B0400B4360400A4360400ED
:10043000B42804009C3604006F467760D6F718FB9A
:1004400001B4079801B4012001B4039801B4EFF797
:10045000ADFC03B00346C54801B408B400F036F95A
:1004600002B001B40CF0F5FC6F467760D6F73CFBA8
:1004700002B001B40CF0F5FCBD496F467760D6F7C9
:1004800033FB01B0A9E0A7E0059801B46F4677609F
:10049000D6F7EEFA01B40CF074FD6F467760D6F72C
:1004A00023FB02B00190019801B4B2496F46776016
:1004B000D7F7BEFA01B001B46F467760D7F7E6FA16
:1004C000002802D1009801B00AE00098009801B01D
:1004D000019801B4A8496F467760D7F7A9FA01B02F
:1004E0006F467760D7F70AFB002801D0019874E0C7
:1004F000059801B46F467760D8F740FE01B00290CE
:10050000029801B40CF048FB0DF054FD01B001B4A9
:10051000079801B4019800996F467760D7F78CFB74
:1005200002B0039003986F467760D7F7E7FA002888
:1005300009D0069801B4012001B4049801B4EFF782
:1005400035FC03B0029001208C496F467760D8F7E4
:100550009FFB01B40021069A6F467760D6F7F6FD3F
:1005600004986F467760D7F7C9FA002801D084480D
:1005700003E06F467760D6F77BFA01B4049801B4C4
:100580006F467760D6F774FA01B406BC02B40298DD
:1005900001B404B400F064F803B00027019701B47B
:1005A000019801B40CF049FC6F467760D6F79CFACD
:1005B00004B001B40CF03AFC72486F467760D6F78D
:1005C00093FA01B001B40CF04CFC6F496F467760B0
:1005D000D6F78AFA01B000E0002004B000BD0000A8
:1005E000ECB1010000000000ED050300022C06DA6A
:1005F00000B50CF071FB00F002F802B000BD00B5D0
:10060000019801B4039801B40CF010FC5F486F46E8
:100610007760D6F769FA01B001B40CF022FC5C49AE
:100620006F467760D6F760FA01B001B4E86801B4AC
:10063000059801B40CF00DFC0CF0C8F802B001B440
:100640000CF0FBFB6F467760D6F74EFA02B001B4B0
:100650000CF0F3FB6F467760D6F746FA02B000BDA8
:1006600000B5002001B401B4039801B40CF094FA71
:100670000DF0A0FC01B000900120019001980099BC
:100680000DF0E7FB1ED0049801B4069801B405985C
:1006900001B4049801B4019800990CF026F802B056
:1006A00001B40EBC08B4029801B402B404B40398B7
:1006B0000DF0DEF904B00590019803210DF030FB38
:1006C0000190DBE7059802B000BD000000B50020F6
:1006D00001B401B401B4059801B400216F467760FC
:1006E000D7F7F6F801B001B46F467760D7F7CEF9C7
:1006F000002802D0009801B00AE00098009801B0EC
:10070000059801B406216F467760D7F7E1F801B08C
:100710006F467760D7F7F2F9002801D013480590AB
:100720006F467760D6F7A4F90090049801B40CF0F6
:1007300033FA0DF03FFC01B00190012002900298C5
:1007400001990DF086FB00D191E0029801B40121DE
:100750006F467760D7F770FA01B001B46F467760E3
:10076000D7F794F9002815D017E000009C36040054
:10077000BC360400C8360400E0360400E00503007F
:1007800010370400F036040020370400F836040067
:1007900004370400009801B003E00098009801B00D
:1007A00005986F467760D7F7A9F900280BD0009815
:1007B00001B4069801B40CF040FB6F467760D6F7A1
:1007C00093F902B00090049801B4039801B4019821
:1007D00000990BF08AFF02B001B400216F467760E8
:1007E000D7F776F801B001B46F467760D7F74EF9C6
:1007F000002802D0009801B012E00098009801B0E3
:10080000049801B4039801B4019800990BF06DFFAE
:1008100002B001B406216F467760D7F759F801B0EE
:100820006F467760D7F76AF9002804D06F46776083
:10083000D6F71EF908E0049801B4039801B40198B2
:1008400000990BF052FF02B001B4019801B4019875
:1008500001B40CF0F2FA6F467760D6F745F903B0B1
:100860000090029803210DF05BFA029067E7009870
:1008700003B000BD00B5019801B44F208000376877
:1008800038586F467760D7F739F96F467760D6F7F3
:100890009FFA6F467760D6F7C1FB6F467760D7F750
:1008A0002DF96F467760D6F793FA6F467760D6F7E3
:1008B000B5FB01B4019800990DF043FB02B010D0D4
:1008C00001986F467760D7F719F9002804D06F4672
:1008D0007760D6F7B9FB00E000204F218900376828
:1008E0007850029800210DF040FB04D0029851216D
:1008F000890037687850002000BD000000B54F2007
:100900008000376838586F467760D7F7F7F86F463A
:100910007760D6F75DFA6F467760D6F77FFB6F4654
:100920007760D7F7EBF86F467760D6F751FA6F46E6
:100930007760D6F773FB00BDECB10100000000004A
:100940004509030000B52320C000376838586F46BA
:100950007760D7F7D3F86F467760D6F739FA6F46E6
:100960007760D6F75BFB2321C900376878502320D6
:10097000C000376838586F467760D7F7BFF86F46C2
:100980007760D6F725FA6F467760D6F747FB01B454
:100990006F467760D7F77AF8002802D1009801B047
:1009A00006E00098009801B047208000376838586A
:1009B0006F467760D7F7A2F8002810D04720800054
:1009C0003768385801B46F467760D6F751F801B4EC
:1009D00006BC04B402B401980CF068FD02B000201B
:1009E00000BD0000ECB1010000000000F1090300AF
:1009F00000B55B208000376838580B210DF090F966
:100A000001B400F003F801B0002000BD00B501986A
:100A100001B484203768385801B400F00DF802B0F2
:100A20005B2080003768385801B4CC4801B4F6F731
:100A300011FD02B0002000BD00B5029801210DF0AB
:100A40009CF901B4C92001B4152001B4F3F7B6FD37
:100A500003B0029002985B218900376878505B20D0
:100A600080003768385801B40CF06DF86F46776035
:100A7000DEF7C6FE01B0002000BD0000ECB10100B1
:100A800000000000890A030000B55B208000376881
:100A900038580B210DF054F901B4FFF7B7FF01B03E
:100AA000002000BDECB1010000000000B10A03000D
:100AB00000B5002001B401B401B400F091FA009037
:100AC000009801B441216F467760D6F7DFFD01B091
:100AD0000190009841210DF023F901990DF030F9B2
:100AE0000290029801B400F005F801B0002003B0B4
:100AF00000BD000000B5019801B400F019FA01B082
:100B000003200002E93001B403200002713001B477
:100B100000F00AF802B0019801B4914801B4F6F768
:100B200099FC02B0002000BD00B5002001B46F4662
:100B30007760D6F701FB01B401B405996F46776081
:100B4000D6F7F8FA01B001BC039003986F467760BE
:100B5000D6F7EEFA01210DF0CCF905D003988149C2
:100B60006F467760D6F7E6FA03986F467760D6F758
:100B7000DFFA0F210902A1310DF093F919D0029883
:100B800001B404986F467760D6F7D2FA01B406BC78
:100B900002B404B4012001B400F0E8F803B00398F3
:100BA0006F467760D6F7C4FA01B401F0DBFA01B002
:100BB00030E0172000013768385803210DF0B0F8F5
:100BC00001B4172109013768785001BC0090032057
:100BD00065496F467760D8F75BF801B40021019A48
:100BE0006F467760D6F7B2FA00980121049A6F46F3
:100BF0007760D6F7ABFA00980221039A6F467760C8
:100C0000D6F7A4FA00980BF099FF6F467760D5F7F6
:100C100041FA01B0002001B000BD0000ECB10100BC
:100C200000000000290C030000B5002001B401B44D
:100C300001B401B46F467760D5F71CFA0DF0FDF8EA
:100C40000090E86801B4172000013768385801B4F3
:100C5000019800996F467760D6F7E2FE02B001B4C2
:100C60006F467760D6F712FF002802D1009801B0D6
:100C70000EE00098009801B028696F467760D6F7BB
:100C800057FA01B401216F467760D6F7D5FF01B05E
:100C90006F467760D6F732FF00285CD06F467760EA
:100CA000D5F7E8F90DF0C9F80190009801990DF019
:100CB00047F8029028696F467760D6F739FA0346FD
:100CC00003200002E93001B408B4F1F753FD02B08B
:100CD0000390286901B428696F467760D6F728FA2F
:100CE00004990DF02DF801B4019800996F467760D2
:100CF000D6F720FA02B0009803990DF011F8009091
:100D0000029803210DF01CF80346039801B46869AA
:100D100001B408B400F02AF803B028696F46776080
:100D2000D6F706FA01210DF0E4F808D002980399ED
:100D30000CF0F6FF01B401F015FA01B00AE00298D8
:100D400003990CF0EDFFC9210CF0FAFF01B401F09A
:100D500009FA01B075E7002004B000BD543B04005F
:100D6000443B040001B84C0A1C0C030000B50020F1
:100D700001B40C206F467760D5F734F800900098E6
:100D800001B4059801B4059801B400F029F901B443
:100D90001EBC039801B402B404B4072001B40120BE
:100DA0000002FF3001B401200002FF3001B408B49A
:100DB000012001B410B400F00FF809B0029801B49A
:100DC000019801B40CF07EFE6F467760DAF738F8D0
:100DD00002B0002001B000BD00B5039801210DF064
:100DE0004CF800D195E0019801B4039801B408983B
:100DF00001B40CF074FE02216F467760D5F78CF8D1
:100E000003B0019801B4039803210CF089FF01B4E9
:100E10000CF0EEFB022101236F467760D5F77CF8DA
:100E200002B0019801B4039805210CF079FF01B4D8
:100E3000099801B40CF053FE04216F467760D5F792
:100E40006BF803B0019801B4039809210CF068FF16
:100E500001B4059801B40CF042FE04216F4677609E
:100E6000D5F75AF803B0019801B403980D210CF09E
:100E700057FF01B4069801B40B9801B4019800998A
:100E80006F467760D6F7C0FB02B001B40D210CF0BD
:100E9000B9FF01B001B40CF022FE04216F46776067
:100EA000D5F73AF803B0019801B4039811210CF07A
:100EB00037FF01B4079801B40B9801B40198009969
:100EC0006F467760D6F7A0FB02B001B40D210CF09D
:100ED00099FF01B001B40CF002FE04216F46776067
:100EE000D5F71AF803B0019801B4039815210CF056
:100EF00017FF01B40B9801B40CF0F1FD04216F460B
:100F00007760D5F709F803B0029819210CF008FFB3
:100F10000290019801B4039801B40CF069FB02211E
:100F200001236F467760D4F7F7FF02B0029800BD47
:100F300000B5019801210CF020FF01B4012000024E
:100F4000FF3001B4012001B4F3F738FB03B05D2199
:100F50008900376878505D20800037683858012153
:100F60000CF08BFF01D0032000E0012001B40BF056
:100F7000EAFD6F467760D9F7F5FE01B0002000BDAD
:100F8000ECB10100000000008D0F030000B500204F
:100F900001B401B401B400F023F80090009801B44A
:100FA00041216F467760D6F771FB01B0019001983F
:100FB0006F467760D6F7A2FD002801D0019800E0C7
:100FC000412001B4019802BC0CF0BAFE02900298D4
:100FD00001B4FFF78FFD01B0002003B000BD000099
:100FE00000B500F005F85D2080003768385800BD76
:100FF00000B55D2080003768385806210CF08DFF61
:1010000010D001205D218900376878503B20802175
:101010006F467760D6F74EF80CF00FFF01B4FFF77C
:1010200087FF01B0002000BD774600980CF004FD5A
:10103000BE4600B501980299816101980399C1618A
:10104000019804990162002000BD000077460098D5
:101050000CF0E4FCBE4600B501980299C16103980A
:1010600001B46F467760D6F711FD002802D00098D2
:1010700001B019E00098009801B03768F86C01B42D
:101080000BF09DFD6F467760DAF7F2F901B00CF0D6
:10109000D4FE0346002001B4002001B4072001B4AF
:1010A00008B400F011F804B001B4029802BC8160E9
:1010B00001980121016101980121816101980121BB
:1010C0004161002000BD000000B5002001B4842073
:1010D0003768385801B40BF072FD6F467760DAF765
:1010E000C7F901B00CF0A9FE01B4039804990CF003
:1010F00017FE01B40BF0D6FD6F467760D5F7A0FF61
:1011000002B00CF09AFE0090049801B46F4677602C
:10111000D6F7BCFC002802D0009801B005E000988A
:10112000009801B0F820376838580490059801B449
:101130006F467760D6F7AAFC002802D0009801B06D
:1011400007E00098009801B0049801B400F0E8F8B6
:1011500001B005906F467760D6F720F801B401B46E
:10116000059801B40198009A62216F467760D6F71E
:101170009DF802B0039801B4009A019863216F466C
:101180007760D6F793F801B0019801B4009A0198FE
:1011900064216F467760D6F789F801B084203768FC
:1011A000385801B40BF00BFD6F467760DAF760F941
:1011B00001B00CF042FE01B4029801B4059801B4EC
:1011C000019800996F467760D6F71EFA02B001B415
:1011D000039803210CF0B4FD01B4079801B4019801
:1011E00000996F467760D6F70FFA02B001B4019804
:1011F00000990CF095FD02B001B4019800990CF033
:101200009FFD02B001B403210CF0FCFD01B001B45C
:10121000009A01980121090233316F467760D6F7B1
:1012200045F801B0059801B4009A0198E4216F4691
:101230007760D6F73BF801B0069801B4009A0198A0
:10124000D6216F467760D6F731F801B0069801B421
:1012500069210BF0BDFC01B005210CF061FD049982
:101260000CF05EFD01B4009A019865216F4677602D
:10127000D6F71CF801B084203768385801B40BF059
:101280009EFC6F467760DAF7F7F801B00CF0D5FDF9
:1012900001B4069801B469210BF09AFC01B001B4C5
:1012A000019800990CF04CFD02B005210CF048FDAE
:1012B00001B4009A0198E5216F467760D5F7F6FFF3
:1012C00001B00098D721C54A6F467760D5F7EEFF89
:1012D0003768386D01B4009A01982F21C9006F4614
:1012E0007760D5F7E3FF01B03768786D01B4009AF5
:1012F00001983F216F467760D5F7D8FF01B0376876
:10130000F86C01B4009A01984F216F467760D5F7C9
:10131000CDFF01B0009801B401B001BC01B000BD27
:1013200000B5052001B4029801B400F003F802B042
:1013300000BD000000B5029801210CF01EFD0290D6
:10134000029805210CF085FD01D0019874E06F46EC
:101350007760D5F723FF01B401B4039801B46A2183
:101360000BF036FC01B001B4059801B40198009966
:101370006F467760D6F748F902B001B40198009A39
:101380006A216F467760D5F791FF02B0029801B4E9
:1013900069210BF01DFC01B001B4049801B401985F
:1013A00000996F467760D6F72FF902B001B4009A22
:1013B000019869216F467760D5F778FF01B00298F0
:1013C00001B485210BF004FC01B001B4009A01982E
:1013D00085216F467760D5F769FF01B0029801B4A7
:1013E0008F2149000BF0F4FB01B06F467760D6F710
:1013F00085FB002811D0039801B4039801B48F2114
:1014000049000BF0E5FB01B001B4019800996F466B
:101410007760D6F7F9F802B000E0039801B4009ABB
:1014200001988F2149006F467760D5F73FFF01B0E3
:10143000009801B401B001BC00BD000000B500205F
:1014400001B4674801B4F6F7C5FA01B000900098FE
:1014500000210CF08AFD08D0009801B48420376880
:10146000385801B4FFF7E8FA02B0002001B000BD1F
:1014700000B5002001B45B4801B4F6F7ABFA01B047
:101480000090009800210CF070FD04D0009801B489
:10149000FFF74EFD01B0002001B000BD7746009877
:1014A0000CF026F8BE4600B5019801B400F012F821
:1014B00001B0002000BD0000012C0BDA00B50BF0DC
:1014C00001FC00F007F801B000BD774600980CF071
:1014D0000FF8BE4600B501980121416001982F2107
:1014E000C90037687958816001985F2189003768A1
:1014F0007958C160019801B40320C0013768385899
:1015000001B400F03FF801B001B4019800994161C5
:1015100002B0019801B4612080003768385801B4E6
:1015200000F030F801B001B401980099016102B0F7
:1015300001980A21C16101980A21816101982A4913
:101540000162019829494162019829498162019803
:101550000A21C16201980A21016301980A214163AD
:1015600001980A218163002000BD000077460098A1
:101570000CF0C4FABE4600B5019802994160002003
:1015800000BD000000B51B486F467760D7F7B2FB7F
:1015900001B4029801B4019801B400F003F802B05C
:1015A00001BC00BD774600980CF0B6FABE4600B507
:1015B0000198029981600020002000BDECB101007B
:1015C00000000000C9150300022C15DA00B50BF06D
:1015D00083FB00F011F802B000BD0000383C0400AD
:1015E000543B0400443B0400E03A0400F03A040099
:1015F000083B0400C406040000B5002001B401B497
:1016000001B401B401B4069801B40BF0D8FA6F46E6
:101610007760D9F72DFF01B00CF00FFC01B40798EB
:1016200001B40BF0CCFA6F467760D9F725FF01B013
:101630000CF003FC01B4019800996F467760D5F770
:10164000E3FF02B001B40B210CF0DCFB01B0009011
:1016500001200190019800990CF0FBFB6DD00798D8
:1016600001B4079801B40BF0AAFA6F467760D9F776
:10167000FFFE01B00CF0E1FB03210CF061FB01B4B3
:1016800006BC02B4012001B404B4FDF7B8FF03B0F6
:101690000290079801B4079801B40BF090FA6F46D6
:1016A0007760D9F7E9FE01B00CF0C7FB07210CF019
:1016B00047FB01B406BC02B4012001B404B4FDF739
:1016C0009EFF03B00390069801B4039801B40598F7
:1016D00001B40BF082FE6F467760D9F701FF03B0CB
:1016E0000CF0ABFB0490069801B4039801B4059884
:1016F00003210CF015FB01B4079801B40BF0A4FF13
:101700006F467760D9F7D4FE04B0069801B4039809
:1017100001B4059805210CF003FB01B4079801B44E
:101720000BF092FF6F467760D9F7C2FE04B00198C4
:1017300003210CF0F5FA01908CE7002005B000BD04
:10174000ECB10100000000004D170300022C06DA86
:1017500000B50BF0C1FA00F002F802B000BD00B510
:10176000002001B4CD486F467760D7F7C3FA01B4C3
:10177000039801B401210902D3310BF029FA01B019
:101780006F467760D6F7BAF9002808D0039801B4FD
:1017900001210902D3310BF01BFA01B000E0212036
:1017A00001B4212001B4019801B4039801B400F000
:1017B0001FF804B001BC00903D2001B4019801B4B1
:1017C000EDF793FD02B0B6486F467760D7F792FA0F
:1017D00001B4019801B4059801B4059801B40398C7
:1017E00001B4EDF7D9FB04B001BC01B000BD0000AD
:1017F000774600980CF09EF9BE4600B5002001B473
:1018000001B46F467760D5F71FFC01B401B4A54859
:101810006F467760DCF740FF01B4019800996F468E
:101820007760D5F721FC02B09F486F467760DCF700
:1018300033FF01B4009901986F467760D5F714FC27
:1018400001B09A486F467760DCF726FF01B4009933
:1018500001986F467760D5F707FC01B094486F4652
:101860007760DCF719FF01B4009901986F46776043
:10187000D5F7FAFB01B08F486F467760DCF70CFFB5
:1018800001B4009901986F467760D5F7EDFB01B080
:10189000009801B401B001BC0090039801B4059810
:1018A00001B4079801B4039801B401210AF01DFFA7
:1018B00001B001B41EBC02B404B408B410B400F00A
:1018C0005DF804B003200190019801B4019801B4BF
:1018D0000BF062F90CF06EFB01B001B401980099B5
:1018E0000CF0B7FA02B017D0039801B4019801B414
:1018F000039801B4019800990AF0F7FE02B001B410
:1019000006BC02B404B400F023F802B0019803212D
:101910000CF006FA0190D7E7039807210902D131AC
:1019200081610398232109022931C161002002B09D
:1019300000BD0000022C0BDA00B50BF0CDF900F071
:1019400007F802B000BD774600980CF001F9BE46DA
:1019500000B502986F467760D6F7D0F800280BD014
:101960000198406A01B4039801B40BF0AFF96F46D7
:101970007760D5F779FB02B0002000BD774600986C
:101980000CF0E6F8BE4600B5002001B4002001B41A
:10199000059801B4059801B4059801B400F04EF81B
:1019A00005B06F467760D5F74FFB01B401B40698D8
:1019B00001B4019800996F467760D5F755FB02B0E6
:1019C000009801B401B0029802BC4162019801B4D0
:1019D000059801B40BF0F3F86F467760D9F748FD2E
:1019E00001B00CF02AFA01B403210CF00BFA01B09B
:1019F00001B400F07BF801B001B401980099816254
:101A000002B0019801B4059801B40BF0D8F86F4604
:101A10007760D9F731FD01B00CF00FFA01B4032162
:101A20000CF0F0F901B001B400F060F801B001B4BD
:101A300001980099C16202B0002000BD774600986D
:101A40000CF096F8BE4600B5B52001B4012001B4F3
:101A5000512001B4049801B4EDF78AFB04B0019859
:101A60000299016101980399416104986F4677607A
:101A7000D6F744F8002801D0049802E001200002C3
:101A80002D3001B4029802BC816105986F467760E1
:101A9000D6F734F800280FD0059810E0B4080400F9
:101AA000F0EE0300807C0400947C0400A87C040019
:101AB000C07C0400D87C040006200002A53001B4DC
:101AC000029802BCC161BC486F467760D7F712F933
:101AD00001B4002001B4019801B4FBF76DFF02B01E
:101AE000029802BC0162002000BD000000B5019810
:101AF00001B40221090201316F467760D5F784FDF8
:101B000001B001210CF039F900BD000000B5312011
:101B1000C0003768385800210CF0FFF906D00720C4
:101B20000002D1303121C900376878503120C0001F
:101B30003768385801B403210CF0F2F83121C9009C
:101B40003768785001BC00BD774600980BF06FFBFA
:101B5000BE4600B501980299816001980A21416151
:101B600001980021C16001980021016101980121C3
:101B7000C161029801210CF080F949D001208F4900
:101B80006F467760D7F784F801B40021029A6F4658
:101B90007760D5F7DBFA0298806801B4019801B448
:101BA0000BF0F6FF08200002023010236F4677602A
:101BB000D4F768FA03B0012081496F467760D7F700
:101BC00067F801B40021029A6F467760D5F7BEFA34
:101BD0000298806801B4019801B40BF0D9FF082085
:101BE0000002033010236F467760D4F74BFA03B03E
:101BF000039801210CF041F90AD0029801B404982D
:101C000001B40BF04FF86F467760D8F777FC02B05D
:101C1000002000BDECB1010000000000211C030009
:101C200000B50A2001B4E86801B400F021F802B060
:101C3000002000BDECB1010000000000411C0300C9
:101C400000B5422001B4E86801B400F011F802B018
:101C5000002000BD022C0BDA00B50BF03DF800F0BF
:101C600007F802B000BD774600980BF0E0FABE46D8
:101C700000B50198406902990CF063F92ED0F9F78C
:101C800047F9019840686F467760D5F737FF00281D
:101C900008D0019840680346422001B408B4F7F721
:101CA000BAF802B0019802994161019840696F4603
:101CB0007760D5F723FF002808D0019801218161C2
:101CC000019801B400F050F801B007E0019801213B
:101CD000C161019801B400F011F801B0002000BD0D
:101CE000012C0BDA00B50AF0EDFF00F007F801B0A7
:101CF00000BD774600980BF09AFABE4600B5552015
:101D00008000376838586F467760D5F7F7FE0028AF
:101D10000CD00198806801B40BF0E8FD0120C002EE
:101D20006F467760D7F706FD01B00CE00198806838
:101D300001B40BF0DBFD0820000204306F46776031
:101D4000D7F7F8FC01B0002000BD0000012C0BDA31
:101D500000B50AF0B7FF00F007F801B000BD774604
:101D600000980BF064FABE4600B555208000376835
:101D700038586F467760D5F7C1FE00280DD001981E
:101D8000806801B40BF0B2FD0820000201306F46FC
:101D90007760D7F7CFFC01B00CE00198806801B400
:101DA0000BF0A4FD0820000205306F467760D7F7DE
:101DB000C1FC01B0002000BDFCE30300141C0300C3
:101DC000341C0300ECB1010000000000D11D030031
:101DD000012C06DA00B50AF075FF00F002F801B038
:101DE00000BD00B543208000376838586F467760E3
:101DF000D5F784FE6F467760D4F7EAFF6F467760C9
:101E0000D5F70CF96F467760D5F778FE002807D034
:101E10006F467760D5F718F9432189003768785005
:101E2000432080003768385801B4029801B40AF0A2
:101E30004DFF00226F467760D5F702FE02B00BF02F
:101E4000FCFF01210CF005F80DD04320800037681D
:101E5000385801B4029801B40AF038FF6F46776031
:101E6000D5F702F902B0002000BD0000012C0BDA0A
:101E700000B50AF027FF00F007F801B000BD774673
:101E800000980BF0C6F9BE4600B50198006900BD88
:101E9000012C0BDA00B50AF015FF00F007F801B0CD
:101EA00000BD774600980BF0B4F9BE4600B5019826
:101EB000406900BD00B5002001B4F6F775FC01B023
:101EC000F0203768385800BDECB101000000000078
:101ED000D51E0300012C06DA00B50AF0F3FE00F06F
:101EE00002F801B000BD00B54520800037683858C1
:101EF0006F467760D5F702FE6F467760D4F768FFCC
:101F00006F467760D5F78AF86F467760D5F7F6FDAC
:101F1000002807D06F467760D5F796F845218900ED
:101F200037687850452080003768385801B40298E7
:101F300001B40AF0CBFE00226F467760D5F780FD32
:101F400002B00BF07AFF01210BF083FF0DD045208A
:101F500080003768385801B4029801B40AF0B6FE20
:101F60006F467760D5F780F802B0002000BD000012
:101F700000B5002001B400F0BFF803210BF0D0FE43
:101F80000090009801B4632080003768385801B48D
:101F9000F5F760FA02B06F467760D4F77FF80BF080
:101FA0004CFF93490BF0DCFE01B40AF0CCFD6F4608
:101FB0007760D4F731FD01B0009801B40AF0C3FD99
:101FC0006F467760D4F728FD01B06F467760D7F78A
:101FD00069F801B400F004F801B0002001B000BDC0
:101FE00000B5002001B402986F467760D5F786FDF2
:101FF0006F467760D4F7ECFE6F467760D5F70EF842
:1020000001B46F467760D5F741FD002802D00098F3
:1020100001B014E00098009801B0029801B40AF0F1
:1020200020FF6F467760D4F733FE01B00BF005FF59
:1020300001B4C9216F467760D5F7FEFD01B06F4648
:102040007760D5F75BFD002806D0032000029A30A8
:102050006F467760D5F794F8192000013768385833
:1020600001B400F019F801B00090009802990BF04B
:1020700068FF0DD06F467760DEF754FB029801B41D
:10208000192000013768385801B4F6F7EFF902B0AB
:10209000002001B000BD000000B5002001B402988E
:1020A00001B40AF0DEFE6F467760DEF715FB01B083
:1020B000009000986F467760D5F720FD6F467760F7
:1020C000D4F786FE6F467760D4F7A8FF6F46776037
:1020D000D5F714FD002802D000200BE009E000989D
:1020E00001B40AF046FD6F467760D3F7F9FD01B001
:1020F00000E0002001B000BD00B56320800037681B
:10210000385801B4F5F766FC01B001B46F4677604A
:10211000D5F7BCFC002802D0009801B003E000987D
:10212000009801B0012000BDECB1010000000000EA
:102130003521030000B557208000376838586F46B6
:102140007760D5F7DBFC002807D057208000376880
:10215000385801B40AF07AFD01B042203768F860BF
:10216000002000BD00B5019801B40AF0ECFC6F46F8
:102170007760D6F70BFD01B0002000BD022C0BDA12
:1021800000B50AF0A9FD00F007F802B000BD7746DF
:1021900000980BF0DDFCBE4600B5002001B40398AA
:1021A00001B4039801B400F025F802B00090009843
:1021B00001B40398006A03461D2001B4032001B452
:1021C00008B4FDF71CFA03B001B4019800990AF0B5
:1021D000CAFE016202B0009801B000BD022C0EDA06
:1021E00000B50AF079FD00F00AF802B000BD000069
:1021F000743C0400774600980BF0BAFCBE4600B56C
:10220000002001B4039801B4039801B408F099FBCD
:1022100002B00090009801B40398006A01B40498D9
:10222000806901B40598C06901B40EBC02B404B45D
:1022300008B4FDF7E4F903B001B4019800990AF07D
:1022400092FE416102B0009801B40398006A01B4A3
:102250000498006901B406BC02B4012001B404B4BE
:10226000FDF7CDF903B001B40498006901B403216E
:102270000BF0C8FD01B001B4019800990BF060FDAE
:1022800002B001B402980AF06EFE406801B406BCC8
:1022900002B404B400F04EF802B001B40198009901
:1022A0000AF061FE416002B0039801B4D9210AF03E
:1022B0008FFC01B06F467760D5F720FC00280BD06B
:1022C000039801B4D9210AF083FC01B001B40321C1
:1022D0000BF098FD01B000E0012001B4019801B4B9
:1022E0000498006A01B40598406901B406BC02B4C0
:1022F000012001B404B4FDF782F903B001990BF099
:102300001FFD01B403980AF02EFE806801B406BCDC
:1023100002B404B400F00EF802B00027019701B433
:10232000019800990AF01FFE816003B0009801B087
:1023300000BD000000B5019801B411210BF038FD7B
:1023400001B002990BF0ECFC00BD0000022C0BDA8E
:1023500000B50AF0C1FC00F007F802B000BD7746F6
:1023600000980BF0D9FBBE4600B5029803210BF094
:10237000D4FD0CD00198806801B4FEF731FE01B4A1
:1023800006BC02B404B401F0FAFE02B01DE00298EB
:1023900001210BF0C2FD0CD00198806801B4FEF75A
:1023A0001FFE01B406BC02B404B401F07AFE02B010
:1023B0000BE00198806801B4FEF712FE01B406BC80
:1023C00002B404B400F00DF802B0002000BD00001B
:1023D000022C0BDA00B50AF07FFC00F007F802B01F
:1023E00000BD774600980BF089FBBE4600B5422041
:1023F00001B4039801B4039801B400F011F803B0DC
:10240000002000BD032C0BDA00B50AF06EFC00F0D2
:1024100007F803B000BD774600980BF06FFBBE468F
:1024200000B5002001B4029801B401F003FE01B030
:102430007E486F467760D6F75DFC01B4039801B41F
:10244000019801B401F0DCFD02B0039800998160AD
:1024500001BC0090029801B401F066FD01B00420B7
:1024600073496F467760D6F713FC01B40021039AD5
:102470006F467760D4F76AFE00980121019A6F4693
:102480007760D4F763FE00980221049A6F46776064
:10249000D4F75CFE00980321059A6F467760D4F765
:1024A00055FE00980AF04AFB6F467760D3F7F2FDBD
:1024B00001B0002001B000BDECB10100000000003F
:1024C000C524030000B5E868806829690BF011FD98
:1024D00026D0686901B4286901B400F05AF802B046
:1024E000A8696F467760D5F709FB6F467760D4F728
:1024F0006FFC6F467760D4F791FD6F467760D5F734
:10250000FDFA00280BD0E868806829690BF0F1FC1F
:1025100004D0E86801B400F013F801B000E0D2E79D
:10252000002000BD012C0BDA00B50AF0CBFB00F057
:1025300007F801B000BD774600980BF0DFFABE4601
:1025400000B565208000376838586F467760D5F74A
:10255000D5FA002811D0652080003768385801B4BA
:10256000029801B40AF0B2FB6F467760D5F780FAA3
:1025700002B06F467760D4F751FD002000BD000027
:10258000022C0BDA00B50AF0A7FB00F007F802B046
:1025900000BD774600980BF008FBBE4600B5002052
:1025A00001B401B401B401B401B401B401B401B483
:1025B00001B401B401B401B401B401B401B401B473
:1025C00001B401B401B401B401B401B401B401B463
:1025D00001B401B401B401B401B401B401B401B453
:1025E00001B46F467760D4F7A7FD01B401B4259913
:1025F0006F467760D4F79EFD01B001BC239022980E
:1026000040686F467760D5F779FA6F467760D4F700
:10261000DFFB6F467760D4F701FD6F467760D5F733
:102620006DFA002806D000F0C7FD03E09009040011
:10263000B8240300239801B424986F467760D4F738
:1026400077FD01B4FEF7CCFC01B4019800996F4608
:102650007760D4F7D9FF02B001B411210BF0D2FB9F
:1026600001B001B401200002FF3001B4012001B427
:10267000F1F7A4FF03B001B4019800996F467760A9
:10268000D4F758FD02B0229840680BF037FA406842
:1026900000906F467760D4F74FFD019001980121BB
:1026A0006F467760D4F746FD6F467760D4F744FDF8
:1026B0000290029809216F467760D4F73BFD6F4680
:1026C0007760D4F739FD0390039809216F4677604E
:1026D000D4F730FD6F467760D4F72EFD0490049850
:1026E000F1216F467760D4F725FD6F467760D4F708
:1026F00023FD0590059801216F467760D4F71AFDF8
:102700006F467760D4F718FD06900698012149427C
:102710006F467760D4F70EFD6F467760D4F70CFDF7
:102720000790079801216F467760D4F703FD0120D9
:1027300008906F467760D3F79DFC0BF07EFB099005
:1027400001200A906F467760D4F7F6FC0B900B9847
:1027500001216F467760D4F7EDFC6F467760D4F7C0
:10276000EBFC0C900C9801216F467760D4F7E2FCEB
:102770006F467760D4F7E0FC0D900D9801210902B7
:10278000FF316F467760D4F7D5FC6F467760D4F79A
:10279000D3FC0E900E9801216F467760D4F7CAFCE7
:1027A0006F467760D4F7C8FC0F900F9803216F46EF
:1027B0007760D4F7BFFC3C206F467760D3F712FBFD
:1027C00010906F467760D4F7B7FC119011980121F3
:1027D0006F467760D4F7AEFC0A20D4496F46776025
:1027E000D6F756FA01B40021069A6F467760D4F7FF
:1027F000ADFC00980121079A6F467760D4F7A6FCDC
:1028000000980221089A6F467760D4F79FFC0098E1
:102810000321039A6F467760D4F798FC009804214F
:10282000059A6F467760D4F791FC009805210F9ABE
:102830006F467760D4F78AFC00980621129A6F469B
:102840007760D4F783FC00980721119A6F46776070
:10285000D4F77CFC00980821109A6F467760D4F773
:1028600075FC00980921249A6F467760D4F76EFCB6
:1028700001BC12900320AE496F467760D6F708FA84
:1028800001B40021239A6F467760D4F75FFC00986B
:102890000121029A6F467760D4F758FC0098022114
:1028A000019A6F467760D4F751FC01BC13906F46D4
:1028B0007760D4F741FC1490149801B46F467760A8
:1028C000D4F7D6F801B4019800996F467760D4F731
:1028D00031FC02B06F467760D4F72EFC1590159846
:1028E00001216F467760D4F725FC0D2091496F4692
:1028F0007760D6F7CDF901B40021159A6F4677605D
:10290000D4F724FC00980121169A6F467760D4F71B
:102910001DFC00980221049A6F467760D4F716FCDC
:1029200000980321039A6F467760D4F70FFC009854
:102930000421089A6F467760D4F708FC00980521B7
:10294000059A6F467760D4F701FC00980621069A35
:102950006F467760D4F7FAFB00980721109A6F460C
:102960007760D4F7F3FB009808210C9A6F467760E4
:10297000D4F7ECFB009809210D9A6F467760D4F7E5
:10298000E5FB00980A210E9A6F467760D4F7DEFBCC
:1029900000980B210F9A6F467760D4F7D7FB009809
:1029A0000C21079A6F467760D4F7D0FB01BC1690D4
:1029B00042206F467760D5F7A1F8002800D1FBE3ED
:1029C000139801B40AF042F901B017900A20189048
:1029D00017986F467760D5F791F86F467760D4F710
:1029E000F7F96F467760D4F719FB6F467760D5F734
:1029F00085F800281FD008980A990BF0A1F91990C2
:102A0000199801210BF039FA04D0199801B4FFF795
:102A1000A9FB01B0229880686F467760D5F76EF801
:102A2000002807D0229801B40121090225310AF0BB
:102A3000A3F901B0C0E30598012149426F467760D0
:102A4000D4F778FB01201A90149801B46F46776090
:102A5000D4F70EF801B4019800996F467760D4F767
:102A600069FB02B0159801216F467760D4F762FBCD
:102A700001201B901B9801B4189801B40AF0F1F9D9
:102A80006F467760D4F704F901B00BF0D6F901B4C2
:102A9000019800990BF0DDF902B000D1AFE1179871
:102AA00001B41C9801B40AF095FD6F467760D4F725
:102AB00077FA02B01C901C9801B401461E480BF036
:102AC00068FA002801D001B0CEE01C4800990BF054
:102AD00060FA002801D001B0C6E0194800990BF057
:102AE00058FA002801D001B0C3E0164800990BF055
:102AF00050FA002801D001B0BBE0134800990BF058
:102B000048FA002801D001B0B8E0104800990BF055
:102B100040FA002801D001B0B0E00D4800990BF058
:102B200038FA002816D001B0ADE00000C031030033
:102B3000E8330300803603003C38040044380400C6
:102B40004C380400543804005C3804006438040035
:102B50006C380400BD4800990BF01BFA002801D026
:102B600001B090E0BA4800990BF013FA002801D0A8
:102B700001B08DE0B74800990BF00BFA002801D0A6
:102B800001B085E0B44800990BF003FA002801D0A9
:102B900001B082E0B14800990BF0FBF9002801D0A8
:102BA00001B07AE0AE4800990BF0F3F9002801D0AB
:102BB00001B077E0AB4800990BF0EBF9002801D0A9
:102BC00001B074E0A84800990BF0E3F9002801D0A7
:102BD00001B06CE0A54800990BF0DBF9002801D0AA
:102BE00001B06DE0A24800990BF0D3F9002801D0A4
:102BF00001B06DE09F4800990BF0CBF9002801D09F
:102C000001B077E09C4800990BF0C3F9002801D08F
:102C100001B077E0994800990BF0BBF9002801D08A
:102C200001B078E0964800990BF0B3F9002801D084
:102C300001B07EE0934800990BF0ABF9002801D079
:102C400001B084E0904800990BF0A3F9002801D06E
:102C500001B08AE08D4800990BF09BF9002801D063
:102C600001B090E001BC9AE003201A904220189035
:102C7000BFE007201A9042201890BAE00B201A906B
:102C800042201890B5E00D201A9042201890B0E034
:102C900011201A9042201890ABE015201A90422083
:102CA0001890A6E019201A9042201890A1E00598EB
:102CB00001216F467760D4F73DFA0A20189098E01A
:102CC0001A9803210BF02CF81A900A20189090E023
:102CD00018986F467760D4F711FF002805D01A982E
:102CE00003210BF02DF81A9003E019201A904220CE
:102CF00018907EE0169801B409F0A8FF01B00A20F0
:102D0000189076E0159809216F467760D4F712FA8B
:102D10000A2018906DE0169801B409F097FF01B0F1
:102D2000159811216F467760D4F704FA0A2018909D
:102D30005FE0169801B409F089FF01B015980F21E2
:102D40006F467760D4F7F6F90A20189051E016988C
:102D500001B409F07BFF01B0159805216F4677603B
:102D6000D4F7E8F90A20189043E0169801B409F066
:102D70006DFF01B0159807216F467760D4F7DAF937
:102D80000A20189035E0169801B409F05FFF01B0F1
:102D900015980B216F467760D4F7CCF929E0159888
:102DA0006F467760D4F7C4F901210BF0A2F805D083
:102DB000159803216F467760D4F7BCF9149801B4D5
:102DC00015986F467760D4F7B3F901B41E9801B433
:102DD0000AF033F86F467760D3F786FE02B001B48D
:102DE000019800996F467760D4F7A4F902B00A20E1
:102DF00018901B9803210AF093FF1B903AE616984F
:102E000001B409F023FF01B01A9801B46F4677604E
:102E1000D4F73CFE002802D1009801B00EE00098E3
:102E2000009801B005986F467760D4F781F901B436
:102E300001216F467760D4F7DDFE01B06F46776001
:102E4000D4F75CFE002823D166E00000743804004B
:102E50007C380400843804008C3804009438040062
:102E60009C380400A4380400AC380400B4380400D2
:102E7000BC3804009C360400C4380400CC3804007C
:102E8000D4380400D437040084360400DC3804004D
:102E90001A9801B404986F467760D4F749F9032172
:102EA0000AF04EFF01B4009919206F467760D4F7FD
:102EB000ABFB01B001B4019800990AF031FF02B0F8
:102EC0001D903320C0003768385801B41E9801B4F3
:102ED00005216F467760D4F797FB01B001B40AF083
:102EE00087FB04216F467760D3F7B4F802B001B4D2
:102EF0006F467760D4F7CAFD002802D0009801B071
:102F000003E00098009801B0012001B4069802BCCB
:102F10006F467760D4F70EF907986F467760D4F75D
:102F200007F91E901E9801210AF0BBFF22D00498D9
:102F30006F467760D4F7FCF801B40AF0D7FC3A206A
:102F4000000298306F467760D4F77AF801B00AF043
:102F500074FF1F9002986F467760D4F7E9F801B4C8
:102F6000209801B4019800996F467760D4F74CFB24
:102F700002B01E9005986F467760D4F7D9F801210A
:102F80000AF067FF00D0F7E005986F467760D4F746
:102F9000CFF801210AF0ADFF05D008981E990AF07C
:102FA000BFFE0890E8E006986F467760D4F7C0F857
:102FB00001210AF04EFF0ED0069801B406986F4624
:102FC0007760D4F7B5F801B4019800996F4677603F
:102FD000D4F7B0F802B0119801216F467760D4F7AA
:102FE000A9F8129801B40C986F467760D4F7A0F84E
:102FF00001B406BC04B4012001B401200002FF307A
:1030000001B4012001B402B404980AF0DCFD05B05B
:10301000129801B40D986F467760D4F789F801B41F
:103020000F986F467760D4F783F801B40E986F4617
:103030007760D4F77DF801B41EBC10B402B404B4B8
:1030400001200002FF3001B408B404980AF0BBFD6F
:1030500005B0129801B41F9801B40D986F467760BF
:10306000D4F766F801B40F986F467760D4F760F82C
:1030700001B4019800990AF053FE02B001B401981E
:1030800000990AF05DFE02B001B40F986F467760B8
:10309000D4F74EF801B410986F467760D4F748F82B
:1030A00001B410986F467760D4F742F801B41098D5
:1030B0006F467760D4F73CF801B4019800990AF0A4
:1030C0002FFE02B001B40027049801B405970198BF
:1030D00001B40297039801B40497059801B40697C8
:1030E000079801B4089704980AF06DFD0AB0129889
:1030F00001B40F986F467760D4F71AF801B40F98AF
:103100006F467760D4F714F801B40EBC08B41F986A
:1031100001B4012001B402B404B404980AF053FDD0
:1031200005B0229801B409980B990AF009FE01B480
:10313000129801B414986F467760D3F7F9FF01B481
:103140000AF056FA00216F467760D2F773FD02B09D
:1031500001B40EBC02B404B408B400F0F7FB03B031
:103160000698012149426F467760D3F7E3FF08983C
:103170001E990AF0D5FD089008980A990AF0E0FD1A
:10318000209020980121090291310AF076FE11D099
:103190002098C9210AF0D4FD01B4FEF7E3FF01B085
:1031A0006F467760D2F766FF0AF047FE09990AF08A
:1031B000C7FD0A90FFF7FCFB002021B000BD000016
:1031C000ECB1010000000000CD310300042C06DA50
:1031D00000B50AF03CF800F002F804B000BD00B5FC
:1031E000002001B401B401B401B4E8686F4677600F
:1031F000D3F79EFF009028696F467760D3F798FF5A
:10320000019068696F467760D3F792FF01210AF059
:1032100034FE05D068696F467760D3F789FF2BE0ED
:10322000A8696F467760D3F783FF01B4E8696F46FA
:103230007760D3F77DFF01B40AF058FB3A20000213
:1032400098306F467760D3F7FBFE01B00AF0F5FDCA
:1032500001B4019800996F467760D4F7D5F902B0B0
:1032600001B4286A6F467760D3F762FF01B4019812
:1032700000990AF055FD02B0029028696F46776008
:10328000D3F756FF01B4E8686F467760D3F750FF75
:1032900001B4019800996F467760D4F7C9FB02B07A
:1032A00001B46F467760D4F7F1FB002802D1009893
:1032B00001B00AE00098009801B0029801B4012121
:1032C0006F467760D4F7B4FB01B06F467760D4F7F0
:1032D00015FC002841D0019800990AF031FD01B495
:1032E000039801B4019800996F467760D4F7B8F954
:1032F00002B00390E8686F467760D3F719FF01B416
:10330000049801B40A9801B4019800996F46776057
:10331000D4F77AF902B001B4019800990AF000FDDF
:1033200002B00090E8686F467760D3F701FF01B400
:10333000049801B40A9807990AF0F2FC01B40198C4
:1033400000996F467760D4F75FF902B001B4019835
:1033500000990AF0E5FC02B00190686A01B4A86A1D
:1033600001B4686A6F467760D3F7E2FE01B408984B
:1033700001B40A9801B40C9801B4E86A6F4677600A
:10338000D3F7D6FE01B4079801B4286B6F46776077
:10339000D3F7CEFE01B400270A9801B4019801B416
:1033A0000297039801B40497059801B4069707980B
:1033B00001B40897099801B40A970B9801B40C97C7
:1033C0000D9801B40E970F9801B41097FDF704FD06
:1033D00011B001B4019800996F467760D3F7AAFE47
:1033E00002B0002004B000BDECB1010000000000FC
:1033F000F533030000B5002001B401B401B4E8685E
:1034000040686F467760D4F779FB6F467760D3F7F3
:10341000DFFC6F467760D3F701FE6F467760D4F725
:103420006DFB002804D06F467760D3F721FB24E1C1
:1034300028696F467760D3F77BFE01B4686901B4F1
:1034400009F00FFD6F467760D3F722FC01B00AF058
:10345000F4FC01B4019800990AF0FBFC02B070D0B2
:10346000686901B428696F467760D3F761FE01B4DB
:103470000AF0B0F86F467760D3F792FD02B0009083
:10348000009801B4B7496F467760D4F7D1FA01B01C
:1034900001B46F467760D4F7F9FA002802D100989A
:1034A00001B00AE00098009801B0009801B4AE495C
:1034B0006F467760D4F7BCFA01B001B46F4677600D
:1034C000D4F7E4FA002802D1009801B00AE000988D
:1034D000009801B0009801B4A4496F467760D4F712
:1034E000A7FA01B001B46F467760D4F7CFFA00288D
:1034F00002D1009801B00AE00098009801B000984D
:1035000001B49B496F467760D4F792FA01B06F46D9
:103510007760D4F7F3FA002800D012E0286901B4EC
:1035200028696F467760D3F703FE03210AF0F8FBA2
:1035300001B4019800996F467760D3F7FBFD02B0A4
:1035400076E76F467760D3F793FA019028696F4664
:103550007760D3F7EDFD01B4686901B409F081FC2F
:103560006F467760D3F794FB01B00AF066FC01B4B4
:10357000019800990AF06DFC02B000D17CE0686906
:1035800001B428696F467760D3F7D2FD01B40AF021
:1035900021F86F467760D3F703FD02B002900298DE
:1035A00001B470496F467760D4F73AFA01B001B4BC
:1035B0006F467760D4F76AFA002802D0009801B00D
:1035C0000AE00098009801B0029801B466496F467D
:1035D0007760D4F725FA01B001B46F467760D4F76D
:1035E00055FA002802D0009801B00AE0009800982F
:1035F00001B0029801B45D496F467760D4F710FAC4
:1036000001B001B46F467760D4F740FA002802D0C9
:10361000009801B00AE00098009801B0029801B447
:1036200053496F467760D4F7FBF901B06F46776076
:10363000D4F764FA002800D01EE0019801B4039882
:1036400001B409F0FAFB6F467760D3F74DFA02B088
:103650000190286901B428696F467760D3F768FD47
:1036600003210AF05DFB01B4019800996F46776071
:10367000D3F760FD02B069E7019803B000BD000018
:10368000ECB10100000000008D36030000B5002001
:1036900001B4E8686F467760D3F74AFD01B46F461E
:1036A0007760D4F7F3F9002802D1009801B00EE05A
:1036B0000098009801B028696F467760D3F738FD0D
:1036C00001B401216F467760D4F7B2F901B06F46BB
:1036D0007760D4F713FA002800D126E1E8686F4636
:1036E0007760D3F725FD0346002001B408B400F04D
:1036F0003BF902B0009028696F467760D3F718FD58
:1037000001B4014603200AF044FC002801D001B0B6
:103710005AE0052000990AF03CFC002801D001B0D5
:1037200059E0072000990AF034FC002801D001B0CC
:1037300070E0092000990AF02CFC002801D001B0AB
:103740007AE00D2000990AF024FC002801D001B095
:103750007FE00F2000990AF01CFC00280AD001B07D
:103760007EE00000E437040040370400B436040073
:1037700054370400112000990AF00BFC002801D0F6
:1037800001B081E0132000990AF003FC002801D069
:1037900001B086E0152000990AF0FBFB002801D05B
:1037A00001B08BE0172000990AF0F3FB002801D04C
:1037B00001B09FE00B2000990AF0EBFB002801D03C
:1037C00001B09EE001BCA2E0686900996F46776095
:1037D000D3F7B0FC9BE0A86901B4019801B42120A3
:1037E00001B4EEF7C7FF02B001B4032001B4EAF759
:1037F000F3FF02B001B4019800996F467760D3F7E8
:1038000099FC02B0E869012149426F467760D3F71D
:1038100091FC7CE0286A01B4019801B4032001B452
:10382000EAF7DAFF02B001B4019800996F467760B9
:10383000D3F780FC02B06AE0686A00996F4677604F
:10384000D3F778FC28690D216F467760D3F772FCB7
:103850005DE0E86900996F467760D3F76BFC56E04E
:10386000A86A01B4019801B4252001B4032001B471
:10387000F0F7A4FE03B001B4019800996F46776099
:10388000D3F758FC02B042E0E86A00996F467760CF
:10389000D3F750FC286913216F467760D3F74AFCB1
:1038A00035E0286B00996F467760D3F743FC2869B1
:1038B00015216F467760D3F73DFC28E0686B01B4B3
:1038C000019801B401200002FF3001B4012001B4CD
:1038D000F0F774FE03B001B4019800996F46776069
:1038E000D3F728FC02B0286917216F467760D3F719
:1038F00021FC0CE0A86B00996F467760D3F71AFCA7
:1039000005E0E86B00996F467760D3F713FCE86831
:1039100001B46F467760D3F7ABF801B40198009912
:103920006F467760D3F706FC02B0002001B000BDFF
:10393000032C0BDA00B509F0D8F900F007F803B052
:1039400000BD774600980AF030F9BE4600B50298EF
:1039500001B4049801B40AF0B5F86F467760D7F760
:103960006FFA02B0002000BD00B5002001B401B420
:1039700001B401B401B401B401B408986F46776092
:10398000D4F7BCF86F467760D3F722FA6F467760BA
:10399000D3F744FB01B46F467760D4F777F800287B
:1039A00002D0009801B034E00098009801B0099866
:1039B00001B406216F467760D4F73AF801B001B43C
:1039C0006F467760D4F762F8002802D1009801B002
:1039D0001FE00098009801B0099801B405216F46D6
:1039E0007760D4F707F901B001B46F467760D4F778
:1039F0004DF8002802D0009801B00AE00098009825
:103A000001B0099801B449216F467760D4F714F9E1
:103A100001B06F467760D4F771F8002801D00E200E
:103A200010E201200090009801B4099801B409F057
:103A300018FA6F467760D3F72BF901B00AF0FDF959
:103A400001B4019800996F467760D4F7D3F802B0BB
:103A500001B46F467760D4F719F8002802D10098B6
:103A600001B011E00098009801B0089801B40198E5
:103A700001B409F0AFFD6F467760D3F78BFA02B05F
:103A800001B400F0E1F901B06F467760D4F736F881
:103A9000002805D0009803210AF042F90090C2E7FF
:103AA000009801B4099801B409F0DBF96F4677601A
:103AB000D3F7EEF801B00AF0C0F901B4019800990B
:103AC0000AF02BFA02B001D00E20BBE103200190D6
:103AD000089801B4019801B409F07CFD6F46776045
:103AE000D3F75EFA02B001B40146B5480AF051FAC4
:103AF000002801D001B009E0B24800990AF049FA63
:103B0000002801D001B004E001BC07E001204042E0
:103B10000190009803210AF003F9009009986F467C
:103B20007760D3F7EBFF6F467760D3F751F96F46B5
:103B30007760D3F773FA01B46F467760D3F7A6FFC7
:103B4000002802D0009801B00AE00098009801B067
:103B5000099801B421216F467760D3F761FF01B066
:103B600001B46F467760D3F791FF002802D1009827
:103B700001B015E00098009801B0089801B40198D0
:103B800001B409F027FD6F467760D3F709FA02B058
:103B900001B400998C486F467760D3F799FE01B065
:103BA00001B46F467760D3F771FF002802D1009807
:103BB00001B03BE00098009801B0089801B401986A
:103BC00003210AF0ADF801B409F004FD6F467760F7
:103BD000D3F7E6F902B001B400997C486F467760EC
:103BE000D3F776FE01B001B46F467760D3F74EFF8E
:103BF000002802D0009801B018E00098009801B0A9
:103C0000089801B4019803210AF08AF801B409F078
:103C1000E1FC6F467760D3F7C3F902B001B40099B5
:103C20006B486F467760D3F753FE01B06F467760FD
:103C3000D3F764FF002807D02120099000980521C0
:103C40000AF06EF8009014E009986F467760D3F799
:103C500055FF6F467760D3F7BBF86F467760D3F7B1
:103C6000DDF96F467760D3F749FF002801D01520B2
:103C70000990012002900A20039000980490049873
:103C800001B4099801B409F0ECF86F467760D2F7F7
:103C9000FFFF01B00AF0D1F801B4019800990AF0D1
:103CA000D8F802B000D1C2E0089801B4059801B478
:103CB00009F090FC6F467760D3F76CF902B04121B0
:103CC0000AF05BF8059000200690059801B4612188
:103CD0006F467760D3F7A0FF01B001B46F467760FD
:103CE000D3F7D4FE002802D1009801B00AE0009872
:103CF000009801B0059801B475216F467760D3F73D
:103D000079FF01B06F467760D3F7F8FE002805D041
:103D1000059861210AF014F806902AE0059801B48C
:103D2000C3216F467760D3F777FF01B001B46F46C8
:103D30007760D3F7ABFE002802D1009801B00AE00B
:103D40000098009801B0059801B4F7216F4677609C
:103D5000D3F750FF01B06F467760D3F7CFFE00284E
:103D600007D01520059909F0DBFFC32109F0E8FF12
:103D70000690069801B400216F467760D3F750FE95
:103D800001B001B46F467760D3F780FE002802D0FF
:103D9000009801B00DE00098009801B0069801B4B9
:103DA0000A9801B4019800996F467760D3F734FF01
:103DB00002B06F467760D3F7A1FE00280AD11FE05A
:103DC000843604008C3604007C3604000C36040073
:103DD0009436040003986F467760D3F78FFE6F46E2
:103DE0007760D2F7F5FF6F467760D3F717F96F4624
:103DF0007760D3F783FE002801D00E2022E016E082
:103E000042200390029801B40A9801B401980099E5
:103E10006F467760D3F7F8FB02B0069909F080FF90
:103E200002900498032109F07BFF049027E7019892
:103E300001B4039801B4019800996F467760D3F7F5
:103E4000E3FB02B007B000BD00B5019801B4014624
:103E500013200AF09EF8002801D001B04FE017208F
:103E600000990AF096F8002801D001B047E0192027
:103E700000990AF08EF8002801D001B03FE04120FF
:103E800000990AF086F8002801D001B037E001203F
:103E90000002413000990AF07CF8002801D001B0FE
:103EA0002DE0C84800990AF074F8002801D001B04C
:103EB00025E0152000990AF06CF8002801D001B027
:103EC0001DE01B2000990AF064F8002801D001B021
:103ED00015E040200002513000990AF05AF80028FD
:103EE00001D001B00BE040200002533000990AF0ED
:103EF00050F8002801D001B001E001BC01E04220EF
:103F000002E00A2000E0002000BD0000012C0BDAD6
:103F100000B508F0D7FE00F007F801B000BD774605
:103F2000009809F0EBFDBE4600B5652080003768BB
:103F300038586F467760D3F7E1FD6F467760D2F768
:103F400047FF6F467760D3F769F86F467760D3F71E
:103F5000D5FD002807D06F467760D3F775F8652147
:103F6000890037687850652080003768385801B478
:103F700008F012FE0AF01EF801B0092109F07DFFD9
:103F80001BD0652080003768385801B46520800058
:103F90003768385801B408F0FFFD0AF00BF801B09B
:103FA000032109F0CDFE01B40198009908F09DFBB2
:103FB00002B001B400F039F801B065208000376824
:103FC000385801B4029801B408F080FE6F4677605B
:103FD000D3F74EFD02B06F467760D3F71FF8652028
:103FE00080003768385801B4029801B408F06EFEBA
:103FF0006F467760D3F738F802B0002000BD0000AC
:104000007746009809F0D1FDBE4600B501980299A7
:104010004160002000BD0000012C0BDA00B508F063
:1040200051FE00F007F801B000BD7746009809F096
:1040300065FDBE4600B5019880686F467760D3F78E
:104040005DFD002808D00198806801B400F015F8E3
:1040500001B0019806218160019801B4FEF770FA61
:1040600001B0002000BD0000012C0BDA00B508F003
:1040700029FE00F007F801B000BD7746009809F06E
:1040800094FDBE4600B5019806214160002000BDA8
:10409000022C0BDA00B508F01FFE00F007F802B0A2
:1040A00000BD7746009809F029FDBE4600B5002006
:1040B00001B4029801B4FFF7BDFF01B042486F465A
:1040C0007760D4F717FE01B4039801B4019801B4E6
:1040D000FFF796FF02B003980099816001BC009041
:1040E00002203A496F467760D4F7D2FD01B400212F
:1040F000019A6F467760D3F729F800980121039A57
:104100006F467760D3F722F80398806802BC09F005
:104110004CFD8160029801B4FFF706FF01B00298E0
:1041200080680346039801B408B4FEF732FA02B07F
:10413000002001B000BD0000ECB101000000000053
:104140004541030000B5E86801B42869806801B4FE
:104150000198009909F0CDFE02B004D0286901B49D
:10416000FEF7EEF901B0002000BD0000022C0BDAD2
:1041700000B508F0B1FD00F007F802B000BD7746C9
:10418000009809F0BBFCBE4600B50A2001B40398B4
:1041900001B4039801B4FEF743F903B0002000BD59
:1041A000012C0BDA00B508F08DFD00F007F801B026
:1041B00000BD7746009809F0A1FCBE4600B5019805
:1041C000406800BDFFFD0100900904003841030074
:1041D000032C0BDA00B508F088FD00F007F803B0F7
:1041E00000BD7746009809F035FCBE4600B50020BA
:1041F00001B4FDF75FFE08F047FD806801B400F0F0
:10420000B2F801B06F467760D3F778FC6F467760FD
:10421000D2F7DEFD6F467760D2F700FF6F4677601A
:10422000D3F76CFC002800D046E00298006901B486
:1042300000216F467760D3F7FBFB01B00090039835
:104240006F467760D3F75AFC002801D0039800E04E
:104250001F2001B4039802BC016100986F4677608B
:10426000D3F74CFC6F467760D2F7B2FD6F467760AC
:10427000D2F7D4FE6F467760D3F740FC00281BD0FE
:104280000220BD496F467760D4F702FD01B40021DA
:10429000039A6F467760D2F759FF00980121059A7B
:1042A0006F467760D2F752FF009808F047FC6F46E0
:1042B0007760D1F7EFFE01B0002001B000BD000033
:1042C000ECB1010000000000CD42030000B5E86839
:1042D0000069012109F0D1FD27D0E86801B400F0A0
:1042E00029F801B406BC02B404B4FBF773FA02B0B7
:1042F00028696F467760D3F701FC002801D0286950
:1043000001E0E868406801B4FDF72CFF01B0E868FF
:1043100001B401B401980069032109F011FD01B451
:1043200001980099016103B0D1E7E86800210161BB
:10433000002000BD00B5002001B4FDF7BBFD0090DA
:10434000009808F0A1FC806801B4F2F724FB01B0EA
:1043500001B000BD012C0BDA00B508F0B3FC00F091
:1043600007F801B000BD7746009809F007FABE468D
:1043700000B5019880686F467760D3F7BFFB6F4642
:104380007760D2F725FD6F467760D2F747FE6F461C
:104390007760D3F7B3FB6F467760D2F719FD6F46AE
:1043A0007760D2F73BFE00BD012C0BDA00B508F0B8
:1043B00089FC00F007F801B000BD7746009809F0CD
:1043C000ACFABE4600B56F467760D2F751FB01B438
:1043D0000298406901B408F0DFFB09F0EBFD01B081
:1043E00001B408F036FD6F467760D2F77DFB02B06E
:1043F00001B408F036FD61496F467760D2F774FB6F
:1044000001B001B40298406903465D4801B408B4A4
:10441000ECF730FF02B001B408F0BEFB09F0CAFDB2
:1044200001B001B408F009FD6F467760D2F75CFB7C
:1044300002B001B408F015FD52496F467760D2F71B
:1044400053FB01B000BD0000ECB101000000000012
:1044500055440300012C06DA00B508F033FC00F0E7
:1044600002F801B000BD00B501986F467760D3F740
:1044700045FB6F467760D2F7ABFC6F467760D2F7AB
:10448000CDFD6F467760D3F739FB6F467760D2F783
:104490009FFC6F467760D2F7C1FD00BD042C0BDA9C
:1044A00000B508F0D4FE00F007F804B000BD774670
:1044B000009809F024FABE4600B5002001B401B40A
:1044C00001B4059801B4069808F01DFCC06801B459
:1044D0000198009908F017FCC16402B0059801B476
:1044E000069808F010FC006901B40198009908F0E2
:1044F0000AFC016502B0059801B4069808F003FCB7
:10450000C068079909F00CFC01B40198009908F003
:10451000FAFBC16002B0059801B4069808F0F3FBFD
:104520000069089909F0FCFB01B40198009908F0B2
:10453000EAFB016102B0FDF7BDFC08F0A5FBC06815
:104540000090009801B46F467760D3F79FFA002877
:1045500002D1009801B007E00098009801B00098DF
:1045600001B4F5F74CFD01B06F467760D3F7C6FA9A
:10457000002809D1CBE00000C0420300B439040098
:1045800048440300C83904000498806901B4F6F770
:10459000C7FE01B00190069801B4F6F7C1FE01B064
:1045A00001B4EAF78BFE01B001B4029801B401989E
:1045B00000996F467760D3F70BFB02B001B46F46EA
:1045C0007760D3F763FA002802D1009801B015E0B4
:1045D0000098009801B0079801B4F6F7A1FE01B069
:1045E00001B4EAF76BFE01B001B4029801B401987E
:1045F00000996F467760D3F7EBFA02B06F467760A9
:10460000D3F77CFA00282ED0C6486F467760D4F7DF
:1046100071FB01B4069801B4079808F074FB406977
:1046200001B4089808F06FFB806901B40EBC0898CB
:1046300001B4089801B40A9801B40A9801B402B40C
:1046400004B408B4079801B402F03EF908B001BC04
:104650000290009801B4039801B4069801B400F0E8
:104660005BFC03B053E0059801B4019801B400F07D
:10467000F4FA02B001B46F467760D3F707FA002866
:1046800002D1009801B017E00098009801B000989E
:1046900001B4069801B4069801B400F049F803B0DB
:1046A0006F467760D3F72AFA6F467760D2F790FBB0
:1046B0006F467760D2F7B2FC6F467760D3F71EFA89
:1046C000002813D0059801B401B4019808F01BFB31
:1046D000C06F02210902013109F04FFB01B40198BA
:1046E000009908F010FBC16703B010E0059801B411
:1046F00001B4019808F007FBC06F8B4909F030FB4B
:1047000001B40198009908F0FEFAC16703B00020D7
:1047100003B000BD032C0BDA00B508F0E6FA00F098
:1047200007F803B000BD7746009809F0E8F8BE46E8
:1047300000B5002001B401B401B401B401B401B466
:1047400001B401B401B401B401B401B401B40F98CF
:1047500008F0D9FAC06F10210902013109F000FBFD
:104760006F467760D3F7CAF9002801D00A20C7E165
:104770000F9801B400F053FA01B06F467760D3F799
:10478000BDF96F467760D2F723FB6F467760D2F7AB
:1047900045FC6F467760D3F7B1F9002805D00F9834
:1047A00001B4342109F03DFA01B00F9808F0ABFADA
:1047B000C06E00901098406801B40099032009F081
:1047C000F7FA01B001900E9801B4F6F7E3FD01B0DD
:1047D00002900F9808F097FA006903900F9808F07C
:1047E00092FAC0680490009801B400F0FAF901B0A0
:1047F00001B4F6F795FD01B00590009801B400F002
:10480000CCF901B001B4F6F78BFD01B00690009829
:1048100001B400F0A4F901B001B4F6F781FD01B0D4
:104820000790009801B400F076F901B001B4F6F7F2
:1048300077FD01B008900898032109F071FA01B4DE
:10484000029801B4019800996F467760D2F71EFF75
:1048500002B009900998029909F023FB39D00F980A
:1048600001B4109808F04FFA006901B40B9801B434
:10487000FDF73CF901B001B4019802BC01B009F0A8
:104880005FFA01B40198009908F03DFA016102B0A5
:104890000F9801B4119801B400F0DFF902B06F462F
:1048A0007760D3F72BF96F467760D2F791FA6F46AE
:1048B0007760D2F7B3FB6F467760D3F71FF9002814
:1048C00002D042201CE104E00F98039908F01BFA83
:1048D0000161079801B4029801B4019800996F46EC
:1048E0007760D2F7BDFE02B001B46F467760D2F7B1
:1048F00081FF01B0032109F013FA01B4029801B459
:10490000019800996F467760D2F77EFE02B0079952
:1049100009F016FA0A900A98029909F0C2FA05D12C
:104920003EE00000FC090400FFFDFFFF0F9801B40A
:10493000109808F0E8F9006901B40C9801B4FDF78B
:10494000D5F801B001B4019802BC01B009F0E8F952
:1049500001B40198009908F0D6F9016102B00F98EE
:1049600001B4119801B400F078F902B06F46776095
:10497000D3F7C4F86F467760D2F72AFA6F467760AC
:10498000D2F74CFB6F467760D3F7B8F8002802D017
:104990004220B5E004E00F98039908F0B4F90161F2
:1049A0000698032109F0BCF901B4029801B40198FA
:1049B00000996F467760D2F769FE02B00B900B98B2
:1049C000029909F06EFA39D00F9801B4109808F0E6
:1049D0009AF9C06801B40D9801B4FDF787F801B0E9
:1049E00001B4019802BC01B009F0AAF901B4019820
:1049F000009908F088F9C16002B00F9801B41198CD
:104A000001B400F02AF902B06F467760D3F776F868
:104A10006F467760D2F7DCF96F467760D2F7FEFA1F
:104A20006F467760D3F76AF8002802D0422067E02B
:104A300004E00F98049908F066F9C160059801B484
:104A4000029801B4019800996F467760D2F708FE8A
:104A500002B001B46F467760D2F7CCFE01B00321FB
:104A600009F05EF901B4029801B4019800996F460B
:104A70007760D2F7C9FD02B0059909F061F90C9091
:104A80000C98029909F00DFA39D00F9801B41098DA
:104A900008F039F9C06801B40E9801B4FDF726F8A2
:104AA00001B001B4019802BC01B009F039F901B4B8
:104AB0000198009908F027F9C16002B00F9801B47D
:104AC000119801B400F0C9F802B06F467760D3F7CF
:104AD00015F86F467760D2F77BF96F467760D2F7AB
:104AE0009DFA6F467760D3F709F8002802D042207C
:104AF00006E004E00F98049908F005F9C1600A2067
:104B00000DB000BD012C0BDA00B508F0DBF800F0A9
:104B100007F801B000BD7746009808F073FCBE4668
:104B200000B50198806901B4029801B400F01CF846
:104B300001B001B4019802BC01B009F0F1F8022102
:104B40000902013109F0FCF800BD0000012C0BDA6C
:104B500000B508F0B7F800F007F801B000BD7746DF
:104B6000009808F04FFCBE4600B50198006901B4FA
:104B70000298806808F0C7F8006901B4019802BC87
:104B800001B009F0CDF800BD012C0BDA00B508F03A
:104B900099F800F007F801B000BD7746009808F0DA
:104BA00031FCBE4600B50198406901B4029801B4D9
:104BB00000F01CF801B001B4019802BC01B009F08A
:104BC000AFF802210902013109F0BAF800BD000076
:104BD000012C0BDA00B508F075F800F007F801B009
:104BE00000BD7746009808F00DFCBE4600B5019860
:104BF000C06801B40298806808F085F8C06801B404
:104C0000019802BC01B009F08BF800BD012C0BDA51
:104C100000B508F057F800F007F801B000BD77467E
:104C2000009808F070F8BE4600B50198C06D01B458
:104C300007F0C5FF6F467760D6F72AFC01B06F46D4
:104C40007760D2F7EBF900BD022C0BDA00B508F063
:104C500043F800F007F802B000BD7746009808F06E
:104C600017FEBE4600B5002001B401B401B401B482
:104C700001B401B401B4099808F045F8C06E009081
:104C8000009801B4FFF7ADFF01B001B40998406886
:104C900001B406BC02B404B4EDF7BCF902B0019053
:104CA000009801B4FFF779FF01B001B4099840689A
:104CB00001B406BC02B404B4EDF7ACF902B0029042
:104CC000009801B4FFF74BFF01B001B409984068A8
:104CD00001B406BC02B404B4EDF79CF902B0039031
:104CE000009801B4FFF717FF01B001B409984068BC
:104CF00001B406BC02B404B4EDF78CF902B0049020
:104D0000019805900598029909F0CBF823D00398F3
:104D100006900698049909F0C4F816D0069801B4D4
:104D2000069801B40A9801B400F026F803B06F4663
:104D30007760D2F7E3FE002801D042200CE006980D
:104D4000032108F0EDFF0690E3E70598032108F042
:104D5000E7FF0590D6E70A2007B000BD032C0BDA69
:104D600000B507F0C2FF00F007F803B000BD7746BA
:104D7000009808F08DFDBE4600B5019801B4F5F726
:104D800043F901B06F467760D2F7B8FE6F4677609F
:104D9000D2F71EF86F467760D2F740F96F4677601A
:104DA000D2F7ACFE002801D00A201DE00198C068AF
:104DB0000346039801B4039801B408B400F047F81F
:104DC00003B06F467760D2F799FE002801D04220E9
:104DD0000AE00198C0680346039801B4039801B43F
:104DE00008B400F00CF803B000BD0000032C0BDA8F
:104DF00000B507F07AFF00F007F803B000BD774672
:104E0000009808F053FDBE4600B50198806801B4D3
:104E1000039801B4059801B408F0DFFA6F46776093
:104E2000D6F75EFB03B009F008F801B405216F4620
:104E30007760D2F74DFD01B000BD0000032C0BDA06
:104E400000B507F052FF00F007F803B000BD774649
:104E5000009808F02BFDBE4600B5029801B4012170
:104E60006F467760D2F7C6FE01B001B46F46776037
:104E7000D2F70CFE002802D0009801B00EE0009896
:104E8000009801B0029801B40298806901B40198B9
:104E900000996F467760D2F7BFFE02B001B46F464B
:104EA0007760D2F7F3FD002802D0009801B00AE045
:104EB0000098009801B0039801B401216F46776013
:104EC000D2F798FE01B001B46F467760D2F7DEFDED
:104ED000002802D0009801B00EE00098009801B0C0
:104EE000039801B40298C06901B4019800996F4613
:104EF0007760D2F791FE02B000BD0000032C0BDA00
:104F000000B507F0F2FE00F007F803B000BD7746E9
:104F1000009808F0F4FCBE4600B5002001B401B4CE
:104F200001B401B401B401B401B401B401B401B4D9
:104F300001B401B401B401B401B401B401B401B4C9
:104F400001B401B401B401B401B401B401B401B4B9
:104F500001B401B401B401B401B401B4229808F061
:104F600070FE40680090009807F0CDFEC06F0221EF
:104F70000902013108F0F4FE6F467760D2F7BEFDFA
:104F8000002829D0009801B4249801B4FFF765FEE9
:104F900002B06F467760D2F7B1FD6F467760D1F708
:104FA00017FF6F467760D2F739F86F467760D2F710
:104FB000A5FD002810D0009801B401B4019807F0B5
:104FC000A2FEC06FC64908F0CBFE01B4019800995B
:104FD00007F099FEC16703B0009801B4FFF71FFE08
:104FE00001B06F467760D2F789FD6F467760D1F7E1
:104FF000EFFE6F467760D2F711F86F467760D2F711
:105000007DFD002805D0009801B4342108F009FE88
:1050100001B0009807F077FEC06E019023984068B9
:105020000290029801B40099032008F0C1FE01B07B
:105030000390009807F067FEC06801B4019807F07C
:1050400062FEC06C01B4019802BC01B008F078FEA9
:105050000490009807F057FE006901B4019807F02A
:1050600052FE006D01B4019802BC01B008F068FE68
:105070000590009807F047FEC06F16210902053120
:1050800008F06EFE6F467760D2F738FD6F467760A6
:10509000D1F79EFE6F467760D1F7C0FF6F4677600D
:1050A000D2F72CFD002801D100F036FD0498012133
:1050B00008F05BFF00D19AE2049801B401216F4629
:1050C0007760D2F7B9FD01B0069006986F46776019
:1050D000D2F714FD00280AD0019801B4FFF75DFD56
:1050E00001B002210902013108F01AFE09E001981D
:1050F00001B4FFF776FD01B002210902013108F089
:105100001FFE01210902013108F00AFE0346029840
:1051100001B408B4ECF77EFF02B007906F467760E9
:10512000D1F792FF0890019801B4FFF718FD01B084
:10513000059908F005FE0990099801B4049801B496
:10514000039801B4FFF7E7FC01B0079908F0F8FDF8
:1051500001B406BC02B404B4FDF7ECF802B001B42B
:105160000198009908F075FE02B06FD0099801B45B
:10517000029801B4FFF7CFFC01B0069908F0E0FDFA
:1051800001B406BC02B404B4ECF782FE02B0012103
:105190000902013108F0C4FD0346029801B408B4C5
:1051A000ECF738FF02B00A900A9801B4089801B4ED
:1051B000259801B4FFF7DBFD03B06F467760D2F7A7
:1051C0009DFC002839D00A9801B4089801B42598AC
:1051D00001B401F0ECFA03B00B90012041496F4695
:1051E0007760D3F755FD01B400210C9A6F467760C4
:1051F000D1F7ACFF0098099801B401F095FA02B01C
:105200006F467760D2F77AFC6F467760D1F7E0FDA2
:105210006F467760D1F702FF6F467760D2F76EFC7A
:1052200000280AD0089801B40C9801B407F04EFD8C
:105230006F467760D1F718FF02B0099801B404985F
:1052400001B4FDF777F802B0099075E7089801B44A
:1052500007F0A2FC08F0AEFE01B06F467760D2F70F
:105260004DFC002800D1C2E106986F467760D2F766
:1052700045FC002801D0052000E001200C90069894
:105280006F467760D2F73AFC002818D0079801B42F
:10529000039801B40198009908F08AFD02B001B4A6
:1052A000FCF724FC01B001B4029808F0ABF84069A7
:1052B00001B4019802BC01B008F042FD14E0079867
:1052C000032108F02DFD01B4039801B40198009961
:1052D00008F06EFD02B001B4FCF708FC01B003E079
:1052E000FFFDFFFF505D030001B4019801B4039876
:1052F00008F088F8C06801B4029802BC0027019742
:1053000008F01EFD01B40198009907F0FCFCC16093
:1053100003B000200D9008980E9001200F900F9878
:1053200001B40F986F467760D1F798FE08F085FDBD
:1053300001B4019800996F467760D2F737FC02B04C
:10534000002839D00E9801B4109808F06CFD01B413
:10535000019800996F467760D1F790FE02B00D90EA
:10536000009807F0D0FCC06F16210902053108F043
:10537000F7FC6F467760D2F7C1FB6F467760D1F7D5
:1053800027FD6F467760D1F749FE6F467760D2F709
:10539000B5FB00280AD0239801B40E9801B40E98EA
:1053A00001B4039801B401F056F804B00F9803213A
:1053B00008F0B6FC0F90B2E700200E90009807F0BE
:1053C000A2FCC06F212108F0CBFC6F467760D2F7BA
:1053D00095FB002809D0002001B4002001B40298F8
:1053E00001B4F9F7D0FD03B001E1009807F08BFCA0
:1053F000406901B4239808F024FC806801B4019846
:1054000000996F467760D2F763FA02B001B46F4635
:105410007760D2F73BFB002802D1009801B017E07B
:105420000098009801B0009807F06DFCC06F16213D
:105430000902053108F094FC6F467760D2F75EFBF5
:105440006F467760D1F7C4FC6F467760D1F7E6FD11
:105450006F467760D2F752FB002800D1A2E0009897
:1054600007F051FCC06F412108F07AFC6F4677606D
:10547000D2F744FB002800D189E006986F46776098
:10548000D2F73CFB6F467760D1F7A2FC6F4677609E
:10549000D1F7C4FD01B46F467760D2F7F7FA002860
:1054A00002D1009801B00EE00098009801B0009879
:1054B00001B4E8F7D8FD01B001B401216F4677606F
:1054C000D2F798FB01B001B46F467760D2F7DEFAED
:1054D000002802D0009801B01CE00098009801B0AC
:1054E000069801B46F467760D2F7D0FA002802D14F
:1054F000009801B00EE00098009801B0009801B447
:10550000E8F7B1FD01B001B401216F467760D2F731
:1055100093FB01B06F467760D2F7F0FA002835D0E0
:10552000009801B4019807F0EEFB406901B4012036
:1055300002BC08F005FC01B40198009907F0E3FBF8
:10554000416102B0229801B4239808F07AFB806987
:1055500001B4012002BC08F0F3FB01B401980099EA
:1055600008F06FFB816102B0229801B4239808F023
:1055700068FB006901B4012002BC08F0E1FB01B442
:105580000198009908F05DFB016102B009E02298E2
:10559000012108F056FB01610098012107F0B3FBDF
:1055A000416124E0009807F0AEFB406901B4F5F7D3
:1055B000B7FE01B001B400F033FF01B001B423988D
:1055C00008F03FFB806801B4F5F7AAFE01B001B412
:1055D00000F026FF01B001B40198009908F09DFC8D
:1055E00002B004D02298012108F02BFB016105983C
:1055F000012108F0BAFC00D18EE2059801B4012126
:105600006F467760D2F718FB01B0109010986F4684
:105610007760D2F773FA00280AD0019801B4FFF737
:105620007AFA01B002210902013108F079FB09E0A0
:10563000019801B4FFF793FA01B002210902013188
:1056400008F07EFB01210902013108F069FB0346E5
:10565000029801B408B4ECF7DDFC02B011906F467B
:105660007760D1F7F1FC1290019801B4FFF7B9FA15
:1056700001B01390139801B4049801B4039801B4D5
:10568000FFF78BFA01B001B406BC02B404B4FCF716
:1056900051FE02B001B40198009908F0DAFB02B0A3
:1056A0006CD0139801B4029801B4FFF776FA01B0F8
:1056B00001B406BC02B404B4ECF7EAFB02B0012169
:1056C0000902013108F02CFB0346029801B408B42A
:1056D000ECF7A0FC02B01490119801B4159801B435
:1056E000259801B4FFF743FB03B06F467760D2F70C
:1056F00005FA002839D0119801B4159801B42598FD
:1057000001B401F054F803B015900120C3496F466D
:105710007760D3F7BDFA01B40021169A6F4677601F
:10572000D1F714FD0098139801B400F0FDFF02B00A
:105730006F467760D2F7E2F96F467760D1F748FBA2
:105740006F467760D1F76AFC6F467760D2F7D6F97B
:1057500000280AD0129801B4169801B407F0B6FADE
:105760006F467760D1F780FC02B0139801B40498BB
:1057700001B4FCF7DFFD02B013907BE7129801B48F
:1057800007F00AFA08F016FC01B06F467760D2F70E
:10579000B5F9002800D1BFE110986F467760D2F7C5
:1057A000ADF9002801D0072000E0032016901098E2
:1057B0006F467760D2F7A2F9002818D0119801B48B
:1057C000039801B40198009908F0F2FA02B001B40C
:1057D000FCF78CF901B001B4029807F013FE806960
:1057E00001B4019802BC01B008F0AAFA0FE01198C8
:1057F000032108F095FA01B4039801B401980099C7
:1058000008F0D6FA02B001B4FCF770F901B001B4A7
:10581000019801B4039807F0F5FD006901B40298FE
:1058200002BC0027019708F08BFA01B40198009997
:1058300007F069FA016103B00020179012981890E0
:1058400001201990199801B419986F467760D1F723
:1058500005FC08F0F2FA01B4019800996F467760F0
:10586000D2F7A4F902B0002839D0189801B41A98D8
:1058700008F0D9FA01B4019800996F467760D1F722
:10588000FDFB02B01790009807F03DFAC06F16219B
:105890000902053108F064FA6F467760D2F72EF9F5
:1058A0006F467760D1F794FA6F467760D1F7B6FB11
:1058B0006F467760D2F722F900280AD0239801B406
:1058C000189801B4189801B4039801B400F0C3FD0E
:1058D00004B01998032108F023FA1990B2E70020C8
:1058E0001890009807F00FFAC06F212108F038FADD
:1058F0006F467760D2F702F9002809D0002001B482
:10590000002001B4029801B4F9F73DFB03B003E1B4
:10591000009807F0F8F9806901B4239808F091F92C
:10592000C06801B4019800996F467760D1F7D0FF45
:1059300002B001B46F467760D2F7A8F8002802D110
:10594000009801B017E00098009801B0009807F0A7
:10595000DAF9C06F16210902053108F001FA6F4625
:105960007760D2F7CBF86F467760D1F731FA6F46A0
:105970007760D1F753FB6F467760D2F7BFF8002806
:1059800000D1A4E0009807F0BEF9C06F412108F0F3
:10599000E7F96F467760D2F7B1F8002800D18BE0C5
:1059A00010986F467760D2F7A9F86F467760D1F705
:1059B0000FFA6F467760D1F731FB01B46F4677601D
:1059C000D2F764F8002802D1009801B00EE00098E8
:1059D000009801B0009801B4E8F70BFB01B001B4E6
:1059E00001216F467760D2F705F901B001B46F4627
:1059F0007760D2F74BF8002802D0009801B01EE083
:105A00000098009801B0109801B46F467760D2F703
:105A10003DF8002804D1009801B010E0945D030027
:105A20000098009801B0009801B4E8F7E2FA01B0DC
:105A300001B401216F467760D2F7FEF801B06F46DE
:105A40007760D2F75BF8002835D0009801B4019850
:105A500007F059F9806901B4012002BC08F070F91F
:105A600001B40198009907F04EF9816102B02298C3
:105A700001B4239808F0E5F8C06901B4012002BC24
:105A800008F05EF901B40198009908F0DAF8C161F4
:105A900002B0229801B4239808F0D3F8406901B409
:105AA000012002BC08F04CF901B40198009908F0FB
:105AB000C8F8416102B009E02298012108F0C1F85C
:105AC00041610098012107F01EF9816124E00098EE
:105AD00007F019F9806901B4F5F722FC01B001B4AF
:105AE00000F09EFC01B001B4239808F0AAF8C06849
:105AF00001B4F5F715FC01B001B400F091FC01B060
:105B000001B40198009908F008FA02B004D0229874
:105B1000012108F096F84161009807F0F4F8C06F91
:105B20000C210902053108F01BF96F467760D1F7A7
:105B3000E5FF6F467760D1F74BF96F467760D1F795
:105B40006DFA6F467760D1F7D9FF002800D1FCE0ED
:105B50006F467760D1F778FA1A90019801B4FFF791
:105B600040F801B01B901B9801B4049801B403984D
:105B700001B4FFF712F801B001B406BC02B404B4DA
:105B8000FCF7D8FB02B001B40198009908F061F964
:105B900002B000D1C3E01B9801B4029801B4FEF733
:105BA000FCFF01B001B406BC02B404B4ECF770F918
:105BB00002B001210902013108F0B2F8034602984F
:105BC00001B408B4ECF726FA02B01C90019801B4B5
:105BD000FEF7C5FF01B01D901D9801B4049801B4F3
:105BE000039801B4FEF797FF01B001B406BC02B4FC
:105BF00004B4FCF79FFB02B001B40198009908F0CF
:105C000028F902B000D181E01D9801B4029801B4D6
:105C1000FEF781FF01B001B406BC02B404B4ECF796
:105C200037F902B001210902013108F079F8034681
:105C3000029801B408B4ECF7EDF902B01E901E987A
:105C400001B41D9801B4259801B4FFF790F803B092
:105C50006F467760D1F752FF6F467760D1F7B8F89B
:105C60006F467760D1F7DAF901B46F467760D1F704
:105C70000DFF002802D0009801B023E000980098A2
:105C800001B0009807F03FF8C06F10210902013100
:105C900008F066F86F467760D1F730FF6F4677609F
:105CA000D1F796F86F467760D1F7B8F96F4677600D
:105CB000D1F724FF6F467760D1F78AF86F46776097
:105CC000D1F7ACF96F467760D1F718FF002814D0F0
:105CD0001E9801B41D9801B4259801B400F075FB1D
:105CE00003B01F901A9801B4209801B406F0EEFF9B
:105CF0006F467760D1F7B8F902B01D9801B40498E7
:105D000001B4FCF717FB02B01D9065E71B9801B4C6
:105D1000049801B4FCF70EFB02B01B9023E71A981D
:105D200001B406F039FF08F045F901B06F4677601D
:105D3000D1F7E4FE002808D01A9801B4019801B404
:105D4000239801B400F056F803B0002020B000BD45
:105D5000ECB10100000000005D5D0300012C06DADB
:105D600000B506F0AFFF00F002F801B000BD00B5CD
:105D7000019807F074FFC06801B4E86807F06FFF8E
:105D8000C06801B4019800996F467760D1F7A0FD13
:105D900002B000BDECB1010000000000A15D0300F5
:105DA000012C06DA00B506F08DFF00F002F801B014
:105DB00000BD00B5019807F052FFC06801B4E86863
:105DC00007F04DFFC06801B4019800996F467760F5
:105DD000D1F77EFD02B000BD032C0BDA00B506F052
:105DE00084FF00F007F803B000BD7746009807F085
:105DF00086FDBE4600B5002001B401B401B401B473
:105E000001B46F467760D1F71FF900900020019030
:105E10000898029001200390039801B403986F46FC
:105E20007760D1F71BF908F008F801B401980099E0
:105E30006F467760D1F7BAFE02B0002800D17EE04D
:105E4000029801B4049807F0EEFF01B4019800999C
:105E50006F467760D1F712F902B001900120BA497C
:105E60006F467760D2F714FF01B40021029A6F46A3
:105E70007760D1F76BF90098019801B400F054FCF9
:105E800002B06F467760D1F739FE002800D050E0AD
:105E9000009801B4029801B406F018FF6F467760CD
:105EA000D1F7E2F802B0FCF705F806F0EDFE806BE2
:105EB000049004986F467760D1F720FE002838D010
:105EC0000220A2496F467760D2F7E2FE01B40021BA
:105ED000089A6F467760D1F739F900980121029A44
:105EE0006F467760D1F732F9022099496F467760A3
:105EF000D2F7CEFE01B40021099A6F467760D1F740
:105F000025F900980121039A6F467760D1F71EF9B1
:105F1000019801B4079801B4EBF7ACF902B000277F
:105F20000197034601BC01B001B408B4E9F7ACFF26
:105F300002B00398032107F0F3FE03906CE7002002
:105F40000290002005B000BDECB10100000000008F
:105F5000555F0300012C06DA00B506F0B3FE00F031
:105F600002F801B000BD00B50198806801B4E8688E
:105F7000806801B4019800996F467760D1F7A8FC5A
:105F800002B001B46F467760D1F780FD002802D1DE
:105F9000009801B00FE00098009801B001984068A7
:105FA00001B4E868406801B4019800996F467760D1
:105FB000D1F78EFC02B000BDECB101000000000082
:105FC000C55F0300012C06DA00B506F07BFE00F089
:105FD00002F801B000BD00B5019807F07BF94068F8
:105FE00001B4E868406C01B4019800996F4677608D
:105FF000D1F716FD02B001B46F467760D1F746FDC8
:10600000002802D1009801B018E00098009801B073
:10601000019807F05FF9806801B4286901B400F0C5
:1060200034F801B001B407F00DFC6F467760D5F786
:106030002DFD02B06F467760D0F7F0FF00BD000085
:10604000ECB10100000000004D600300012C06DAF5
:1060500000B506F037FE00F002F801B000BD00B553
:10606000286901B4E86801B4039801B4CC2107F0B1
:106070005CF803B0002000BD012C0BDA00B506F07F
:1060800021FE00F007F801B000BD7746009807F048
:10609000F4FDBE4600B50198C06801B40298C0681E
:1060A00001B40398806801B40498406801B40EBC40
:1060B00002B404B408B400F012F803B001B406BC92
:1060C00002B404B400F07BF802B000BD032C0BDA7C
:1060D00000B506F00AFE00F007F803B000BD7746F1
:1060E000009807F0D5FBBE4600B50198C06803468E
:1060F000039801B4039801B408B400F00CF803B09D
:1061000000BD0000032C0BDA00B506F0EEFD00F038
:1061100007F803B000BD7746009807F0C7FBBE46FE
:1061200000B5039801B4039801B4039801B4FEF7D5
:1061300093FE03B06F467760D1F7E0FC002809D0EA
:10614000012032E006E00000485F0300B85F030072
:10615000406003000198406801B40398012107F0F2
:106160000CFE0146092007F0DBFD01B40598012172
:1061700007F003FE01B40498806901B40198009906
:106180006F467760D1F740FA02B001B401980099E8
:1061900007F0C6FD02B001B407F07DFD6F467760E1
:1061A000CFF7E6FC02B007F048FE00BD022C0BDA88
:1061B00000B506F091FD00F007F802B000BD77468B
:1061C000009807F065FBBE4600B50198C06803461D
:1061D000029801B408B400F00CF802B000BD000051
:1061E000022C0BDA00B506F077FD00F007F802B0DC
:1061F00000BD7746009807F059FBBE4600B5002069
:1062000001B401B401B40498406901B400990320B9
:1062100007F0CEFD01B000900498006901B4069823
:1062200001B40198009906F060FA02B0019001985B
:106230006F467760D1F762FC6F467760D0F7C8FD94
:106240006F467760D0F7EAFE6F467760D1F756FC6D
:10625000002877D00498C06801B4069801B401986A
:10626000009906F042FA02B0029002986F467760F9
:10627000D1F744FC002865D0029801B406F09FFCD9
:106280006F467760D5F7F4F801B007F0D6FD01B49A
:10629000019801B4019800996F467760D1F798FC96
:1062A00002B001B46F467760D1F7F0FB002802D14D
:1062B000009801B017E00098009801B0029801B46E
:1062C00006F07DFC6F467760D5F7D6F801B007F091
:1062D000B4FD01B4019801B4019800996F4677604C
:1062E000D1F776FC02B06F467760D1F707FC002843
:1062F00002D00298019018E0009801B4019801B40E
:1063000006F0D0FC6F467760D7F70EF802B0019028
:10631000019801B4039801B407F094FA0022002315
:106320006F467760D7F75EFF02B00498006901B44A
:10633000069801B4039801B402980199009A06F0F6
:106340001FFA03B0019803B000BD0000012C0BDA66
:1063500000B506F0B7FC00F007F801B000BD7746C5
:10636000009807F0A3FABE4600B50198406900BD49
:10637000012C0BDA00B506F0A5FC00F007F801B01F
:1063800000BD7746009807F078FCBE4600B501983E
:10639000406800BD012C0BDA00B506F093FC00F05C
:1063A00007F801B000BD7746009807F066FCBE46CE
:1063B00000B50198806800BD032C0BDA00B506F02B
:1063C00094FC00F007F803B000BD7746009807F092
:1063D0005FFABE4600B5C1486F467760D2F78AFCC7
:1063E00001B4029801B4059801B4059801B403986A
:1063F00001B400F003F804B001BC00BD774600987A
:1064000007F03BFCBE4600B50198029981600198F7
:106410000399416001980499C160002000BD00000B
:1064200000B50198012107F064FD01D0012008E0CA
:106430000198012107F021FD01D0032001E0012096
:10644000404200BD042C0BDA00B506F000FF00F05E
:1064500007F804B000BD7746009806F054FCBE462D
:1064600000B5002001B401B401B401B40598006E78
:1064700001B4079801B4099801B402980199009AEF
:1064800006F07EF903B0FBF715FD06F0FDFBC06BCF
:1064900001B4089801B401210902B53106F098FB56
:1064A00001B001B40198009906F01FF902B0009004
:1064B000FBF700FD06F0E8FB006C019000986F46CA
:1064C0007760D1F71BFB00282AD0012084496F4652
:1064D0007760D2F7DDFB01B40021069A6F46776042
:1064E000D0F734FE01207F496F467760D2F7D0FBAA
:1064F00001B40021079A6F467760D0F727FE019814
:1065000001B4039801B4EAF7B5FE02B00027019781
:10651000034601BC01B001B408B4E9F7B5FC02B010
:1065200001986F467760D1F7E9FA002879D008988A
:1065300001B46F467760D1F7A9FA002802D000981D
:1065400001B007E00098009801B0FBF7B3FC06F03B
:106550009BFBC0680890012063496F467760D2F7C3
:1065600097FB01B40021069A6F467760D0F7EEFDE5
:106570000098029801B4EAF77DFE02B002900298FA
:1065800001B406F009FB07F015FD01B06F46776016
:10659000D1F7B4FA002844D0089801B4089801B49F
:1065A000FF2106F015FB01B001B40A98406801B460
:1065B0000198009907F026FC02B001B4099801B4D3
:1065C0000721890106F004FB01B001B40B98406873
:1065D00001B40198009907F015FC02B001B40EBC9B
:1065E00002B404B408B4FFF7F0FE03B00390022035
:1065F0003E496F467760D2F74BFB01B40021069A03
:106600006F467760D0F7A2FD00980121049A6F468B
:106610007760D0F79BFD0098039801B4E9F734FC4C
:1066200002B0002004B000BDECB101000000000089
:1066300035660300012C06DA00B506F043FB00F0D6
:1066400002F801B000BD00B5019806F043FE4068B5
:1066500001B4E868406C01B4019800996F46776016
:10666000D1F7DEF902B000BDECB10100000000007E
:1066700075660300012C06DA00B506F023FB00F076
:1066800002F801B000BD00B5E86801B4029801B499
:10669000CC2106F02BFE02B0002000BDECB10100C1
:1066A00000000000A9660300012C06DA00B506F020
:1066B00009FB00F002F801B000BD00B5019806F03A
:1066C00009FE406801B4E868406C01B40198009983
:1066D0006F467760D1F7A4F902B000BD780A0400D4
:1066E00028660300686603009C660300F0660300EA
:1066F000ECB1010000000000FD660300012C06DA89
:1067000000B506F0DFFA00F002F801B000BD00B5F8
:10671000286901B4E86801B4039801B4CC2106F0FB
:1067200004FD03B0002000BD00B5002001B401B499
:10673000039801B406F030FA07F03CFC01B0009079
:10674000012001900198009907F083FB22D0049862
:1067500001B4049801B4039801B40198009905F0BC
:10676000C4FF02B001B406BC04B4029801B402B480
:10677000029806F00DFC03B06F467760D1F7BEF9C2
:10678000002801D0422006E00198032107F0C8FA52
:106790000190D7E70A2002B000BD0000032C0BDAFD
:1067A00000B506F0A2FA00F007F803B000BD774686
:1067B000009807F06DF8BE4600B5002001B401B4A2
:1067C0000398C0680346059801B4059801B408B45D
:1067D000FEF73DFB03B06F467760D1F78FF90028D5
:1067E00001D001200AE00398C0680346059801B46F
:1067F000059801B408B4FFF78EFC03B0009003982D
:10680000C0680346009801B408B4FFF7F2FC02B078
:106810000190C4486F467760D2F76CFA01B40298D1
:1068200001B4079801B40698406801B40198009932
:1068300007F0BEFA02B001B4079801B407984068A7
:1068400001B40198009907F0B3FA02B001B40798B7
:10685000806801B41EBC019801B402B404B408B449
:1068600010B4059801B400F017F806B001BC02B0EE
:1068700000BD0000012C0BDA00B506F023FA00F091
:1068800007F801B000BD7746009807F001F8BE4652
:1068900000B50198806800BD7746009807F0DFF9E1
:1068A000BE4600B501980299816001980599416042
:1068B0000198039901610198049941610198069931
:1068C000C160002000BD00007746009807F0B9F9CC
:1068D000BE4600B501980299416001980399816014
:1068E00001980499C1600198059901610198069980
:1068F000416101980799816101980899C16100205F
:1069000000BD0000022C0BDA00B506F0E5F900F03E
:1069100007F802B000BD7746009806F0F0FFBE46CB
:1069200000B5002001B401B401B401B401B401B454
:1069300001B401B401B401B401B401B401B401B4AF
:1069400001B401B401B401B401B4159801B4072134
:106950000902D1316F467760D0F756FE01B001B41D
:10696000C92001B4EBF706FF02B00090009801B413
:1069700006F0E9F802216F467760D0F761FB01B0BD
:1069800007F05BFA0190FBF795FA0290029806F087
:106990007BF9C0680390032063496F467760D2F7A4
:1069A00077F901B40021159A6F467760D0F7CEFBD6
:1069B00000980121019A6F467760D0F7C7FB0098D5
:1069C0000221029A6F467760D0F7C0FB15984068A5
:1069D0000346009808B4F1F7CFFD02B00490149874
:1069E00040680346514801B408B4E9F74DFA02B0D3
:1069F0001498806801B402F018FE01B01498806801
:106A000001B41598406801B406BC02B404B402F0A5
:106A100000FD02B01498C06801B41598406901B433
:106A200006BC02B404B4EAF73BFB02B0034600988C
:106A300001B408B4F3F7CCFF02B00346072000020C
:106A4000D13001B408B402F0CBFC02B001B4F4F7C9
:106A500067FC01B00590029806F016F9006B03463A
:106A6000002001B4002001B408B4E9F79FF903B095
:106A70000690012007906F467760D0F7E5FA01B4E1
:106A800001B4069801B4019800996F467760D0F779
:106A9000EBFA02B06F467760D0F7D6FA01B40099EE
:106AA00001986F467760D0F7DFFA01B0009801B423
:106AB00001B001BC089001200990099801B4069822
:106AC00001B4019800996F467760D1F793F802B04E
:106AD00001B46F467760D0F7D9FF002802D1009843
:106AE00001B018E00098009801B0089801B4089827
:106AF00001B40198009905F0F8FD02B001B406F068
:106B00004BF807F057FA01B001B401216F467760E6
:106B1000D0F7E6FE01B06F467760D0F7EFFF0028B0
:106B200006D15AE3240B0400E0710300187203003D
:106B3000089801B4089801B40198009905F0D5FDB2
:106B400002B00A900798032107F024F907900898EB
:106B500001B4089801B40198009905F0C6FD02B08F
:106B60000B9000200C900A980D9001200E900E982A
:106B700001B40E986F467760D0F770FA07F05DF9B0
:106B800001B4019800996F467760D1F70FF802B011
:106B9000002800D1F9E20D9801B40F9807F043F9ED
:106BA00001B4019800996F467760D0F767FA02B098
:106BB0000C900C9807F045F840680F900C9807F07F
:106BC00040F8806801B4109806F09DF8406901B45F
:106BD0000198009907F0C9F902B000D197E00F9829
:106BE00006F091F84069012107F083F905D00C986F
:106BF000012107F026F801617CE00F9806F083F888
:106C0000406901B401216F467760D0F7F3FF01B00E
:106C100001B46F467760D0F739FF002802D10098A1
:106C200001B00DE00098009801B00C9807F009F849
:106C3000806801B401216F467760D0F7FDFF01B095
:106C400001B46F467760D0F721FF002802D000988A
:106C500001B025E00098009801B00F9806F053F8B5
:106C6000406901B401216F467760D0F7E5FF01B0BC
:106C700001B46F467760D0F709FF002802D1009871
:106C800001B00DE00098009801B00C9806F0D9FF13
:106C9000806801B401216F467760D0F7ABFF01B087
:106CA0006F467760D0F72AFF002823D00C9801B4F4
:106CB0000D9806F0C6FF006901B4012002BC07F080
:106CC0003FF801B40198009906F0BBFF016102B0E2
:106CD0000C9801B40D9806F0B4FF806901B401204E
:106CE00002BC07F02DF801B40198009906F0A9FF45
:106CF000816102B00C9801B4109806F004F8406964
:106D000001B40198009906F09CFF816002B00C98D4
:106D100006F097FFC06801B4109805F0F4FF806991
:106D200001B40198009907F020F902B000D197E072
:106D30000F9805F0E8FF8069012107F0DAF805D027
:106D40000C98012106F07DFF41617CE00F9805F071
:106D5000DAFF806901B401216F467760D0F74AFFFE
:106D600001B001B46F467760D0F790FE002802D1E1
:106D7000009801B00DE00098009801B00C9806F062
:106D800060FFC06801B401216F467760D0F754FFFF
:106D900001B001B46F467760D0F778FE002802D0CA
:106DA000009801B025E00098009801B00F9805F018
:106DB000AAFF806901B401216F467760D0F73CFFDC
:106DC00001B001B46F467760D0F760FE002802D1B1
:106DD000009801B00DE00098009801B00C9806F002
:106DE00030FFC06801B401216F467760D0F702FF21
:106DF00001B06F467760D0F781FE002823D00C9851
:106E000001B40D9806F01DFF406901B4012002BCD9
:106E100006F096FF01B40198009906F012FF416157
:106E200002B00C9801B40D9806F00BFFC06901B4D4
:106E3000012002BC06F084FF01B40198009906F01D
:106E400000FFC16102B00C9801B4109805F05BFF1F
:106E5000806901B40198009906F0F3FEC16002B0A8
:106E60000C9806F0EEFE806901B4EBF7CDF901B0A5
:106E700001B40D9806F0E5FE006901B4EBF7C4F922
:106E800001B001B40198009906F0F7FF02B004D0F8
:106E90000C9806F0D6FE006903E00C9806F0D1FECF
:106EA000806910900C9806F0CCFEC06901B4EBF735
:106EB000ABF901B001B40D9806F0C3FE406901B40E
:106EC000EBF7A2F901B001B40198009906F0D5FFE3
:106ED00002B004D00C9806F0B4FE406903E00C98B0
:106EE00006F0AFFEC06911900C9801B40D9806F041
:106EF000A8FE0069119906F023FF01B401980099DA
:106F000006F09FFE016102B00C9801B40D9806F0E6
:106F100098FE4069129906F013FF01B40198009998
:106F200006F08FFE416102B00F9801B4109805F091
:106F3000EAFEC06801B40198009905F0E4FEC1645E
:106F400002B00F9801B4109805F0DDFE006901B49D
:106F50000198009905F0D7FE016502B00F9801B4C1
:106F6000109805F0D0FEC068119906F0D9FE01B462
:106F70000198009905F0C7FEC16002B00F9801B4F6
:106F8000109805F0C0FE0069129906F0C9FE01B420
:106F90000198009905F0B7FE016102B00F9805F065
:106FA000B2FEC06F24210902053106F0D9FE6F46FA
:106FB0007760D0F7A3FD6F467760CFF709FF6F4684
:106FC0007760D0F72BF801B46F467760D0F75EFD9D
:106FD000002802D1009801B00CE00098009801B0A0
:106FE0000F9805F090FE806F01B405F0D5FD06F016
:106FF000E1FF01B06F467760D0F780FD002808D030
:107000001498806803460F9801B408B402F049F858
:1070100002B0039801B46F467760D0F737FD0028BF
:1070200002D1009801B007E00098009801B00398E1
:1070300001B4F2F7E4FF01B06F467760D0F75EFD70
:10704000002808D0039801B40D9801B4169801B433
:10705000FDF762FF03B00F9805F055FEC06F4121A8
:1070600006F07EFE12900F9805F04DFEC06F1121C4
:1070700006F076FE01B46F467760D0F707FD002872
:1070800002D0009801B01DE00098009801B012985D
:1070900001B46F467760D0F7F9FC002802D1009860
:1070A00001B00FE00098009801B003986F46776038
:1070B000D0F724FD6F467760CFF78AFE6F46776082
:1070C000CFF7ACFF6F467760D0F718FD002812D0DD
:1070D000149801B40D9801B4149801B4059805F002
:1070E000D3FD006A01B41EBC02B404B408B410B4E9
:1070F00001F07EFD04B00C9806F0A3FD006901B418
:10710000EBF782F801B001B43768B86A01B40198AE
:1071100000996F467760D0F78FFD02B001B46F46DB
:107120007760D0F7B3FC002802D0009801B015E0DA
:107130000098009801B00C9806F083FD406901B4F6
:10714000EBF762F801B001B43768B86A01B401988E
:1071500000996F467760D0F76FFD02B06F46776099
:10716000D0F7CCFC00280AD00B9801B40D9801B4DC
:1071700005F0ACFD6F467760CFF776FF02B00E9852
:10718000032106F0CDFD0E90F1E400200D9006984D
:1071900001B40B9801B4169801B400F07FF803B065
:1071A0000A9801B405F0F8FC06F004FF01B06F4640
:1071B0007760D0F7A3FC002809D00A9801B405F045
:1071C000EBFC6F467760CFF755FF01B0E8E7099811
:1071D000032106F0A5FD09906FE4002013B000BD67
:1071E000ECB1010000000000ED710300012C06DA93
:1071F00000B505F067FD00F002F801B000BD00B574
:10720000686901B4286901B4039801B4E86801B45D
:1072100002F054FA04B000BDECB10100000000001F
:1072200025720300012C06DA00B505F04BFD00F0D5
:1072300002F801B000BD00B5019801B4E6F713FFF4
:1072400001B001B46F467760D0F720FC002802D06F
:10725000009801B007E00098009801B0019801B4CF
:10726000E6F7C7FE01B06F467760D0F747FC00280D
:1072700004D0019801B402F000FA01B0002000BD72
:10728000032C0BDA00B505F030FD00F007F803B071
:1072900000BD7746009806F032FBBE4600B50020E0
:1072A00001B401B401B401B401B401B401B401B436
:1072B00001B401B401B401B401B401B401B401B426
:1072C00001B401B401B4169801B405F065FC06F0F0
:1072D00071FE01B06F467760D0F710FC6F467760A3
:1072E000CFF776FD6F467760CFF798FE6F467760F1
:1072F000D0F704FC002800D084E20020009014980D
:107300004068019001200290029801B402986F46F3
:107310007760CFF7A3FE06F090FD01B401980099C5
:107320006F467760D0F742FC02B0002818D0019871
:1073300001B4039806F077FD01B4019800996F46F7
:107340007760CFF79BFE02B000900098002105F017
:10735000DAFC41670298032106F0E2FC0290D3E7D1
:1073600000200190002003901498806806F0D5FA60
:107370008069049001200590059801B405986F4636
:107380007760CFF76BFE06F058FD01B401980099C5
:107390006F467760D0F70AFC02B0002800D12FE2D8
:1073A000049801B4069806F03EFD01B401980099D6
:1073B0006F467760CFF762FE02B00390039801B486
:1073C00005F0EAFB06F0F6FD01B0032106F0A5FD8D
:1073D00000D00FE20020069003980790012008904B
:1073E000089801B408986F467760CFF737FE06F02B
:1073F00024FD01B4019800996F467760D0F7D6FB61
:1074000002B0002800D1F3E1079801B4099806F012
:107410000AFD01B4019800996F467760CFF72EFE00
:1074200002B00690069805F06EFCC06F2421090298
:10743000053106F095FC6F467760D0F75FFB0028BA
:1074400000D0CFE10020099003980A9001200B9012
:107450000B9801B40B986F467760CFF7FFFD06F0ED
:10746000ECFC01B4019800996F467760D0F79EFB61
:1074700002B0002800D1B3E10A9801B40C9806F0DC
:10748000D2FC01B4019800996F467760CFF7F6FD02
:1074900002B009900998069906F03FFD00D099E1E5
:1074A0000698406C0C900998406C0D90069805F079
:1074B0002AFC806801B40A9805F025FC806801B4B4
:1074C0000198009906F0D9FC02B001D0069800E0BE
:1074D00009980E900E98069906F01FFD01D00998A4
:1074E00000E006980F900E9805F00DFC406F6F4677
:1074F0007760D0F703FB6F467760CFF769FC6F4684
:107500007760CFF78BFD6F467760D0F7F7FA0028EA
:107510000CD00E9801B46F467760CFF795FD01B49B
:107520000198009905F0EFFB416702B00E9805F055
:10753000EAFB406F01B4109805F0E5FB806801B4E8
:1075400005F0C4FB00226F467760D0F779FA02B0ED
:1075500006F073FC0121494206F007FD00D039E135
:107560000E9805F0D0FB406F01B4109805F0CBFBEE
:10757000806801B405F0AAFB6F467760CFF774FD11
:1075800002B00E9805F0BFFB006F01B4109805F033
:10759000BAFB806801B405F099FB00226F46776062
:1075A000D0F74EFA02B006F048FC0121494206F03D
:1075B000DCFC00D00EE1069805F0A5FB806F01B45D
:1075C0000E9801B405F082FB00226F467760D0F779
:1075D00037FA02B006F031FC0121494206F09DFC69
:1075E00000D0F7E00F9801B40F9801B400F07DF9D6
:1075F00002B06F467760D0F781FA6F467760CFF7B9
:10760000E7FB6F467760CFF709FD6F467760D0F7ED
:1076100075FA002800D0DDE0002010901698119037
:1076200001201290129801B412986F467760CFF73C
:1076300015FD06F002FC01B4019800996F467760D1
:10764000D0F7B4FA02B0002800D1C1E0119801B41B
:10765000139806F0E8FB01B4019800996F46776033
:10766000CFF70CFD02B01090109806F091F9406829
:1076700001B40D9801B4019800996F467760D0F776
:1076800027F902B001B46F467760D0F7FFF9002800
:1076900002D1009801B010E00098009801B0109855
:1076A00006F076F9806801B40E9801B4019800994B
:1076B0006F467760D0F70CF902B001B46F4677607F
:1076C000D0F7E4F9002802D0009801B02BE0009830
:1076D000009801B0109806F05BF9406801B40E986C
:1076E00001B4019800996F467760D0F7F1F802B0C5
:1076F00001B46F467760D0F7C9F9002802D100982D
:1077000001B010E00098009801B0109806F040F920
:10771000806801B40D9801B4019800996F467760B4
:10772000D0F7D6F802B06F467760D0F7E7F90028B7
:1077300048D00E9805F0E7FA006F01B4109805F0F4
:10774000E2FA806801B405F0C1FA6F467760CFF7BE
:107750008BFC02B00620BC496F467760D1F798FADF
:1077600001B40021079A6F467760CFF7EFFC0098CD
:1077700001210A9A6F467760CFF7E8FC0098022152
:107780000D9A6F467760CFF7E1FC00980321119ABC
:107790006F467760CFF7DAFC009804210F9A6F46A6
:1077A0007760CFF7D3FC00980521109A6F46776079
:1077B000CFF7CCFC009805F0C1F96F467760CEF7A3
:1077C00069FC01B01298032106F0AAFA129029E789
:1077D000002011900B98032106F0A2FA0B9037E6D7
:1077E00000200A900898032106F09AFA0890F7E51D
:1077F000002007900598032106F092FA0590BBE55A
:1078000000200490002013B000BD0000ECB1010086
:10781000000000001978030000B5E86805F073FA6D
:10782000C06F01B4286905F06EFAC06F01B4019809
:10783000009906F0A2FA02B024210902053106F0EF
:107840008FFA6F467760D0F759F96F467760CFF7B8
:10785000BFFA6F467760CFF7E1FB6F467760D0F7EE
:107860004DF9002821D0686901B4A86906F090F8A4
:10787000406801B40198009906F04FFB02B00AD0AD
:10788000286901B4E86801B4A86901B4CC2105F005
:107890004CFC03B009E0E86801B4286901B4A869A8
:1078A00001B4CC2105F041FC03B0E86905F02BFAE6
:1078B000006F01B4286A05F026FA806801B405F06B
:1078C00005FA6F467760D0F7D3F802B06F4677605D
:1078D000CFF7A4FB002000BD022C0BDA00B505F0A9
:1078E000FBF900F007F802B000BD7746009805F0FC
:1078F0000AFABE4600B5002001B401B40498039909
:1079000006F0F7FA01D00A2068E30398C06F24213B
:107910000902053106F024FA6F467760D0F7EEF8D9
:10792000002801D00A2059E3049805F0ECF9C06F53
:1079300024210902053106F013FA6F467760D0F76B
:10794000DDF8002801D00A2048E30398C06F4021E9
:107950000902013106F004FA01B46F467760D0F7EE
:1079600095F8002802D0009801B00BE0009800982C
:1079700001B0049805F0C7F9C06F40210902013138
:1079800006F0EEF96F467760D0F7B8F800280ED011
:10799000049805F0B8F9C06E01B40498C06E01B443
:1079A00006BC02B404B401F088F802B016E30498EF
:1079B00005F0A9F9C06E01B40498C06E01B406BC0C
:1079C00002B404B401F079F802B06F467760D0F7E2
:1079D00095F86F467760CFF7FBF96F467760CFF782
:1079E0001DFB6F467760D0F789F8002802D00A2087
:1079F000F4E2F2E20398C06B6F467760D0F77EF84E
:107A0000002800D125E1049805F07DF9C06B6F4690
:107A10007760D0F773F8002800D18CE00398C06B32
:107A200001B4059805F06FF9C06B01B406BC02B44F
:107A300004B400F0F4FF02B06F467760D0F75EF850
:107A4000002803D174E000000C7803000498C06D96
:107A500001B4049801B4F2F733FB01B001B4069805
:107A600001B4F2F728FB01B001B40198009906F0C7
:107A700067F902B001B4059801B4F2F7C7F901B093
:107A800001B4079801B4F2F7BCF901B001B4019850
:107A9000009906F055F902B001B4079801B4EAF76D
:107AA0000CFC01B001B4089801B4EAF7EAFB01B09C
:107AB00001B4099801B4EAF786FA01B001B4099853
:107AC000C06D01B40A9801B4EAF7FCFB01B001B43F
:107AD0000B9801B4EAF7DAFB01B001B40C9801B4D9
:107AE000EAF776FA01B001B40027009801B40197D3
:107AF000029801B40397049801B40597069801B45D
:107B00000797089801B409970A9801B40B970C9845
:107B100001B40D970E9801B40F97109801B4119706
:107B2000129801B4139700F0D3FE14B056E201E0AE
:107B30000A2053E28CE00398C06B01B4059801B4AD
:107B4000F2F7B9FA01B001B4069801B4F2F759F9A5
:107B500001B001B4079801B400F0F7FB01B001B423
:107B6000089801B400F0CFFB01B001B400270098E1
:107B700001B40197029801B40397049801B40597E2
:107B8000069801B40797089801B4099700F0FFFB25
:107B90000AB06F467760CFF7B1FF002856D004983F
:107BA000C06D01B4049801B4F2F78AFA01B001B4CF
:107BB000069801B4F2F77FFA01B001B40198009978
:107BC00006F0BEF802B001B4059801B4F2F71EF950
:107BD00001B001B4079801B4F2F713F901B001B490
:107BE0000198009906F0ACF802B001B40698C06D97
:107BF00001B4079801B4EAF765FB01B001B4089835
:107C000001B4EAF743FB01B001B4099801B4EAF703
:107C1000DFF901B001B40027009801B40197029880
:107C200001B40397049801B40597069801B4079727
:107C3000089801B409970A9801B40B970C9801B4FD
:107C40000D9700F0E1FA0EB0C8E101E00A20C5E1AD
:107C5000C3E1049805F057F8C06B6F467760CFF723
:107C60004DFF002808D0039801B4059801B4FFF730
:107C70003CFE02B0B2E1B0E1039801B400F09EFA1C
:107C800001B06F467760CFF739FF6F467760CFF767
:107C90009FF86F467760CFF7C1F901B46F46776000
:107CA000CFF7F4FE002802D1009801B013E000984D
:107CB000009801B0049801B400F07BFA01B06F465F
:107CC0007760CFF71BFF6F467760CFF781F86F467D
:107CD0007760CFF7A3F96F467760CFF70FFF0028E3
:107CE00038D0049805F00FF8C06D01B40498C06D49
:107CF00001B4059801B4F2F7E3F901B001B40798B3
:107D000001B4F2F7D8F901B001B40198009906F076
:107D100017F802B001B4069801B4F2F777F801B091
:107D200001B4089801B4F2F76CF801B001B40198FD
:107D3000009906F005F802B001B405F027FC6F4683
:107D40007760D6F745FA04B06F467760CFF766F9EB
:107D500044E142E1039801B4EAF7B4FA01B001B496
:107D600001216F467760CFF75BFE01B001B46F462B
:107D70007760CFF78BFE002802D0009801B00EE0AC
:107D80000098009801B0039801B4EAF77FFA01B0B7
:107D900001B401216F467760CFF742FE01B001B414
:107DA0006F467760CFF772FE002802D0009801B0CE
:107DB0000EE00098009801B0049801B4EAF77DFA4B
:107DC00001B001B401216F467760CFF729FE01B001
:107DD00001B46F467760CFF759FE002802D00098B3
:107DE00001B00EE00098009801B0049801B4EAF7E1
:107DF00048FA01B001B401216F467760CFF710FE59
:107E000001B06F467760CFF779FE002801D00A20D5
:107E1000E4E0039801B4EAF755FA01B001B404981C
:107E200001B4EAF733FA01B001B4019800996F4642
:107E30007760CFF7E9FB02B001B4059801B4EAF727
:107E40003CFA01B001B4069801B4EAF71AFA01B09D
:107E500001B4019800996F467760CFF7D5FB02B067
:107E600001B40198009905F0F4FF02B004D0039822
:107E700000900498019003E004980090039801900A
:107E80000098C06D01B4029801B4F2F714F901B082
:107E900001B4029801B4F2F70EF901B001B40198EF
:107EA000009905F04DFF02B001B4029801B4EAF761
:107EB00004FA01B001B4019800996F467760CFF7DA
:107EC000CFFB02B001B4039801B4F1F79AFF01B0FF
:107ED00001B4039801B4F1F794FF01B001B4019823
:107EE000009905F02DFF02B001B4039801B4EAF740
:107EF000C8F901B001B4019800996F467760CFF7D7
:107F0000AFFB02B001B4049801B4F2F7B8F801B0C5
:107F100001B4049801B4EAF7D0F901B001B40198B2
:107F200000996F467760CFF79BFB02B001B40598CC
:107F300001B4F6F7E4FD01B001B4059801B4EAF725
:107F4000A0F901B001B4019800996F467760CFF7AE
:107F500087FB02B001B40698C06D01B40798C06DEC
:107F600001B404F02CFE6F467760D3F781FA01B0BC
:107F700005F063FF01B40898C06D01B404F01FFE62
:107F80006F467760D3F778FA01B005F056FF01B479
:107F90000027422001B4422001B4029801B40397A3
:107FA000049801B40597012001B4012001B4089898
:107FB00001B409970A9801B40B970C9801B40D9776
:107FC0000E9801B40F97109801B41197129801B44C
:107FD000139700F005F814B000E0002002B000BDD7
:107FE00000B5672080003768385801B46F46776065
:107FF000CFF74CFD002802D0009801B006E00098B1
:10800000009801B06F467760CFF71EF867218900AE
:1080100037687850672080003768385801B4039873
:10802000012105F0AAFE01B40198009A012104F093
:10803000A7FB02B0672080003768385801B4049865
:10804000012105F09AFE01B40198009A032104F081
:1080500097FB02B0672080003768385801B4059854
:10806000012105F08AFE01B40198009A052104F06F
:1080700087FB02B0672080003768385801B4069843
:10808000012105F07AFE01B40198009A072104F05D
:1080900077FB02B0672080003768385801B4089831
:1080A000012105F06AFE01B40198009A092104F04B
:1080B00067FB02B0672080003768385801B4099820
:1080C000012105F05AFE01B40198009A0B2104F039
:1080D00057FB02B0672080003768385801B40A980F
:1080E000012105F04AFE01B40198009A0D2104F027
:1080F00047FB02B0672080003768385801B40B98FE
:10810000012105F03AFE01B40198009A0F2104F014
:1081100037FB02B00B986F467760CFF7EFFC002873
:1081200001D0032000E0012001B4672080003768FF
:10813000385801B4019801B40198009A112104F053
:108140001FFB03B00C986F467760CFF7D7FC002871
:1081500001D0032000E0012001B4672080003768CF
:10816000385801B4019801B40198009A132104F021
:1081700007FB03B0019801B4079801B467208000A1
:108180003768385801B405F093FD6F467760D4F72F
:10819000EDFC03B06F467760CEF740FF00BD0000F6
:1081A000012C0BDA00B504F08DFD00F007F801B0EA
:1081B00000BD7746009804F0A6FDBE4600B50198C4
:1081C000C06A01B40221090201316F467760CFF71E
:1081D00087FB01B001B46F467760CFF757FC0028EA
:1081E00002D0009801B00DE00098009801B001980D
:1081F000006B01B40221090201316F467760CFF7AD
:108200006FFB01B000BD000000B56720800037683B
:10821000385801B46F467760CFF738FC002802D099
:10822000009801B006E00098009801B06F467760B2
:10823000CEF70AFF672189003768785067208000F1
:108240003768385801B40398012105F096FD01B450
:108250000198009A012104F093FA02B0672080008F
:108260003768385801B40498012105F086FD01B43F
:108270000198009A032104F083FA02B0672080007D
:108280003768385801B4069801B40198009A05215E
:1082900004F076FA02B0672080003768385801B4DD
:1082A000079801B40198009A072104F069FA02B016
:1082B000672080003768385801B4089801B40198E5
:1082C000009A092104F05CFA02B0019801B4059803
:1082D00001B4672080003768385801B405F0E8FC25
:1082E0006F467760D4F7D6F803B06F467760CEF765
:1082F00095FE00BD012C0BDA00B504F0E3FC00F0A4
:1083000007F801B000BD7746009804F0FCFCBE46BB
:1083100000B5019801B4F1F779FD01B001B40298FC
:1083200001B4F6F7F1FB01B001B40198009905F032
:10833000F7FC02B000BD0000012C0BDA00B504F020
:10834000C1FC00F007F801B000BD7746009804F0CA
:10835000DAFCBE4600B5019801B4F1F7B1FE01B0F8
:1083600001B4029801B4F1F78FFE01B001B4019895
:10837000009905F0D5FC02B000BD0000052C0BDA19
:1083800000B504F09FFD00F007F805B000BD77468A
:10839000009805F045F8BE4600B50D20400137684D
:1083A00038586F467760CFF7A9FB6F467760CEF7F6
:1083B0000FFD6F467760CEF731FE6F467760CFF7DF
:1083C0009DFB002807D06F467760CEF73DFE0D215C
:1083D0004901376878500D2040013768385801B49A
:1083E000039801B40198009A012104F0C9F902B080
:1083F0000D2040013768385801B4049801B4019841
:10840000009A032104F0BCF902B00D204001376846
:10841000385801B4059801B40198009A052104F078
:10842000AFF902B00D2040013768385801B4049804
:1084300001B40198009A072104F0A2F902B00D20BE
:1084400040013768385801B4059801B40198009A82
:10845000092104F095F902B00D2040013768385821
:1084600001B4069801B40198009A0B2104F088F930
:1084700002B00D2040013768385801B4039801B4A8
:108480000198009A0D2104F07BF902B00D20400103
:108490003768385801B4069801B40198009A0F2142
:1084A00004F06EF902B00198006901B40298C06945
:1084B00001B4E8F712FE01B001B40398C06901B439
:1084C000E8F7C9FD01B001B40EBC012001B40120E0
:1084D00001B40D2040013768385801B402B404B427
:1084E00008B400F003F806B000BD000000B506981F
:1084F00001B4069801B4069801B4069801B4069830
:1085000001B4069801B400F02BF806B001B46F4630
:108510007760CFF7BBFA002802D0009801B011E0D5
:108520000098009801B0039801B4039801B403982F
:1085300001B4099801B4099801B4099801B400F094
:108540000FF806B06F467760CFF7D8FA6F467760BE
:10855000CEF73EFC6F467760CEF760FD00BD0000B1
:1085600000B5002001B401B401B401B401B401B4F8
:1085700001B401B401B401B401B401200090009829
:10858000092105F066FC00D19FE10C9801B4019827
:10859000072105F0C5FB01B40198009904F0A5F886
:1085A00002B001B40D9801B40298032105F0B8FBA4
:1085B00001B40198009904F098F802B001B4019850
:1085C000009905F0BDFB02B001900C9801B4019830
:1085D00001B40198009904F088F802B001B40D9834
:1085E00001B40298052105F09BFB01B401980099A4
:1085F00004F07BF802B001B40198009905F0A0FBEB
:1086000002B002900020039000200490002005900A
:1086100000200690012007900798112105F019FC11
:1086200000D18CE0019801B40D9801B4099801B40F
:108630000198009904F059F802B00E9905F070FB0A
:1086400001B4019800996F467760CEF7DDFF02B064
:1086500001B4039801B40E9801B40A98032105F0FF
:108660005FFB01B40198009904F03FF802B0109943
:1086700005F056FB01B4019800996F467760CEF77C
:10868000C3FF02B001B40198009905F049FB02B0A4
:108690000890039801B400216F467760CFF718F96E
:1086A00001B001B46F467760CFF7F0F9002802D02F
:1086B000009801B00DE00098009801B0089801B44E
:1086C000049801B4019800996F467760CFF792FA49
:1086D00002B06F467760CFF711FA002801D00898F2
:1086E0000390049801B400216F467760CFF798F9A2
:1086F00001B001B46F467760CFF7C8F9002802D007
:10870000009801B00DE00098009801B0089801B4FD
:10871000059801B4019800996F467760CFF78CFAFD
:1087200002B06F467760CFF7E9F9002801D00898CA
:1087300004900798052105F0F3FA07906CE70120F3
:1087400009900998112105F084FB00D18CE0019873
:1087500001B4109801B40B9801B40198009903F08A
:10876000C4FF02B0119905F0DBFA01B40198009939
:108770006F467760CEF748FF02B001B4039801B4AA
:10878000119801B40C98032105F0CAFA01B40198BC
:10879000009903F0AAFF02B0139905F0C1FA01B4E1
:1087A000019800996F467760CEF72EFF02B001B4B2
:1087B0000198009905F0B4FA02B00A90059801B446
:1087C00000216F467760CFF783F801B001B46F46A0
:1087D0007760CFF75BF9002802D0009801B00DE078
:1087E0000098009801B00A9801B4069801B4019865
:1087F00000996F467760CFF7FDF902B06F4677605A
:10880000CFF77CF9002801D00A980590069801B4AA
:1088100000216F467760CFF703F901B001B46F46CE
:108820007760CFF733F9002802D0009801B00DE04F
:108830000098009801B00A9801B4079801B4019813
:1088400000996F467760CFF7F7F902B06F4677600F
:10885000CFF754F9002801D00A980690099805210D
:1088600005F05EFA09906CE7049801B4069801B42B
:10887000019800996F467760CFF7BCF902B001B458
:108880006F467760CFF702F9002802D0009801B058
:108890000DE00098009801B0069801B4049801B466
:1088A000019800996F467760CFF7A4F902B06F4640
:1088B0007760CFF723F9002801D0422006E0009826
:1088C000052105F02DFA009059E60A200BB000BDF5
:1088D00000B5672080003768385801B46F4677606C
:1088E000CFF7D4F8002802D0009801B006E0009835
:1088F000009801B06F467760CEF7A6FB672189002C
:1089000037687850672080003768385801B403987A
:10891000012105F032FA01B40198009A012103F017
:108920002FFF02B0672080003768385801B40498E0
:10893000012105F022FA01B40198009A032103F005
:108940001FFF02B0672080003768385801B40598CF
:1089500001B40198009A052103F012FF02B06720CC
:1089600080003768385801B4069801B40198009A1D
:10897000072103F005FF02B06720800037683858F0
:1089800001B4079801B40198009A092103F0F8FE98
:1089900002B0672080003768385801B4099801B4E4
:1089A0000198009A0B2103F0EBFE02B067208000D3
:1089B0003768385801B40A9801B40198009A0D211B
:1089C00003F0DEFE02B0672080003768385801B43B
:1089D0000B9801B40198009A0F2103F0D1FE02B068
:1089E000019801B4089801B46720800037683858AE
:1089F00001B405F05DF96F467760D3F781FE03B0EF
:108A00006F467760CEF70AFB00BD0000022C0BDA40
:108A100000B504F061F900F007F802B000BD774638
:108A2000009804F0FDFCBE4600B50198006901B451
:108A30000298C06901B4E8F750FB01B001B4039893
:108A4000C06901B4E8F707FB01B001B4059804F070
:108A5000E7FC006901B4069804F0E2FCC06901B4C7
:108A6000E8F73BFB01B001B4079804F0D9FCC069FA
:108A700001B4E8F7F0FA01B001B40027009801B49E
:108A80000197029801B40397049801B405970698DA
:108A900001B40797089801B409970A9801B40B9795
:108AA000FFF724FD0CB000BD022C0BDA00B504F07A
:108AB00013F900F007F802B000BD7746009804F003
:108AC000A1FCBE4600B5019801B4E9F7E1FA01B096
:108AD000029801B4E9F7D7FA01B0019801B4FCF7A4
:108AE00085F801B001B4039801B4FCF756F801B061
:108AF00001B4019800996F467760CFF79DF802B0F6
:108B000001B46F467760CEF7C1FF002802D000980D
:108B100001B015E00098009801B0019801B4FCF78D
:108B200023F801B001B4039801B4FBF7F4FF01B0DE
:108B300001B4019800996F467760CFF77DF802B0D5
:108B400001B46F467760CEF7A1FF002802D00098ED
:108B500001B015E00098009801B0019801B4FCF74D
:108B600021F801B001B4039801B4FCF73AF801B060
:108B700001B4019800996F467760CFF73BF802B0D7
:108B800001B46F467760CEF781FF002802D00098CD
:108B900001B015E00098009801B0019801B4FBF70E
:108BA000BFFF01B001B4039801B4FBF7D8FF01B0D7
:108BB00001B4019800996F467760CFF71BF802B0B7
:108BC0006F467760CEF79AFF002801D00A2000E0B8
:108BD000422000BD042C0BDA00B504F038FB00F095
:108BE00007F804B000BD7746009804F088FEBE4642
:108BF00000B5002001B401B4049805F022F84068E3
:108C00000090009801B4FCF70AF801B06F46776055
:108C1000CEF774FF6F467760CEF7DAF86F4677606D
:108C2000CEF7FCF96F467760CEF768FF002805D0D5
:108C3000009801B4342104F0F4FF01B0069801B4A7
:108C400000F0D5F901B06F467760CEF757FF6F4659
:108C50007760CEF7BDF86F467760CEF7DFF96F46E5
:108C60007760CEF74BFF002804D0069801B4F0F7E8
:108C700072FF01B0009804F046F8C06E01B4FBF733
:108C8000B0FF01B001B40221090201316F467760E3
:108C9000CEF7E6FC01B001B40798406801B4019832
:108CA000009905F04DF802B001900198012105F0FE
:108CB000D0F82DD0009801B401B4019801B4F1F7B7
:108CC000FAF901B000270197039905F039F801B4CA
:108CD00006BC02B404B4F6F73CFF03B005986F4637
:108CE0007760CEF70BFF002811D0009801B40198EF
:108CF00001B4E5F7B8F901B00146012005F020F80C
:108D000001B406BC02B404B4E5F78FF902B061E027
:108D1000009803F0F8FFC06E01B4FBF73EFF01B00E
:108D200001B40221090201316F467760CEF798FC49
:108D300001B001B40798406801B40198009904F0AB
:108D4000FFFF02B001B484203768385801B403F043
:108D500036FF6F467760D2F78BFB01B005F06DF8F8
:108D600001B40198009904F0EBFF02B001B4029045
:108D700001BC012105F081F82CD0009801B401B4A8
:108D8000019801B4FFF7E1FA01B0002701970399B8
:108D900004F0D6FF01B406BC02B404B400F0FFF83E
:108DA00003B005986F467760CEF7A8FE002811D073
:108DB000009801B4019801B4E5F755F901B00146F6
:108DC000012004F0BDFF01B406BC02B404B4E5F711
:108DD0002CF902B0009803F096FFC06E01B4FBF7C7
:108DE000BEFE01B001B40221090201316F46776075
:108DF000CEF736FC01B001B40798806801B4019841
:108E0000009904F09DFF02B001B4029001BC012161
:108E100005F01FF82DD0009801B401B4019801B4F9
:108E2000F0F7EFFF01B000270197039904F088FFE6
:108E300001B406BC02B404B4F5F77DFE03B0059896
:108E40006F467760CEF75AFE002811D0009801B423
:108E5000019801B4E5F7CDF801B00146012004F016
:108E60006FFF01B406BC02B404B4E5F7A4F802B085
:108E700061E0009803F047FFC06E01B4FBF74BFEC2
:108E800001B001B40221090201316F467760CEF7CB
:108E9000E7FB01B001B40798806801B4019800991C
:108EA00004F04EFF02B001B484203768385801B492
:108EB00003F085FE6F467760D2F7DEFA01B004F06A
:108EC000BCFF01B40198009904F03AFF02B001B46C
:108ED000029001BC012104F0D0FF2CD0009801B415
:108EE00001B4019801B4FFF70EFA01B00027019711
:108EF000039904F025FF01B406BC02B404B400F0E9
:108F000026F803B005986F467760CEF7F7FD002886
:108F100011D0009801B4019801B4E5F76AF801B0E6
:108F20000146012004F00CFF01B406BC02B404B4F5
:108F3000E5F741F802B0002002B000BD022C0BDAC8
:108F400000B503F0C9FE00F007F802B000BD774697
:108F5000009803F0D8FEBE4600B5019801B403980E
:108F600001B4039801B4F5F7CFFD01B001B4019845
:108F7000009904F0E5FE02B001B406BC02B404B4EA
:108F8000F5F7DEFD02B0002000BD0000022C0BDA78
:108F900000B503F0A1FE00F007F802B000BD77466F
:108FA000009803F0B0FEBE4600B5019801B40398E6
:108FB00001B4039801B4F1F767F801B001B4019866
:108FC000009904F0BDFE02B001B406BC02B404B4C2
:108FD000F6F7C4FD02B0002000BD0000012C0BDA42
:108FE00000B503F06FFE00F007F801B000BD774652
:108FF000009804F031FCBE4600B5019840696F4608
:109000007760CEF77BFD6F467760CDF7E1FE6F4668
:109010007760CEF703F801B46F467760CEF736FD80
:10902000002802D0009801B031E00098009801B00B
:109030000198406901B4E8F750F801B001B4029812
:10904000806901B4019800996F467760CEF740FCC3
:1090500002B001B46F467760CEF718FD002802D148
:10906000009801B013E00098009801B001984069A1
:1090700001B4E7F7F0FF01B001B40298C06901B490
:10908000019800996F467760CEF722FC02B000BDD0
:10909000022C0BDA00B503F01FFE00F007F802B057
:1090A00000BD7746009804F038FCBE4600B50020AD
:1090B00001B401B401B401B401B401B4089801B41D
:1090C000F0F7F9FF01B00090089801B4F0F799FEAD
:1090D00001B00190089801B4F0F7D1FF01B001B4DC
:1090E0000898406801B40198009904F019FE02B094
:1090F000032104F025FE01B40898406801B403F090
:10910000D1FD6F467760CDF79BFF02B004F095FE6E
:109110000290089801B4F5F7F2FC01B001B4089888
:10912000806801B40198009904F0FAFD02B00321AF
:1091300004F006FE01B40898806801B403F0B2FDA3
:109140006F467760CDF77CFF02B004F076FE0390A7
:10915000012004900498029904F0A3FE61D001203C
:1091600005900598039904F09CFE54D0079801B42B
:10917000019801B40A9801B4F0F781FF01B001B47D
:10918000079801B40B98406801B4019800996F46A4
:109190007760CEF739FA02B001B406BC02B404B469
:1091A000E9F7E8FA02B001B40198009904F0B8FDBB
:1091B00002B001B4039801B40B9801B4F5F79FFC19
:1091C00001B001B4099801B40C98806801B4019809
:1091D00000996F467760CEF717FA02B001B406BC6B
:1091E00002B404B4E9F7C6FA02B001B401980099D8
:1091F00004F096FD02B001B40EBC089801B402B4AC
:1092000004B408B400F01EF804B00598032104F07B
:1092100087FD0590A5E70498032104F081FD0490E3
:1092200098E7002006B000BD042C0BDA00B504F06E
:109230000EF800F007F804B000BD7746009804F07F
:109240006CFBBE4600B5002001B401B4059801B422
:10925000059801B4059801B400F072F803B00090CD
:109260000398406901B4019801B40198009903F092
:109270003CFA02B0019001986F467760CEF73EFC51
:109280006F467760CDF7A4FD6F467760CDF7C6FED9
:109290006F467760CEF732FC002822D003984069F1
:1092A00001B4019801B46F467760CDF7CDFE01B4EB
:1092B00001B403980299009A03F062FA01B0002702
:1092C0000197029701BC02B001900398806901B434
:1092D000029801B403F0FAFC6F467760CDF7C4FE44
:1092E00002B0019801B4079801B403F0EFFC00222A
:1092F0006F467760CEF7A4FB02B004F09EFD01211B
:1093000004F0A7FD0AD0019801B4079801B403F056
:10931000DDFC6F467760CDF7A7FE02B0002002B0FB
:1093200000BD0000032C0BDA00B503F0DEFC00F0FA
:1093300007F803B000BD7746009804F0EEFABE4689
:1093400000B5002001B401B40398006901B4059888
:1093500001B40598406801B403F0A4FC6F4677603F
:10936000CDF76EFE02B004F068FD01B406BC02B495
:1093700004B4012001B4EBF721F903B00090039885
:10938000C06801B4069801B40598806801B403F080
:1093900089FC6F467760CDF753FE02B004F04DFDB7
:1093A00001B406BC02B404B4012001B4EBF706F921
:1093B00003B00190009801B4029801B405980069C7
:1093C00001B4019800996F467760CEF71DF902B09D
:1093D00001B40198009904F0A3FC02B002B000BDF2
:1093E00000B5019801B4039801B403F05BFC6F462B
:1093F0007760CDF725FE02B004F01FFD00BD000030
:10940000022C0BDA00B503F067FC00F007F802B09D
:1094100000BD7746009804F080FABE4600B50020F3
:1094200001B401B401B401B401B401B401B401B494
:109430000120009001200190002002900A980390E2
:1094400001200490049801B404986F467760CDF72A
:1094500005FE04F0F2FC01B4019800996F467760B4
:10946000CEF7A4FB02B0002831D0039801B40598D0
:1094700004F0D9FC01B4019800996F467760CDF7EC
:10948000FDFD02B00290029801B4F0F7F8FD01B0C2
:10949000009904F0F2FC05D0029801B4F0F7EFFD5A
:1094A00001B00090029801B4F5F729FB01B00199D1
:1094B00004F0E3FC05D0029801B4F5F720FB01B0FD
:1094C00001900498032104F02BFC0490BAE70020DB
:1094D0000390F8F7EFFC03F0D7FBC0680590059800
:1094E0006F467760CEF70AFB002805D0059801B4D7
:1094F000F0F795FE01B00CE084203768385801B4CD
:1095000003F05DFB6F467760D1F7B2FF01B004F066
:1095100094FC069005986F467760CEF7EFFA002826
:1095200005D0059801B4F0F720FD01B00CE08420CF
:109530003768385801B403F042FB6F467760D1F7C3
:109540009BFF01B004F079FC0790099801B40798DB
:1095500001B4052104F056FC01B001B4029801B435
:10956000032104F025FC01B001B406BC02B404B42C
:10957000112001B4EBF722F803B001B4019800996F
:10958000416002B0099801B4089801B4052104F0C3
:1095900039FC01B001B4039801B4032104F008FCC4
:1095A00001B001B406BC02B404B4112001B4EBF75D
:1095B00005F803B001B401980099816002B00998E0
:1095C00001B4089801B40B98806801B403F06AFBF9
:1095D0006F467760CDF734FD02B004F02EFC01B485
:1095E00001980099C16002B0099801B4079801B4CC
:1095F0000B98406801B403F055FB6F467760CDF7D8
:109600001FFD02B004F019FC01B40198009901613A
:1096100002B0002008B000BD012C0BDA00B503F049
:1096200051FB00F007F801B000BD7746009804F048
:1096300074F9BE4600B5019801B46F467760CDF766
:1096400003FD01B401980099416102B0019801B491
:109650006F467760CDF7F8FC01B4019800998161FD
:1096600002B0002000BD0000012C0BDA00B503F0B1
:1096700029FB00F007F801B000BD7746009803F021
:1096800042FBBE4600B5019801B46F467760CDF746
:10969000DBFC01B401980099016602B0002000BD16
:1096A000042C0BDA00B503F0D2FD00F007F804B08B
:1096B00000BD7746009804F022F9BE4600B50020B0
:1096C00001B401B401B401B401B401B401B401B4F2
:1096D00001B401B40B9801B40D9803F014FB406978
:1096E00001B406BC02B404B400F06EFA02B00090FB
:1096F0000B9801B40D9803F006FB806901B406BC19
:1097000002B404B400F060FA02B001900C9801B405
:109710000D9803F0F8FAC06801B40198009903F0BD
:10972000F2FAC16402B00C9801B40D9803F0EBFAA0
:10973000006901B40198009903F0E5FA016502B0EF
:109740000C9803F0E0FAC0696F467760CEF7D6F95F
:10975000002828D00C9801B40D9803F0D4FA406981
:1097600001B40E9803F0CFFAC06903460F9801B414
:1097700008B4F1F72DF902B0034607200002D130FA
:1097800001B408B4FFF72CFE02B001B4019802BC8A
:1097900001B004F0C5FA01B40198009903F0B3FADE
:1097A000416102B063E00C9803F0ADFA406A6F4685
:1097B0007760CEF7A3F9002859D00C9803F0A3FAEC
:1097C000406A03460D9801B408B4F1F701F902B0FC
:1097D000034607200002D13001B408B4FFF700FEB1
:1097E00002B002900C9803F08EFA4069029904F0DE
:1097F000A7FA03900398012104F02BFB16D00C98D4
:1098000001B40D9803F07FFA4069039904F088FAD7
:1098100001B4012001B4E8F73BFB02B001B40198A8
:10982000009903F070FA416102B020E00398012131
:1098300004F023FB16D00C9801B40D9803F063FAE2
:109840004069039904F07CFA01B4012001B4E8F7FF
:1098500011FB02B001B40198009903F054FA416180
:1098600002B004E00C98012103F04DFA41610C981C
:1098700003F049FA006A6F467760CEF73FF9002897
:1098800028D00C9801B40D9803F03DFA806901B41A
:109890000E9803F038FA006A03460F9801B408B432
:1098A000F1F796F802B0034607200002D13001B468
:1098B00008B4FFF795FD02B001B4019802BC01B0F5
:1098C00004F02EFA01B40198009903F01CFA8161AA
:1098D00002B063E00C9803F016FA806A6F46776076
:1098E000CEF70CF9002859D00C9803F00CFA806AD6
:1098F00003460D9801B408B4F1F76AF802B00346C4
:1099000007200002D13001B408B4FFF769FD02B0AE
:1099100004900C9803F0F7F98069049904F010FAA8
:1099200005900598012104F094FA16D00C9801B422
:109930000D9803F0E8F98069059904F0F1F901B494
:10994000012001B4E8F7A4FA02B001B4019800992B
:1099500003F0D9F9816102B020E00598012104F0FB
:109960008CFA16D00C9801B40D9803F0CCF98069EC
:10997000059904F0E5F901B4012001B4E8F77AFA99
:1099800002B001B40198009903F0BDF9816102B001
:1099900004E00C98012103F0B6F981610C9801B440
:1099A0000C9801B40E9803F0AEF9406901B406BCFE
:1099B00002B404B400F008F902B001B401980099AF
:1099C00003F0A1F9416102B00C9801B40C9801B404
:1099D0000E9803F098F9806901B406BC02B404B48F
:1099E00000F0F2F802B001B40198009903F08BF98D
:1099F000816102B00C9803F086F94069009904F087
:109A00008FF901B40221090201316F467760CDF769
:109A100027FE01B001B40F9801B4019800996F4678
:109A20007760CDF7F1FD02B001B407210902D13111
:109A30006F467760CDF714FE01B001B4F8F756F821
:109A400001B006900C9803F05EF98069019904F06A
:109A500067F901B40221090201316F467760CDF741
:109A6000FFFD01B001B40F9801B4019800996F4651
:109A70007760CDF7C9FD02B001B407210902D131E9
:109A80006F467760CDF7ECFD01B001B4F8F72EF822
:109A900001B007900698089007980990089801B4BB
:109AA000E8F7B2FB01B001B40C98806901B40198E9
:109AB00000996F467760CEF7BFF802B001B46F46E9
:109AC0007760CDF7E3FF002802D0009801B012E0E4
:109AD0000098009801B0099801B4E8F795FB01B02F
:109AE00001B40C98806901B4019800996F467760C1
:109AF000CEF7A2F802B06F467760CDF7FFFF0028DF
:109B00002ED0089801B4E8F77FFB01B001B40C989F
:109B1000406901B40198009904F0AFF902B007D090
:109B2000052001B4099801B4FFF75AFC02B008906F
:109B3000099801B4E8F768FB01B001B40C984069DA
:109B400001B40198009904F098F902B007D00520FB
:109B500001B40A9801B4FFF743FC02B009909DE7F5
:109B6000C2486F467760CFF7C5F801B40D9801B4CD
:109B70000E9803F0C8F8406901B40F9803F0C3F8D9
:109B8000806901B40EBC0A9801B40A9801B40A981D
:109B900001B40A9801B402B404B408B4079801B43B
:109BA000FCF792FE08B001BC0AB000BD022C0BDA33
:109BB00000B503F091F800F007F802B000BD774659
:109BC000009803F09CFEBE4600B50198C0680346AD
:109BD000029801B408B4E8F75BF902B001B4029846
:109BE000006901B406BC02B404B4E8F743F902B05A
:109BF00000BD0000012C0BDA00B503F063F800F0A3
:109C000007F801B000BD7746009803F078FEBE4625
:109C100000B50198806801B400F00DF801B0002093
:109C200000BD0000012C0BDA00B503F04BF800F08A
:109C300007F801B000BD7746009803F06EFEBE46FF
:109C400000B5002001B401B401B401B401B401B401
:109C500001200090009801B40898006901B40198AF
:109C6000009904F0F6F802B000D185E001200190DF
:109C7000019801B40898C06801B40198009904F0F3
:109C8000E8F802B072D0009801B40898406801B4B6
:109C9000019800996F467760CDF7B6FC02B002904C
:109CA000019801B40898806801B4019800996F4642
:109CB0007760CDF7A9FC02B00390039801B4039834
:109CC00001B4099801B4FFF73BFB03B00490079877
:109CD000406901B4059801B40198009902F005FDAE
:109CE00002B00590059801B46F467760CDF7CEFEBF
:109CF000002802D1009801B009E00098009801B056
:109D0000059801B402F048FF04F054F901B06F4621
:109D10007760CDF7F3FE002822D0842037683858CA
:109D200001B4039801B4059801B40A98406801B4DD
:109D30000B98806801B400270B2001B4019801B48E
:109D40000297039801B40497059801B40697079801
:109D500001B40897099801B40A97F5F779FB0BB09D
:109D60000198032103F0DCFF019081E700980321B3
:109D700003F0D6FF00906DE7002006B000BD0000A4
:109D8000022C0BDA00B502F0A7FF00F007F802B0D2
:109D900000BD7746009803F0B2FDBE4600B50198BD
:109DA000406801B4039801B402F090FF6F467760F9
:109DB000CDF75EFE02B06F467760CDF72FF9002039
:109DC00000BD0000022C0BDA00B502F085FF00F0A8
:109DD00007F802B000BD7746009803F090FDBE463C
:109DE00000B5002001B40298406801B4049801B4A1
:109DF00002F06CFF6F467760CDF736F902B0F8F7E6
:109E000059F802F041FFC0680090009801B46F4615
:109E10007760CDF73BFE002802D1009801B009E041
:109E20000098009801B0039801B4019801B4FAF7C2
:109E300014FF02B06F467760CDF760FE002812D0A5
:109E4000039801B401B4019802F05DFFC06F0221D4
:109E50000902013103F091FF01B40198009902F069
:109E600052FFC16703B0002001B000BDFC0904002F
:109E70007746009803F01AFDBE4600B50198029996
:109E8000416001980399816001980499C160059827
:109E900001B4029801B400F035F802B0019801B4A1
:109EA000039801B402F065FE042100226F4677603A
:109EB000CCF7D0F801B001B401980099816102B0EB
:109EC000019801B4039801B402F053FE0421022268
:109ED0006F467760CCF7BEF801B001B401980099E5
:109EE000C16102B0002000BD022C0BDA00B502F007
:109EF000F3FE00F007F802B000BD7746009803F0CB
:109F0000D5FCBE4600B5019802994161019801B4A3
:109F10006F467760CDF798F801B401980099016118
:109F200002B0002000BD00007746009803F0B0FCAE
:109F3000BE4600B5019803218160029801B40298E1
:109F400001B400F075FA02B00120C5496F46776090
:109F5000CEF79EFE01B40021029A6F467760CDF7DE
:109F6000F5F8029801B4002001B4029801B4012070
:109F7000404201B4F2F76CFF03B00027019701B42F
:109F800001980099016103B0002000BDECB101000F
:109F900000000000999F0300022C06DA00B502F0D1
:109FA0009BFE00F002F802B000BD00B5029801B4BB
:109FB000029801B4E86801B400F012F803B0002080
:109FC00000BD0000032C0BDA00B502F08EFE00F09D
:109FD00007F803B000BD7746009803F059FCBE4671
:109FE00000B5002001B401B401B401B401B401B45E
:109FF00001B401B401B401B401B401B401B401B4B9
:10A0000001B4109801B4EFF7FFFF01B06F4677601D
:10A01000CDF774FD6F467760CCF7DAFE6F46776058
:10A02000CCF7FCFF6F467760CDF768FD002800D0C5
:10A03000ECE11098406801B40099032003F0B8FEE9
:10A0400001B0032103F07CFE0090129803F004FCA1
:10A05000C068009903F084FE0190129803F0FCFBA5
:10A060000069009903F07CFE0290129803F0F4FB63
:10A07000C06801B41198406801B40198009903F0D8
:10A08000C1FE02B001B4012001B4E4F7A5FB02B0A7
:10A0900003901098C068806901B4139803F0DCFB4A
:10A0A000C06801B4139801B402F089FD6F4677606F
:10A0B000D1F7DEF901B003F0C0FE01B401980099B8
:10A0C00003F02EFE02B001B41298406801B401986A
:10A0D000009903F097FE02B0032103F021FE01B4C2
:10A0E00006BC02B404B4E8F745FB02B00490129831
:10A0F00003F0B2FB006901B41198406801B4019803
:10A10000009903F07FFE02B001B4012001B4E4F72E
:10A1100063FB02B005901098C068C06901B4139841
:10A1200003F09AFB006901B4139801B402F047FDF3
:10A130006F467760D1F7A0F901B003F07EFE01B45D
:10A140000198009903F0ECFD02B001B41298406848
:10A1500001B40198009903F055FE02B0032103F009
:10A16000DFFD01B406BC02B404B4E8F703FB02B09F
:10A170000690039807900798049903F092FE5CD02C
:10A18000059808900898069903F08BFE4FD0109818
:10A19000C0680346089801B4089801B408B4FBF7F6
:10A1A000BAFF03B009901098C0680346099801B43B
:10A1B00008B4FCF71EF802B00A900A986F46776060
:10A1C000CDF79CFC00282CD0119801B40B9801B459
:10A1D0000998059903F0B4FD01B41398406801B4DF
:10A1E0000198009903F0E4FD02B0039903F0A8FD83
:10A1F00001B40B98089903F0A3FD01B414984068CA
:10A2000001B40198009903F0D3FD02B0059903F061
:10A2100097FD01B403F0BAF96F467760D3F7C4FF36
:10A2200004B00898032103F07BFD0890AAE7079883
:10A23000032103F075FD07909DE709204001376871
:10A2400038586F467760CDF759FC002800D1DDE023
:10A2500003980B900B98049903F023FE02D168E059
:10A260008C9F03000B98039903F06AFD01B41198C9
:10A27000406801B40198009903F09AFD02B0019979
:10A2800003F05EFD0C900C9801B401216F467760DD
:10A29000CDF7C2FC01B001B46F467760CDF7F6FB95
:10A2A000002802D1009801B019E00098009801B090
:10A2B0000C9801B484203768385801B402F07FFC50
:10A2C0006F467760D1F7D4F801B003F0B6FD01B462
:10A2D000019800996F467760CDF77AFC02B06F461F
:10A2E0007760CDF70BFC00281DD0119801B40D98B4
:10A2F00001B40E9801B4149801B402F060FC6F46EA
:10A300007760D1F7B9F801B003F097FD01B41EBC36
:10A31000032001B402B404B4012001B408B410B4A1
:10A32000F5F746F906B00B98032103F0F9FC0B9002
:10A3300090E705980D900D98069903F0B2FD65D051
:10A340000D98059903F0FCFC01B41198406801B424
:10A350000198009903F02CFD02B0029903F0F0FC83
:10A360000E900E9801B401216F467760CDF754FC32
:10A3700001B001B46F467760CDF788FB002802D1A9
:10A38000009801B019E00098009801B00E9801B44F
:10A3900084203768385801B402F011FC6F467760AA
:10A3A000D1F76AF801B003F048FD01B401980099B3
:10A3B0006F467760CDF70CFC02B06F467760CDF743
:10A3C0009DFB00281CD0119801B40F9801B413987C
:10A3D00001B402F0F4FB6F467760D1F749F801B0A1
:10A3E00003F02BFD01B40EBC032001B40F9801B49F
:10A3F00002B404B4012001B408B4F5F7D9F806B0EA
:10A400000D98032103F08CFC0D9094E700200FB011
:10A4100000BD0000022C0BDA00B502F05DFC00F07C
:10A4200007F802B000BD7746009803F031FABE4647
:10A4300000B50198029941600198C0686F46776045
:10A44000CDF75CFB002808D00198C068034602984D
:10A4500001B408B4FFF751FD02B0002000BD0000B8
:10A46000012C0BDA00B502F02DFC00F007F801B06A
:10A4700000BD7746009803F00BFABE4600B5019880
:10A48000C06800BD7746009803F0F4F9BE4600B5F9
:10A49000019801B4039801B4032001B4E4F79CF9D6
:10A4A00002B001B401980099416002B0019804998A
:10A4B0008160039801B401460B2003F06AFD002877
:10A4C00001D001B021E00320009903F062FD0028D3
:10A4D00001D001B026E00520009903F05AFD0028C4
:10A4E00001D001B01EE00720009903F052FD0028C2
:10A4F00001D001B023E00920009903F04AFD0028B3
:10A5000001D001B01BE001BC25E001984221C160EF
:10A5100001984221016101980B21416101980B21B1
:10A52000816118E001980A21C1600198422101610E
:10A5300001980399416101980B2181610BE0019819
:10A540004221C16001980A21016101980B214161FA
:10A55000019803998161002000BD0000012C0BDAF5
:10A5600000B502F0AFFB00F007F801B000BD774680
:10A57000009803F071F9BE4600B50198806801B4F7
:10A5800084203768385801B402F019FB6F467760B1
:10A59000D0F772FF01B003F050FC01B4032103F0C7
:10A5A00031FC01B001B40198009903F0B9FB02B08D
:10A5B00000BD0000012C0BDA00B502F083FB00F0B7
:10A5C00007F801B000BD7746009803F045F9BE4694
:10A5D00000B50198406801B484203768385801B448
:10A5E00002F0EDFA6F467760D0F742FF01B003F05A
:10A5F00024FC01B4032103F005FC01B001B401986F
:10A60000009903F08DFB02B000BD0000012C0BDAB5
:10A6100000B502F057FB00F007F801B000BD774627
:10A62000009802F0A3FFBE4600B5002000BD000068
:10A63000012C0BDA00B502F045FB00F007F801B081
:10A6400000BD7746009802F091FFBE4600B5019824
:10A6500001B4EAF7B3FD01B0019801B4282102F07A
:10A66000CFFC01B0019801B4E9F72AF901B000204C
:10A6700000BD0000012C0BDA00B502F023FB00F056
:10A6800007F801B000BD7746009802F0D7FEBE463D
:10A6900000B501988068406800BD0000022C0BDA0C
:10A6A00000B502F019FB00F007F802B000BD7746D4
:10A6B000009802F0C3FEBE4600B50198806802997A
:10A6C00002F0CAFE8161002000BD0000012C0BDAFF
:10A6D00000B502F0F7FA00F007F801B000BD7746C8
:10A6E000009802F0ABFEBE4600B50198806802F00B
:10A6F000B3FE806900BD0000022C0BDA00B502F049
:10A70000EBFA00F007F802B000BD7746009802F0BF
:10A7100095FEBE4600B501988068029902F09CFE45
:10A720004161002000BD0000012C0BDA00B502F0F1
:10A73000C9FA00F007F801B000BD7746009802F0B2
:10A740007DFEBE4600B50198806802F085FE406936
:10A7500000BD0000012C0BDA00B502F0B3FA00F0E6
:10A7600007F801B000BD7746009802F075FEBE46BE
:10A7700000B50198406800BD7746009802F050FE91
:10A78000BE4600B501980299C161019801B46F46B7
:10A790007760CCF759FC01B401980099016102B0CF
:10A7A000019801214160049801B4049801B4039810
:10A7B00001B4E7F7A3FD03B0002000BD012C0BDAC4
:10A7C00000B502F07FFA00F007F801B000BD77464F
:10A7D000009802F0F4FDBE4600B56F467760CCF7F6
:10A7E00047F901B4029801B400F022F801B001B4B5
:10A7F00002F02FFB6F467760CCF776F902B001B418
:10A8000002F02FFBBF496F467760CCF76DF901B0BE
:10A8100000BD0000012C0BDA00B502F053FA00F085
:10A8200007F801B000BD7746009802F0C8FDBE46AB
:10A8300000B50198406801B402F0AEF903F0BAFB2C
:10A8400001B000BD012C0BDA00B502F03BFA00F0BC
:10A8500007F801B000BD7746009802F0CCFCBE4678
:10A8600000B584203768385801B402F0A8F96F4663
:10A870007760D0F7FDFD01B003F0DFFA00BD000006
:10A88000012C0BDA00B502F01DFA00F007F801B058
:10A8900000BD7746009802F0AEFCBE4600B50198B8
:10A8A0004068806801B484203768385801B402F0E9
:10A8B00086F96F467760D0F7DFFD01B003F0BDFA8F
:10A8C00001B4032103F09EFA01B001B4019800998C
:10A8D00003F026FA02B000BD012C0BDA00B502F03D
:10A8E000F1F900F007F801B000BD7746009802F0DA
:10A8F00082FCBE4600B501984068406801B48420DF
:10A900003768385801B402F05AF96F467760D0F7CB
:10A91000AFFD01B003F091FA01B4032103F072FA24
:10A9200001B001B40198009903F0FAF902B000BD3A
:10A93000022C0BDA00B502F0CFF900F007F802B0F4
:10A9400000BD7746009802F0FEFABE4600B5002032
:10A9500001B401B4049801B4049801B4E5F755FDBD
:10A9600002B000900398806801B48C203768385892
:10A9700001B40598C06801B406BC02B4012001B45A
:10A9800004B4F4F73CFE03B001B40198009903F05D
:10A99000C7F902B001B4C9216F467760CCF776FEE3
:10A9A00001B00190009801B4B8203768385801B45C
:10A9B000039801B40198009901F097FE02B001B428
:10A9C0000598406801B406BC02B404B4E5F700FD84
:10A9D00002B001B40198009902F0C5FAC16002B05A
:10A9E000009801B4BC203768385801B4039801B40A
:10A9F0000198009901F079FE02B001B40598406811
:10AA000001B406BC02B404B4E5F7E2FC02B001B440
:10AA10000198009902F0A7FA016102B0009802B013
:10AA200000BD0000022C0BDA00B502F055F900F071
:10AA300007F802B000BD7746009802F076FABE46ED
:10AA400000B5002001B401B401B40498006A00907C
:10AA50000498C069092103F083F96F467760CDF748
:10AA60004DF8002801D0012007E0059802F0F4FE1F
:10AA7000C06801B4F7F73AF801B001900498C069D2
:10AA8000092103F06DF96F467760CDF737F800289C
:10AA900001D0012007E0059802F0DEFE006901B454
:10AAA000F7F724F801B0029000986F467760CDF771
:10AAB00025F8002818D0009802F055FA40690121C5
:10AAC00003F0DBF90AD0029801B4029801B40298AD
:10AAD00001B4079801B400F01CF804B0009802F02B
:10AAE00042FA80690090DFE7002003B000BD00005B
:10AAF000042C0EDA00B502F0AAFB00F00AF804B04C
:10AB000000BD0000D83904007746009802F00DFA25
:10AB1000BE4600B50198C06A01B4039801B4049818
:10AB200002F021FA4068059903F00AF901B405988A
:10AB300002F019FA8068079903F002F901B41EBC0B
:10AB400002B404B408B410B4282102F047FA04B0E7
:10AB5000002000BD042C0BDA00B502F078FB00F0F9
:10AB600007F804B000BD7746009802F056FABE46DA
:10AB700000B584203768385801B4049801B4F0F760
:10AB8000CFFB01B001B4069801B4F0F7C9FB01B0E6
:10AB900001B402F022FC01236F467760D0F788FCF5
:10ABA00003B0002000BD0000022C0BDA00B502F05B
:10ABB00093F800F007F802B000BD7746009802F065
:10ABC00088FABE4600B5002001B401B401B401B456
:10ABD000069801B4069801B4E5F717FC02B000909E
:10ABE000069801B401210902D33101F0F1FF01B04F
:10ABF0006F467760CCF782FF00280DD0069801B42D
:10AC000001210902D33101F0E3FF01B001B40321B6
:10AC100003F0F8F801B000E011200190009801B4B1
:10AC20000698406801B4089801B401210902DB319B
:10AC300001F0CEFF01B0039903F082F801B4099846
:10AC400001B401210902DB3101F0C2FF01B0049916
:10AC500003F066F801B40EBC02B404B408B4F4F70F
:10AC6000CEFC03B001B4F6F741FF01B001B4019886
:10AC7000009902F078F9416002B0069801B4D92138
:10AC800001F0A6FF01B06F467760CCF737FF0028D0
:10AC90001AD0069801B401210902DF3101F098FFB2
:10ACA00001B001B4079801B4D92101F091FF01B0BE
:10ACB00001B4032103F0A6F801B001B40198009992
:10ACC00003F03EF802B007E0069801B40121090242
:10ACD000DF3101F07DFF01B001B4019801B40198AA
:10ACE00001B4F6F703FF01B00027019701B4019802
:10ACF000009902F038F9816003B0009801B4069819
:10AD0000406801B40798C06801B40898006901B4AC
:10AD10000EBC02B404B408B4F4F771FC03B001B47F
:10AD2000F6F7E4FE01B001B40198009902F01BF9B6
:10AD3000016102B0009801B484203768385801B42A
:10AD400001F03DFF6F467760D0F796FB01B003F04E
:10AD500074F8292102F0E4FF01B4F6F7C7FE01B050
:10AD600001B4029802F0FFF8006901B406BC02B415
:10AD700004B4E6F795F902B001B407200002D1301F
:10AD800001B4F6F7B3FE01B001B406BC02B404B4DA
:10AD9000E5F71EFB02B001B4F0F7C2FA01B001B44E
:10ADA0000198009902F0DFF8416102B005988068CF
:10ADB00001B401F0F1FE03F0FDF801B0032102F04F
:10ADC000BFFF0290009801B40698806801B407980C
:10ADD000806801B401F0E0FE03F0ECF801B003215B
:10ADE00002F0AEFF01B40198009901F07EFC02B0C0
:10ADF00001B40198009902F0B6F8016202B0012096
:10AE000003900398029903F024F835D00598406820
:10AE100001B4049801B415216F467760CCF7F4FBB8
:10AE200001B00146A12002F08BFF01B406BC02B4C0
:10AE300004B400F05CF802B06F467760CCF75EFEB9
:10AE4000002813D0009801B40698806801B40598D2
:10AE500001B40198009901F048FC02B001B40198D6
:10AE6000009902F080F8016202B005E00398032126
:10AE700002F056FF0390C4E70598406803461F2080
:10AE800001B408B400F033F802B06F467760CCF735
:10AE900035FE002817D00598406801B4069840692F
:10AEA00001B401F079FE03F085F801B0032102F04E
:10AEB00047FF01B406BC02B4032001B404B4F4F7A4
:10AEC0009EFB03B000E0012001B4019802BC02F037
:10AED0004AF8C161009804B000BD0000022C0BDAF2
:10AEE00000B501F0F9FE00F007F802B000BD7746AA
:10AEF000009802F077FDBE4600B5C92001B40120DC
:10AF000001B4039801B4F4F77FFB03B001B40398D4
:10AF100001B4019800996F467760CCF76BFE02B0E0
:10AF200000BD0000012C0BDA00B501F0CBFE00F0F3
:10AF300007F801B000BD7746009801F0A5FEBE46B7
:10AF400000B50198006E00BD012C0BDA00B501F0D0
:10AF5000B9FE00F007F801B000BD7746009801F097
:10AF6000D2FEBE4600B56F467760CBF781FD01B4D7
:10AF70000298806801B401F06CFF6F467760CBF7F0
:10AF8000B3FD02B001B401F06CFFC3496F467760B6
:10AF9000CBF7AAFD01B001B4029801B4E6F7A2F81C
:10AFA00001B001B401F049FF6F467760CBF79CFD1B
:10AFB00002B001B401F055FFB8496F467760CBF796
:10AFC00093FD01B001B4029801B4E6F749F801B06D
:10AFD00001B401F032FF6F467760CBF785FD02B018
:10AFE00001B401F03EFFAE496F467760CBF77CFDC0
:10AFF00001B001B4029801B4E3F73AF801B001B42A
:10B0000001F01BFF6F467760CBF76EFD02B001B415
:10B0100001F027FFA1496F467760CBF765FD01B0CE
:10B0200001B4029801B4E2F7E9FF01B001B401F004
:10B0300004FF6F467760CBF757FD02B001B401F013
:10B0400010FF98496F467760CBF74EFD01B000BD09
:10B05000032C0BDA00B501F048FE00F007F803B04E
:10B0600000BD7746009801F04EFEBE4600B501983F
:10B07000806D002102F079FF2AD0019801B401B45B
:10B080000198806D01B4069801B407210902D131FD
:10B090006F467760CCF7B8FA01B00027029701B489
:10B0A0000198009902F04CFE02B001B40198009999
:10B0B000816503B00198806D012102F0F2FE07D096
:10B0C000019800218165019801B4F3F7A3FF01B055
:10B0D0000198C06F092102F043FE01B46F4677600A
:10B0E000CCF7D4FC002802D1009801B009E0009808
:10B0F000009801B0029801B4029801B400F048F839
:10B1000002B06F467760CCF7F9FC002808D0002029
:10B1100001B4002001B4039801B4F3F739FF03B080
:10B120000198806E6F467760CCF7E8FC00280DD060
:10B130000198806E0346019801B4039801B4059804
:10B1400001B408B4282102F0BFFD04B0002000BD06
:10B15000042C0BDA00B502F07AF800F007F804B01E
:10B1600000BD7746009802F0BFFDBE4600B5002046
:10B1700000BD0000022C0BDA00B501F0ADFD00F0BF
:10B1800007F802B000BD7746009801F0BCFDBE464E
:10B1900000B5002001B401B40398C06F0421090276
:10B1A000013102F0DDFD6F467760CCF7A7FC002887
:10B1B00001D0012003E0049802F04EFBC06800902B
:10B1C0000398C06F04210902013102F0C9FD6F46E6
:10B1D0007760CCF793FC002801D0012003E00498AD
:10B1E00002F03AFB00690190039801B4FDF7B2F850
:10B1F00001B0009902F0A4FD01B401216F4677600F
:10B20000CCF7F8FC01B001B46F467760CCF73EFC98
:10B21000002802D0009801B011E00098009801B019
:10B22000039801B4FDF774F801B0019902F088FDAC
:10B2300001B401216F467760CCF7DCFC01B001B4AA
:10B240006F467760CCF722FC002802D0009801B04E
:10B250002AE00098009801B0039801B4EEF730FF9F
:10B2600001B0009902F06CFD01B4842037683858B1
:10B2700001B401F0A4FC6F467760D0F7F9F801B093
:10B2800002F0DBFD01B4019800996F467760CCF7BE
:10B29000D3FC02B008E00000903904009C360400A2
:10B2A00098390400A439040001B46F467760CCF7E4
:10B2B000EDFB002802D0009801B020E00098009833
:10B2C00001B0039801B4EEF7A1FD01B0019902F0BD
:10B2D00037FD01B484203768385801B401F06FFCA1
:10B2E0006F467760D0F7C8F801B002F0A6FD01B450
:10B2F000019800996F467760CCF79EFC02B002B0CF
:10B3000000BD0000022C0BDA00B501F0E5FC00F0F6
:10B3100007F802B000BD7746009801F0F4FCBE4685
:10B3200000B5019802990164002000BD012C0BDAE0
:10B3300000B501F0C7FC00F007F801B000BD77468A
:10B34000009801F0E0FCBE4600B50198006C6F4625
:10B350007760CCF7D3FB6F467760CBF739FD6F464C
:10B360007760CBF75BFE6F467760CCF7C7FB0028B2
:10B370000AD0019801B46F467760CBF70FFF01B494
:10B3800001980099016402B00198006C00BD0000B2
:10B39000032C0BDA00B501F0A8FC00F007F803B0AD
:10B3A00000BD7746009801F048FEBE4600B500207B
:10B3B00000BD0000022C0BDA00B501F08DFC00F09E
:10B3C00007F802B000BD7746009801F036FEBE4691
:10B3D00000B5019801B4242101F012FE01B06F46BE
:10B3E0007760CCF78BFB002807D0029801B4029855
:10B3F00001B42C2101F004FE02B0002000BD0000C9
:10B40000022C0BDA00B501F067FC00F007F802B07F
:10B4100000BD7746009801F010FEBE4600B5002042
:10B4200000BD0000012C0BDA00B501F04BFC00F070
:10B4300007F801B000BD7746009801F0FEFDBE465A
:10B4400000B5422000BD0000012C0BDA00B501F070
:10B4500039FC00F007F801B000BD7746009802F013
:10B4600051FCBE4600B5002001B401B401B401B4E2
:10B47000E5F756FA009000200190009801F0C9FE0F
:10B480008068029001200390039801B403986F46EE
:10B490007760CBF7E3FD02F0D0FC01B4019800998E
:10B4A0006F467760CCF782FB02B0002821D002986B
:10B4B00001B4049802F0B7FC01B4019800996F46FA
:10B4C0007760CBF7DBFD02B00190019801B4242135
:10B4D00002F0FAF901B06F467760CCF70FFB002855
:10B4E00001D0422008E00398032102F019FC0390E8
:10B4F000CAE7002002900A2004B000BD012C0BDA3C
:10B5000000B501F0DFFB00F007F801B000BD7746A1
:10B51000009801F08CFEBE4600B5019840696F4668
:10B520007760CCF7EBFA002801D0C04800E0C048B3
:10B5300001B40298806801B401F078FCBD486F4600
:10B540007760CBF7D1FA01B001B401F08AFCBA49B7
:10B550006F467760CBF7C8FA01B001B4019801B427
:10B5600001F06BFC6F467760CBF7BEFA03B000BD0D
:10B570007746009802F0B8FBBE4600B501980299E4
:10B58000416001980399816001980499C16000208D
:10B5900000BD0000012C0BDA00B501F093FB00F0B8
:10B5A00007F801B000BD7746009802F058FBBE4690
:10B5B00000B50198806801B401F001FB6F46776027
:10B5C000CFF756FF01B002F038FC00BD012C0BDABA
:10B5D00000B501F077FB00F007F801B000BD774639
:10B5E000009802F03CFBBE4600B50198806801B4AB
:10B5F00001F0E5FA6F467760CFF73EFF01B002F049
:10B600001CFC00BD012C0BDA00B501F05BFB00F067
:10B6100007F801B000BD7746009802F020FBBE4657
:10B6200000B50198006901B4029801B4FFF7DCFF8E
:10B6300001B001B4032102F0E5FB01B001B40198AF
:10B64000009902F06DFB02B000BD0000012C0BDA86
:10B6500000B501F037FB00F007F801B000BD7746F8
:10B66000009802F0FCFABE4600B50198406901B4AA
:10B67000029801B4FFF79CFF01B001B4032102F06E
:10B68000C1FB01B001B40198009902F049FB02B07E
:10B6900000BD0000012C0BDA00B501F013FB00F037
:10B6A00007F801B000BD7746009802F0E6FABE4602
:10B6B00000B50198406801B4029801B400F018F890
:10B6C00001B0406801B40198009902F071FB02B02A
:10B6D00000BD0000012C0BDA00B501F0F3FA00F018
:10B6E00007F801B000BD7746009802F0C6FABE46E2
:10B6F00000B5F6F7DFFB01F0C7FAC06800BD000037
:10B70000012C0BDA00B501F0DDFA00F007F801B00A
:10B7100000BD7746009802F0B0FABE4600B5019829
:10B72000806801B4029801B4FFF7E2FF01B04068FD
:10B7300001B40198009902F03BFB02B000BD00008B
:10B74000012C0BDA00B501F0BDFA00F007F801B0EA
:10B7500000BD7746009802F090FABE4600B5002082
:10B7600001B4029801B4FFF7C3FF01B04068009034
:10B770000298406801B4019801B40198009902F060
:10B7800017FB02B001B40198032102F0D9FA01B409
:10B790000099032002F00CFB01B001B4019800995C
:10B7A00002F0BEFA02B001B000BD0000012C0BDABD
:10B7B00000B501F087FA00F007F801B000BD774648
:10B7C000009802F05AFABE4600B5002001B4029873
:10B7D00001B4FFF78DFF01B04068009002988068C7
:10B7E00001B4019801B40198009902F0E1FA02B0A5
:10B7F00001B40198032102F0A3FA01B400990320D7
:10B8000002F0D6FA01B001B40198009902F088FA6A
:10B8100002B001B000BD0000042C14DA00B501F044
:10B8200016FD00F010F804B000BD0000E41E040096
:10B830005834040048390400E4370400774600987F
:10B8400002F086F9BE4600B5002001B40298006AF5
:10B8500001B40398406A01B406BC02B404B400F019
:10B860004AF802B001B401F0AAF96F467760D0F748
:10B8700021F901B00090009801B4049801F073FB25
:10B88000006A01B402F069F80F216F467760D0F7C3
:10B89000EDF902B084203768385801B4019801B43A
:10B8A0000498806A01B4079802BC02F049FA01B416
:10B8B000EFF736FD01B001B40598C06A01B40998EC
:10B8C00002BC02F03DFA01B4EFF72AFD01B001B469
:10B8D00001F05CFE6F467760D2F766FC04B0002092
:10B8E00001B000BD022C0BDA00B501F0F5F900F053
:10B8F00007F802B000BD7746009802F073F8BE4624
:10B9000000B502986F467760CCF7F8F86F4677601D
:10B91000CBF75EFA6F467760CBF780FB01B46F46DA
:10B920007760CCF7B3F8002802D0009801B010E09F
:10B930000098009801B0029801B401F02DF902F0CE
:10B9400039FB01B001B401216F467760CCF768F88C
:10B9500001B06F467760CCF7D1F8002801D0002005
:10B960001CE0029801B4029801B4049801B401F0FB
:10B9700013F902F01FFB01B0032102F0E1F901B459
:10B9800006BC02B4012001B404B4F3F73DFE03B0D9
:10B9900001B40198009900F0A8FE02B000BD0000BB
:10B9A000042C0BDA00B501F052FC00F007F804B0EB
:10B9B00000BD7746009802F0DBF8BE4600B50020D7
:10B9C00001B4039801F0CFFA406903210902E9317B
:10B9D00002F053FA01D009200CE0039801F0C3FAF9
:10B9E000406901210902F53102F047FA01D00B202C
:10B9F00000E00320009084203768385801B405988F
:10BA000001B4EFF78DFC01B001B4079801B4EFF772
:10BA100087FC01B001B4039801B401F015FE6F4634
:10BA20007760CFF745FD04B0002001B000BD0000F5
:10BA3000022C0BDA00B501F04FF900F007F802B064
:10BA400000BD7746009801F095FFBE4600B502980C
:10BA500001B484203768385801B4039801B4CC216C
:10BA600001F063FB03B0002000BD0000012C0BDAE5
:10BA700000B501F027F900F007F801B000BD7746E6
:10BA8000009801F077FFBE4600B5019801B4CB21C4
:10BA9000490001F071F901B000BD0000012C0BDA82
:10BAA00000B501F00FF900F007F801B000BD7746CE
:10BAB000009801F0D1FEBE4600B50198806800BD37
:10BAC000012C0BDA00B501F0FDF800F007F801B029
:10BAD00000BD7746009801F0BFFEBE4600B5019854
:10BAE000406800BD022C0BDA00B501F0F5F800F05B
:10BAF00007F802B000BD7746009801F09FFCBE46F3
:10BB000000B501988068029901F0A6FCC16100208F
:10BB100000BD0000012C0BDA00B501F0D3F800F0F5
:10BB200007F801B000BD7746009801F087FCBE46DB
:10BB300000B50198806801F08FFCC06900BD00006D
:10BB4000012C0BDA00B501F0BDF800F007F801B0E8
:10BB500000BD7746009801F04EFBBE4600B584203C
:10BB60003768385801B401F02AF86F467760CFF78C
:10BB700083FC01B002F061F900BD0000042C0BDA77
:10BB800000B501F064FB00F007F804B000BD774693
:10BB9000009801F0D8F9BE4600B5842037683858BF
:10BBA00001B4049801B4EFF7BBFB01B001B40698EF
:10BBB00001B4EFF7B5FB01B001B401F00EFC0123B5
:10BBC0006F467760CFF774FC03B0002000BD000023
:10BBD000042C0BDA00B501F03AFB00F007F804B0D2
:10BBE00000BD7746009801F074FABE4600B500200B
:10BBF00001B4B5486F467760CBF748FF002801D104
:10BC0000B14804E0B048039801F0ADF9C0696F464F
:10BC10007760CBF773FF002827D00298406803466F
:10BC2000152001B408B4FFF762F902B06F467760DF
:10BC3000CBF764FF002817D00398032101F093F994
:10BC40000162039801B401B4019801F08CF9C06954
:10BC5000FF210902FF3102F083F801B40198009935
:10BC600001F081F9C16103B03CE0039801F07BF978
:10BC7000006A01B403216F467760CBF729FE01B05B
:10BC800001B46F467760CBF701FF002802D100981E
:10BC900001B00BE00098009801B00298406803469C
:10BCA000032001B408B4FFF722F902B06F467760B1
:10BCB000CBF724FF002815D003980B2101F053F98E
:10BCC0000162039801B401B4019801F04CF9C06914
:10BCD0007D4902F052F801B40198009901F043F94E
:10BCE000C16103B00298406901B4049801F03BF9C6
:10BCF000C0690146FF200002FF3002F031F801B4B4
:10BD00000198009900F0F1FC02B001B400F057FF77
:10BD10006F467760CFF7CEFE01B00090009801B477
:10BD2000049801F020F9006A01B401F016FE012127
:10BD30006F467760CFF79AFF02B084203768385893
:10BD400001B4019801B4069801B4EFF7E9FA01B023
:10BD500001B4089801B4EFF7E3FA01B001B401F0BF
:10BD600015FC6F467760D2F71FFA04B0002001B0CF
:10BD700000BD0000022C0BDA00B500F0ADFF00F0B2
:10BD800007F802B000BD7746009800F0BCFFBE4641
:10BD900000B5002001B401B401B401B4069801B4A7
:10BDA000069801B400F094FB02B0069801B406981E
:10BDB00001B4FFF7EDF902B06F467760CBF79EFE56
:10BDC000002800D05CE00598C06F04210902013111
:10BDD00001F0C6FF6F467760CBF790FE002801D0D8
:10BDE000012003E0069801F037FDC0680090059837
:10BDF000C06F04210902013101F0B2FF6F46776084
:10BE0000CBF77CFE002801D0012003E0069801F06A
:10BE100023FD00690190059801B4EEF751F901B0D6
:10BE2000009901F08DFF01B46F467760CBF7E2FC1B
:10BE300001B00290059801B4EDF7E8FF01B0019957
:10BE400001F07EFF01B46F467760CBF7D3FC01B001
:10BE50000390039801B4039801B4079801B43C21FE
:10BE600001F0CEF803B0019801B4019801B405982F
:10BE700001B4059801B4099801B400F013F805B0B5
:10BE8000002004B000BD0000052C0BDA00B501F065
:10BE900019F800F007F805B000BD7746009800F0EB
:10BEA00032FFBE4600B5002001B401B401B40498CD
:10BEB000C06F812101F054FF6F467760CBF71EFE03
:10BEC000002803D155E10000010001003768F86F38
:10BED000009005980190069801B4059801B4F2F716
:10BEE00013FE01B001B40198009901F019FF02B0EE
:10BEF000052101F015FF029084203768385801B4FD
:10BF00006F467760CAF7B4FD01B4069801B4E5F74F
:10BF1000E9F801B001B4012101F074FF01B001B4EE
:10BF200000F097FF6F467760CAF7DEFD02B001B4FC
:10BF300000F097FFC6496F467760CAF7D5FD01B09C
:10BF400001B4069801B4E5F78BF801B001B4012102
:10BF500001F058FF01B001B400F06FFF6F46776049
:10BF6000CAF7C2FD02B001B406BC002001B40198BA
:10BF700001B4032001B4059801B4059801B402B4DA
:10BF800004B4E7F7A7FF07B0019801B4019801B422
:10BF90006A2100F01DFE01B001B40198009901F082
:10BFA000CFFE02B00190049801B4E2F761F801B04D
:10BFB00001B46F467760CBF769FD002802D0009886
:10BFC00001B007E00098009801B0049801B4E2F7CE
:10BFD00015F801B06F467760CBF790FD002855D07B
:10BFE000029801B4019801B4692100F0F1FD01B09B
:10BFF000052101F095FE01B40198009901F090FE31
:10C0000002B0029084203768385801B4059801B412
:10C01000E2F72EF801B001B4012101F0F3FE01B006
:10C0200001B400F003FF8B486F467760CAF75CFDF0
:10C0300001B001B400F015FF85496F467760CAF77B
:10C0400053FD01B001B4069801B4E1F7D7FF01B088
:10C0500001B4012101F0D6FE01B001B400F0EDFE03
:10C060006F467760CAF740FD02B001B406BC0020FD
:10C0700001B4019801B4032001B4059801B40598F6
:10C0800001B402B404B4E7F725FF07B0049801B483
:10C09000E6F762FC01B001B46F467760CBF7F6FCBF
:10C0A000002802D0009801B007E00098009801B085
:10C0B000049801B4E6F716FC01B06F467760CBF741
:10C0C0001DFD002855D0029801B4019801B46921E2
:10C0D00000F07EFD01B0052101F022FE01B40198BF
:10C0E000009901F01DFE02B0029084203768385894
:10C0F00001B4059801B4E6F72FFC01B001B40121A9
:10C1000001F080FE01B001B400F090FE52486F468D
:10C110007760CAF7E9FC01B001B400F0A2FE4C4917
:10C120006F467760CAF7E0FC01B001B4069801B42D
:10C13000E6F7D8FB01B001B4012101F063FE01B0C4
:10C1400001B400F07AFE6F467760CAF7CDFC02B00A
:10C1500001B406BC002001B4019801B4032001B46D
:10C16000059801B4059801B402B404B4E7F7B2FE2F
:10C1700007B009204001376838586F467760CBF721
:10C18000BDFC002848D084203768385801B4059891
:10C19000C06E01B4F8F725FD01B001B4EFF7C0F8A7
:10C1A00001B0089901F0CCFD01B40698C06E01B44D
:10C1B000F8F7D5FC01B001B4EFF7B2F801B00A9975
:10C1C00001F0BEFD01B40798C06E01F01BF9406993
:10C1D00001B4EFF7A5F801B001B40898C06E01F002
:10C1E00011F9806901B4EFF79BF801B001B40027A1
:10C1F000032001B4019801B40297039801B4049795
:10C20000059801B40697079801B40897099801B4F6
:10C210000A97F3F71DF90BB0002003B000BD000032
:10C22000032C0BDA00B500F060FD00F007F803B056
:10C2300000BD7746009800F066FDBE4600B5019847
:10C24000C06B6F467760CBF759FC002806D13CE005
:10C250009C360400AC3904008C3804008420376814
:10C26000385801B4039801B4059801B40498C06D1E
:10C2700001B4059801B4E6F725F801B001B40698B9
:10C2800001B4E6F703F801B001B4079801B4E5F78B
:10C290009FFE01B001B40027009801B401970298F5
:10C2A00001B40397049801B40597069801B4079761
:10C2B000089801B409970A9801B40B970C9801B437
:10C2C0000D9700F083F80EB07EE0019801B4FBF703
:10C2D00075FF01B06F467760CBF710FC6F46776053
:10C2E000CAF776FD6F467760CAF798FE6F467760AB
:10C2F000CBF704FC002812D084203768385801B4EA
:10C300000298C06D01B4049801B4069801B401F01C
:10C310003DF96F467760D1F747FF04B054E08420C1
:10C320003768385801B4039801B4059801B40498EB
:10C3300001B4EDF7A9FE01B001B4059801B4F2F71C
:10C34000E3FB01B001B40698C06D01B40798C06D5D
:10C3500001B400F034FC6F467760CFF789F801B084
:10C3600001F06BFD01B40898C06D01B400F027FC2A
:10C370006F467760CFF780F801B001F05EFD01B441
:10C3800000270A2001B4422001B4029801B40397A7
:10C39000049801B40597012001B4012001B4089864
:10C3A00001B409970A9801B40B970C9801B40D9742
:10C3B0000E9801B40F97109801B41197129801B418
:10C3C0001397FBF70DFE14B0002000BD00B56720E9
:10C3D00080003768385801B46F467760CBF756FB5A
:10C3E000002802D0009801B006E00098009801B043
:10C3F0006F467760CAF728FE672189003768785052
:10C40000672080003768385801B40398012101F093
:10C41000B4FC01B40198009A012100F0B1F902B016
:10C42000672080003768385801B40498012101F072
:10C43000A4FC01B40198009A032100F0A1F902B014
:10C44000672080003768385801B4069801B4019815
:10C45000009A052100F094F902B067208000376847
:10C46000385801B4079801B40198009A072100F0E8
:10C4700087F902B0672080003768385801B40898FF
:10C4800001B40198009A092100F07AF902B00198EC
:10C4900001B4059801B4672080003768385801B4AA
:10C4A00001F006FC6F467760CFF7C4FE03B00020B2
:10C4B00000BD0000022C0BDA00B500F00DFC00F00E
:10C4C00007F802B000BD7746009800F01CFCBE469D
:10C4D00000B50198806E6F467760CBF70FFB0028A0
:10C4E00044D00198406E002101F03FFD2ED06F46F0
:10C4F0007760C9F7BFFD01F0A0FC01B40298406E5F
:10C5000001B40198009901F0A4FC02B010D0019888
:10C51000806E0346019801B4039801B48420376803
:10C52000385801B408B4242101F0CEFB04B00CE06B
:10C530000198806E01B42C2101F0C6FB01B0019876
:10C54000002181660198002141660FE00198806E0C
:10C550000346019801B4039801B484203768385821
:10C5600001B408B4242101F0AFFB04B0002000BDE9
:10C57000012C0BDA00B500F0A5FB00F007F801B0C4
:10C5800000BD7746009801F0AFFBBE4600B5002025
:10C5900000BD0000042C0BDA00B500F058FE00F0DE
:10C5A00007F804B000BD7746009801F09DFBBE4639
:10C5B00000B5002000BD0000012C0BDA00B500F032
:10C5C00081FB00F007F801B000BD7746009800F04D
:10C5D0009AFBBE4600B50198C06F012109020131E6
:10C5E00001F0BEFB6F467760CBF788FA6F46776045
:10C5F000CAF7EEFB6F467760CAF710FD00BDF0B5D5
:10C6000044464D4656465746F0B40C4615461E461F
:10C61000074600F085FA6846F0B46946CCF79AF907
:10C6200006463D462846A96803248847074604B0C5
:10C630003046CBF709FD3846F0BCA046A946B246C5
:10C64000BA46F0BD01B56F467760CBF727FC12BC48
:10C65000416069468160C56020470E4681688D460D
:10C66000C568416801200143084782070ED10028B0
:10C670000CD003681A89012A00D170471F6A002F65
:10C6800004D001B50124B847009000E001B56F4621
:10C690007760CBF7E1FA02BD84071FD100281DD0D7
:10C6A00003681C89032C19D1491007D34468A1429F
:10C6B00019D24418207A400001307047490005B56E
:10C6C00008466F467760CAF7B9FE014605BC6F465B
:10C6D0007760CAF7D3FC4000013000BD71466F4659
:10C6E0007760CBF7A1FB0120704784071CD100289D
:10C6F0001AD003681C89062C16D1491006D3048968
:10C70000A14216D28900446860587047490005B5B7
:10C7100008466F467760CAF791FE014605BC6F4632
:10C720007760CAF7ABFC00BD71466F467760CBF708
:10C730007BFB0020704784071BD1002819D00368B9
:10C740001C89032C15D1491005D34468A14215D288
:10C75000441822727047490005B508466F46776055
:10C76000CAF76CFE014605BC6F467760CAF78EFCBF
:10C7700000BD71466F467760CBF756FB00B5F3E717
:10C7800084071CD100281AD003681C89062C16D1F6
:10C79000491006D30489A14216D289004468625028
:10C7A0007047490005B508466F467760CAF746FEF0
:10C7B000014605BC6F467760CAF768FC00BD71464C
:10C7C0006F467760CBF730FB00B5F3E784073DD1C8
:10C7D00000283BD003681C89082C05D100B56F46A2
:10C7E0007760CAF7E5FC00BD1C4601B50846CAF7EC
:10C7F000EFFC01460098234600F002F801B000BDAE
:10C80000DA68170022D04F43D7407F005B68DB19FE
:10C810001A88D75A8F420BD002331A88D75A8F42C0
:10C8200006D002331A88D75A8F4201D000207047B1
:10C830009B185A68D70707D05F88012F01D10124C0
:10C840001047744600F051F88058704771466F46A3
:10C850007760CBF7E9FA6F467760CBF711FB840777
:10C860003AD1002838D003681C89082C05D100B5BE
:10C870006F467760CAF7FEFC00BD1C4605B508464A
:10C88000CAF7A6FC01460098234600F002F802B061
:10C8900000BDDA6817001FD04F43D7407F005B68A8
:10C8A000DB191A88D75A8F4209D002331A88D75A0F
:10C8B0008F4204D002331A88D75A8F4211D19B1865
:10C8C0005A68D70705D01F898F420AD1DA68022437
:10C8D0001047019B8350704771466F467760CBF7D6
:10C8E000A3FA6F467760CBF7CBFA05B40220B649BE
:10C8F0006F467760CCF7CCF906BCC1600261204777
:10C90000ECB10100000000000DC903000C2C06DA98
:10C91000A300AE4AD158C3680269641C0847714637
:10C920006F467760CBF780FA59C9030069C90300E5
:10C930007DC9030095C90300B1C90300D1C9030033
:10C94000F5C903001DCA030049CA030079CA0300E0
:10C95000ADCA0300E5CA030081B008B47146019175
:10C960009047019902B0084781B00199009108B43D
:10C97000714602919047029902B0084781B001992F
:10C9800000910299019108B471460391904703996F
:10C9900002B0084781B00199009102990191039971
:10C9A000029108B4714604919047049902B0084777
:10C9B00081B0019900910299019103990291049922
:10C9C000039108B4714605919047059902B0084754
:10C9D00081B0019900910299019103990291049902
:10C9E00003910599049108B4714606919047069900
:10C9F00002B0084781B00199009102990191039911
:10CA0000029104990391059904910699059108B43E
:10CA1000714607919047079902B0084781B0019984
:10CA2000009102990191039902910499039105994A
:10CA30000491069905910799069108B471460891E9
:10CA40009047089902B0084781B001990091029976
:10CA50000191039902910499039105990491069912
:10CA60000591079906910899079108B471460991B3
:10CA70009047099902B0084781B001990091029945
:10CA800001910399029104990391059904910699E2
:10CA9000059107990691089907910999089108B499
:10CAA00071460A9190470A9902B0084781B00199EE
:10CAB00000910299019103990291049903910599BA
:10CAC000049106990591079906910899079109998A
:10CAD00008910A99099108B471460B9190470B99F6
:10CAE00002B0084781B00199009102990191039920
:10CAF000029104990391059904910699059107996A
:10CB0000069108990791099908910A9909910B9939
:10CB10000A9108B471460C9190470C9902B00847ED
:10CB2000820706D1002804D003681A89042A00D19C
:10CB3000704771466F467760CBF776F900B501987C
:10CB4000FFF7EEFF00BD00B50198401002D2400093
:10CB500001F069F900BD820706D1002804D00368FE
:10CB60001A89032A00D1704771466F467760CBF768
:10CB70005BF900B50198FFF7EEFF00BD820706D113
:10CB8000002804D003681A89062A00D1704771462C
:10CB90006F467760CBF748F900B50198FFF7EEFFD5
:10CBA00000BD820706D1002804D003681A89052A2F
:10CBB00000D1704771466F467760CBF735F900B505
:10CBC0000198FFF7EEFF00BD00C9030028C903006C
:10CBD0000098820731D100282FD00368DA68170047
:10CBE00020D04F43D7407F005B68DB191A88D75AA3
:10CBF0008F420BD002331A88D75A8F4206D00233A5
:10CC00001A88D75A8F4201D0002070479B185A6863
:10CC1000D70710D05F88012F01D101241047744637
:10CC2000FFF763FE1A89082A07D174466F467760BA
:10CC3000CAF716FB20478058704771466F467760E9
:10CC4000CBF7F2F86F467760CBF71AF9820716D167
:10CC5000002814D003681A89042A10D1002481887E
:10CC6000002901D18168084782B000957146019181
:10CC70000546AF68B847019C009D02B02047714649
:10CC80006F467760CBF7D0F8820706D1002804D032
:10CC900003681A891C2A00D1704771466F46776075
:10CCA000CBF7C2F800B50298401002D2400001F064
:10CCB000BAF801B40298401002D2400001F0B3F873
:10CCC000014601BD0020002101B4704700B5029863
:10CCD000FFF754FF019900BD0020002101B4012C91
:10CCE00001DB0298029101B470470020002101B4D9
:10CCF000022C01DB0398039101B4012C01DB0398A2
:10CD0000039101B47047820706D1002804D003685C
:10CD10001A89162A00D1704771466F467760CBF7A3
:10CD200083F8820706D1002804D003681A891B2AD9
:10CD300000D1704771466F467760CBF775F8820770
:10CD400006D1002804D003681A891D2A00D1704733
:10CD500071466F467760CBF767F800B50398FFF729
:10CD60000DFF01B40398401002D2400001F05BF8BF
:10CD7000014601BC019A00BD009882074DD10028F0
:10CD80004BD00368DA68170021D04F43D7407F00AB
:10CD90005B68DB191A88D75A8F4209D002331A8888
:10CDA000D75A8F4204D002331A88D75A8F4239D1CA
:10CDB0009B185A68D70714D05F88012F01D001242F
:10CDC0001047012401B5904706BC96460AE01A892F
:10CDD000082A22D174466F467760CAF741FAA64600
:10CDE00000E0805801000091820716D1002814D07D
:10CDF00003681A89042A10D100248188002901D1EE
:10CE00008168084782B00095714601910546AF6878
:10CE1000B847019C009D02B0204771466F4677607D
:10CE2000CBF702F86F467760CBF72AF800B5019888
:10CE3000FFF71BFC0190014600BD00B50298FFF70B
:10CE400014FC029001B40298FFF70FFC0290014617
:10CE500001BD00B50198FFF708FC0190014602985A
:10CE600000BD00B50198FFF700FC019000BD8207EE
:10CE700006D1002804D003681A891E2A00D1704701
:10CE800071466F467760CAF7CFFF00B5049840102F
:10CE900002D2400000F0C7FF01B40498401002D253
:10CEA000400000F0C0FF01B40498FFF739FE01B460
:10CEB0000498401002D2400000F0B5FF034604BCC5
:10CEC00002BC01BD0020002101B4042C01DB059847
:10CED000059101B4032C01DB0598059101B4022CE6
:10CEE00001DB0598059101B4012C01DB0598059142
:10CEF00001B47047820706D1002804D003681A895C
:10CF00001F2A00D1704771466F467760CAF78CFFC1
:10CF100000B50298FFF732FE01B40298401002D229
:10CF2000400000F080FF014601BD820706D10028C5
:10CF300004D003681A89172A00D1704771466F46DA
:10CF40007760CAF771FF820708D1002806D003680E
:10CF50001A89222A02DB252A00DC704771466F46B7
:10CF60007760CAF761FF820706D1002804D0036802
:10CF70001A89262A00D1704771466F467760CAF732
:10CF800053FF00B50298FFF770FB0290019900BDB6
:10CF900082071ED100281CD003681A89042A18D1E0
:10CFA00002248188002901D18168084782B0029952
:10CFB0000091039901910295714603910546AF686E
:10CFC000B847039C029D009902910199039102B018
:10CFD000204771466F467760CAF726FF00988207A0
:10CFE00009D1002807D003681A89202A03DB252AE3
:10CFF00001DC5958084771466F467760CAF714FF3D
:10D000000098820704D1002802D0036859580847C5
:10D0100071466F467760CAF707FF820708D100287C
:10D0200006D003681A89202A02DB252A00DC704713
:10D0300071466F467760CAF7F7FE820708D100286D
:10D0400006D003681A89152A02DB182A00DC70470B
:10D0500071466F467760CAF7E7FE009882072FD1C6
:10D0600000282DD00368DA6817001CD04F43D74042
:10D070007F005B68DB191A88D75A8F4209D00233C8
:10D080001A88D75A8F4204D002331A88D75A8F424F
:10D090001BD19B185A68D7070FD01F898F4214D114
:10D0A000DA68022410471A89082A09D17446019ABD
:10D0B0006F467760CAF7FAF82047019B83507047A4
:10D0C00071466F467760CAF7AFFE6F467760CAF762
:10D0D000D7FE820706D1002804D003681A89212AC6
:10D0E00000D1704771466F467760CAF79DFE820790
:10D0F00006D1002804D003681A891A2A00D1704783
:10D1000071466F467760CAF78FFE820708D1002804
:10D1100006D003681A89192A02DB1A2A00DC704734
:10D1200071466F467760CAF77FFE0098820759D133
:10D13000002857D00368DA68170021D04F43D74042
:10D140007F005B68DB191A88D75A8F4209D00233F7
:10D150001A88D75A8F4204D002331A88D75A8F427E
:10D1600045D19B185A68D70714D05F88012F01D08A
:10D1700003241047012401B5904706BC96460AE0F7
:10D180001A89082A2ED174466F467760CAF768F864
:10D19000A64600E080580199009102990191010092
:10D1A000029182071ED100281CD003681A89042A24
:10D1B00018D102248188002901D18168084782B0F2
:10D1C00002990091039901910295714603910546D8
:10D1D000AF68B847039C029D0099029101990391A1
:10D1E00002B0204771466F467760CAF71DFE6F4652
:10D1F0007760CAF745FE820706D1002804D003688D
:10D200001A89272A00D1704771466F467760CAF79E
:10D210000BFE820706D1002804D003681A89102A61
:10D2200000D1704771466F467760CAF7FDFD8207EF
:10D2300008D1002806D003681A89112A02DB122AB5
:10D2400000DC704771466F467760CAF7EDFD00203D
:10D25000002101B4032C01DB0498049101B4022CD9
:10D2600001DB0498049101B4012C01DB04980491C2
:10D2700001B47047820706D1002804D003681A89D8
:10D28000282A00D1704771466F467760CAF7CCFDF7
:10D290000098820709D1002807D003681A89292A33
:10D2A00003DB2A2A01DC5958084771466F4677602C
:10D2B000CAF7BAFD820708D1002806D003681A8988
:10D2C000292A02DB2A2A00DC704771466F46776004
:10D2D000CAF7AAFD820704D1002802D0036800E043
:10D2E000704771466F467760CAF79EFD00988207C7
:10D2F00053D1002851D00368DA68170021D04F437A
:10D30000D7407F005B68DB191A88D75A8F4209D053
:10D3100002331A88D75A8F4204D002331A88D75A58
:10D320008F423FD19B185A68D70714D05F88012FCE
:10D3300001D002241047012401B5904706BC96464F
:10D340000AE01A89082A28D174466F467760C9F71F
:10D3500087FFA64600E080580199009101000191E5
:10D3600082071AD1002818D003681A89042A14D118
:10D3700001248188002901D18168084782B002997F
:10D3800000910195714602910546AF68B847029C2D
:10D39000019D0099029102B0204771466F46776067
:10D3A000CAF742FD6F467760CAF76AFD00B502987A
:10D3B000FFF75BF9029001460398019A00BD8207CE
:10D3C00006D1002804D003681A892B2A00D170479F
:10D3D00071466F467760CAF727FD00B50398FFF7DF
:10D3E000E0FB01B40398401002D2400000F01BFDA6
:10D3F00001B40398401002D2400000F014FD024630
:10D4000002BC01BD820706D1002804D003681A8936
:10D410002D2A00D1704771466F467760CAF704FD28
:10D42000820706D1002804D003681A892C2A00D16B
:10D43000704771466F467760CAF7F6FC820706D1DF
:10D44000002804D003681A892F2A00D1704771463A
:10D450006F467760CAF7E8FC820706D1002804D03F
:10D4600003681A892E2A00D1704771466F4677608B
:10D47000CAF7DAFC820706D1002804D003681A89AB
:10D48000302A00D1704771466F467760CAF7CCFCEE
:10D49000820706D1002804D003681A893E2A00D1E9
:10D4A000704771466F467760CAF7BEFC82071AD193
:10D4B000002818D003681A89042A14D1012481880D
:10D4C000002901D18168084782B002990091019535
:10D4D000714602910546AF68B847029C019D0099CC
:10D4E000029102B0204771466F467760CAF79CFCF4
:10D4F000820706D1002804D003681A89132A00D1B4
:10D50000704771466F467760CAF78EFC00988207B5
:10D5100007D1002805D003681A89332A01D1595848
:10D52000084771466F467760CAF77EFC820706D1CE
:10D53000002804D003681A89332A00D17047714645
:10D540006F467760CAF770FC00B50398FFF729FBB8
:10D5500001B40398FFF725FB01B40398401002D2F1
:10D56000400000F060FC034602BC01BD820708D108
:10D57000002806D003681A89322A02DB332A00DC2D
:10D58000704771466F467760CAF74EFC00B5049845
:10D59000FFF707FB01B40498FFF703FB01B40498FD
:10D5A000401002D2400000F03EFC01B4049840104C
:10D5B00002D2400000F037FC034604BC02BC01BDAF
:10D5C00000B50198401002D2400000F02CFC024649
:10D5D000029800BD00B50298FFF747F8029001B429
:10D5E0000298401002D2400000F01DFC014601BD2F
:10D5F00000B50298FFF7AFFA01B40298401002D2CA
:10D60000400000F010FC024601BD00B50398FFF792
:10D61000A2FA01B40398401002D2400000F003FCCB
:10D6200001B40398401002D2400000F0FCFB024617
:10D6300002BC01BD00B50298FFF78DFA01B4029853
:10D64000FFF789FA024601BD00B50498FFF7A9FA71
:10D6500001B40498401002D2400000F0E4FB01B491
:10D660000498401002D2400000F0DDFB01B40498A1
:10D67000401002D2400000F0D6FB034604BC02BCBE
:10D6800001BD00B50498FFF78CFA01B40498FFF7C8
:10D6900062FA01B40498401002D2400000F0C3FBCB
:10D6A00001B40498401002D2400000F0BCFB0346D5
:10D6B00004BC02BC01BD820706D1002804D0036867
:10D6C0001A89312A00D1704771466F467760CAF7D0
:10D6D000ABFB00B50398FEF7C8FF039001B40398B5
:10D6E000401002D2400000F09EFB01B403984010AD
:10D6F00002D2400000F097FB024602BC01BD0020B0
:10D70000002101B4052C01DB0698069101B4042C1C
:10D7100001DB0698069101B4032C01DB0698069103
:10D7200001B4022C01DB0698069101B4012C01DB47
:10D730000698069101B470470098820709D1002825
:10D7400007D003681A89342A03DB352A01DC5958CB
:10D75000084771466F467760CAF766FB820708D1B3
:10D76000002806D003681A89342A02DB352A00DC37
:10D77000704771466F467760CAF756FB820706D13D
:10D78000002804D003681A89362A00D170477146F0
:10D790006F467760CAF748FB820706D1002804D09D
:10D7A00003681A89372A00D1704771466F4677603F
:10D7B000CAF73AFB00B50198401002D2400000F0D1
:10D7C00032FB02460398029900BD00B50498FFF7AA
:10D7D000C2F901B40498401002D2400000F023FBCB
:10D7E00001B40498401002D2400000F01CFB024635
:10D7F00002BC01BC019B00BD00B50298FEF735FFDD
:10D80000029001B40298FFF7A6F9014601BD820714
:10D8100006D1002804D003681A89382A00D170473D
:10D8200071466F467760CAF7FFFA00B50298FFF7B6
:10D83000B8F901B40298401002D2400000F0F3FAA7
:10D84000014601BD00B50298FFF7ABF901B402989B
:10D85000FFF7A7F9014601BD820706D1002804D0D1
:10D8600003681A89392A00D1704771466F4677607C
:10D87000CAF7DAFA820706D1002804D003681A89A9
:10D880003A2A00D1704771466F467760CAF7CCFAE2
:10D89000820706D1002804D003681A893B2A00D1E8
:10D8A000704771466F467760CAF7BEFA820706D1A5
:10D8B000002804D003681A893C2A00D170477146B9
:10D8C0006F467760CAF7B0FA0098820709D100283E
:10D8D00007D003681A89112A03DB122A01DC595880
:10D8E000084771466F467760CAF79EFA00B50198FF
:10D8F000401002D2400000F096FA014600BD8207B7
:10D9000006D1002804D003681A892A2A00D170475A
:10D9100071466F467760CAF787FA820706D10028FA
:10D9200004D003681A893D2A00D1704771466F46BA
:10D930007760CAF779FA00B50398FFF732F901B4B6
:10D940000398FFF72EF901B40398401002D240006B
:10D9500000F069FA024602BC01BD00B50298FFF76B
:10D9600020F901B40298401002D2400000F05BFAA6
:10D97000024601BD820706D1002804D003681A8937
:10D98000182A00D1704771466F467760CAF74CFA83
:10D99000820706D1002804D003681A893F2A00D1E3
:10D9A000704771466F467760CAF73EFA820706D124
:10D9B000002804D003681A89412A00D170477146B3
:10D9C0006F467760CAF730FA820706D1002804D084
:10D9D00003681A89402A00D1704771466F46776004
:10D9E000CAF722FA820706D1002804D003681A89F0
:10D9F000142A00D1704771466F467760CAF714FA4F
:10DA000000B50298401002D2400000F00CFA01B4B8
:10DA10000298FEF72AFE0290014601BD820706D158
:10DA2000002804D003681A89422A00D17047714641
:10DA30006F467760CAF7F8F9820706D1002804D04C
:10DA400003681A89432A00D1704771466F46776090
:10DA5000CAF7EAF9820706D1002804D003681A89B8
:10DA6000442A00D1704771466F467760CAF7DCF9E7
:10DA7000820722D1002820D003681A89042A1CD1E9
:10DA800003248188002901D18168084782B0029966
:10DA900000910399019104990291039571460491B3
:10DAA0000546AF68B847049C039D0099029101990F
:10DAB00003910299049102B0204771466F46776046
:10DAC000CAF7B2F900B50298401002D2400000F047
:10DAD000AAF901B40298FFF73EF8014601BD00B56E
:10DAE0000398FFF738F801B40398401002D24000C1
:10DAF00000F099F9024601BC019B00BD820706D1E6
:10DB0000002804D003681A89452A00D1704771465D
:10DB10006F467760CAF788F9820706D1002804D0DB
:10DB200003681A89352A00D1704771466F467760BD
:10DB3000CAF77AF9820706D1002804D003681A8947
:10DB4000252A00D1704771466F467760CAF76CF995
:10DB5000820708D1002806D003681A89242A02DB2C
:10DB6000252A00DC704771466F467760CAF75CF97A
:10DB7000820708D1002806D003681A89232A02DB0D
:10DB8000252A00DC704771466F467760CAF74CF96A
:10DB900000B50298401002D2400000F044F901B4F0
:10DBA0000298FEF7BDFF024602BD820706D100289B
:10DBB00004D003681A89462A00D1704771466F461F
:10DBC0007760CAF731F9820726D1002824D003688C
:10DBD0001A89042A20D104248188002901D181686E
:10DBE000084782B00299009103990191049902912A
:10DBF000059903910495714605910546AF68B847AC
:10DC0000059C049D00990291019903910299049148
:10DC10000399059102B0204771466F467760CAF7B5
:10DC200003F90098820707D1002805D003681A89F4
:10DC3000162A01D15958084771466F467760CAF7CE
:10DC4000F3F8820706D1002804D003681A89472A0E
:10DC500000D1704771466F467760CAF7E5F88207D2
:10DC600006D1002804D003681A89492A00D17047D8
:10DC700071466F467760CAF7D7F8820706D1002849
:10DC800004D003681A89482A00D1704771466F464C
:10DC90007760CAF7C9F800B50298FEF75CFF01B4D7
:10DCA0000298401002D2400000F0BDF8014601BDCC
:10DCB00000B50398FEF775FF01B40398FEF771FFF6
:10DCC000014601BC019A00BD0098820707D10028D7
:10DCD00005D003681A894A2A01D159580847714664
:10DCE0006F467760CAF7A0F8820706D1002804D0F3
:10DCF00003681A894A2A00D1704771466F467760D7
:10DD0000CAF792F8820706D1002804D003681A895E
:10DD1000122A00D1704771466F467760CAF784F8BF
:10DD2000C20706D0CA0704D04A1E821801D61000C6
:10DD3000F04703B56F467760C9F73EFC02B000BDFF
:10DD4000C20706D0CA0704D04A1E821A01D61000A4
:10DD5000F04703B56F467760C9F742FC02B000BDDB
:10DD6000C20703D0CA0701D00840F04703B56F4689
:10DD70007760C9F7CDFB02B000BDC20703D0CA0768
:10DD800001D00843F04703B56F467760C9F79CFBA5
:10DD900002B000BDC20704D0CA0702D04840401CF0
:10DDA000F04703B56F467760C9F77AFB02B000BD54
:10DDB000C2070CD0CA070AD08B06DB0E42109A406D
:10DDC000930F01D0032B02D15000401CF04703B544
:10DDD0006F467760C9F734FB02B000BDC2070AD0B6
:10DDE000CA0708D08B06DB0E4210DA40930F02D12F
:10DDF0005000401CF04703B56F467760C9F79CFBA5
:10DE000002B000BDC20707D0CA0705D08B06DB0EE3
:10DE1000184101221043F04703B56F467760C9F7F8
:10DE200027FB02B000BD401000D3F047400000B512
:10DE30006F467760C9F702FB00BD4200511088426F
:10DE400001D1501CF04700B56F467760C9F7CEF896
:10DE500000BDC20707D0CA0705D0401A01DB002069
:10DE600070470120704703B56F467760C9F7C2FE5F
:10DE7000C9F744FE002802B000BDC20707D0CA0798
:10DE800005D0401A01DC002070470120704703B51F
:10DE90006F467760C9F7D0FEC9F730FE002802B0A0
:10DEA00000BDC20707D0CA0705D0401A01DD002017
:10DEB00070470120704703B56F467760C9F788FE49
:10DEC000C9F71CFE002802B000BDC20707D0CA0770
:10DED00005D0401A01DA002070470120704703B5D1
:10DEE0006F467760C9F798FEC9F708FE002802B0B0
:10DEF00000BDC20707D0CA0705D0401A01D00020D4
:10DF000070470120704703B56F467760C9F788FDF9
:10DF1000C9F7F4FD002802B000BDC20707D0CA0748
:10DF200005D0401A01D0002070470120704703B58A
:10DF30006F467760C9F7CCFCC9F7E0FD002802B056
:10DF400000BDC20707D0CA0705D0401A01D1002082
:10DF500070470120704703B56F467760C9F768FDC9
:10DF6000C9F7CCFD002802B000BDC20707D0CA0720
:10DF700005D0401A01D1002070470120704703B539
:10DF80006F467760C9F7ACFCC9F7B8FD002802B04E
:10DF900000BDC20707D0CA0705D0884201D00020C3
:10DFA00070470120704703B56F467760C9F736FDAB
:10DFB00002B000BD810709D1002807D0026812898C
:10DFC000062A03D100894000401C704700B56F4607
:10DFD0007760C9F743F8FFF730FF00BD180004F978
:10DFE00000E00300100000001C811D14998B00004C
:10DFF000518D0000418B00003D80000000000000BA
:10E00000680096002400A2005800A60074001A00C0
:10E01000680026005C002A0070002E0074000A00D0
:10E0200010002E00040002003E0100000400000069
:10E030005900000008000000470000000C0000002C
:10E0400016000000100000000B000000140000008B
:10E050000C0001003D0F02000C000000F90E020050
:10E06000DC0001006D1E0300FF000100B1AA0200E8
:10E0700060010100E1AA0200C401010015AA02002A
:10E080009100010081AA020023000200190C020085
:10E090005700020045AA020074000100911E03000F
:10E0A00074000000058E02000300020019A30200A4
:10E0B00004000200B5AC02000000000000000000F7
:10E0C000200004F9E8E00300110000001BF3DE4328
:10E0D000998B0000518D0000418B00003D800000B5
:10E0E000FDB403000DAA02004800C600440042002F
:10E0F0004000A6006C008A00380036003C006A0030
:10E1000050008E003C00820068002600240022009F
:10E11000A8004600AC003200600016001400120097
:10E12000800086000C000A000800060004000200BF
:10E130002900000004000000DC00000008000000CE
:10E14000590100000C0000005A01000010000000FE
:10E150002B000000140000002C000000180000003C
:10E160002E0000001C000000CD000100A9D8020014
:10E17000BF010200FDB403004B010200E11C0300DB
:10E18000490102004D1D03004A010200A5AE020034
:10E1900024010200B9D40200F2000200F1A9020039
:10E1A0004401020011AB020088010200551C03006B
:10E1B0000400020081AD0200650102002DD70200BB
:10E1C000C3000200FDD402000000000000000000B7
:10E1D000200004F9F8E10300120000001BF3DE4305
:10E1E000998B0000518D0000418B00003D800000A4
:10E1F0000000000065B403004800C600440042006F
:10E20000400076006C009200380036003C0072003E
:10E21000500096003C008A00700026002400220076
:10E22000A8004600AC00320068001600140012007E
:10E23000800086000C000A000800060004000200AE
:10E240002900000004000000DC00000008000000BD
:10E25000590100000C0000005A01000010000000ED
:10E260002B000000140000002C000000180000002B
:10E270002E0000001C000000F200020049B4030060
:10E28000CD000100A9D80200BF010200FDB40300C7
:10E290004B010200E11C0300490102004D1D030077
:10E2A0004A010200A5AE020024010200B9D4020016
:10E2B0004401020011AB020088010200551C03005A
:10E2C0000400020081AD0200650102002DD70200AA
:10E2D000C3000200FDD402000000000000000000A6
:10E2E0003C0004F904E30300130000001B690F283D
:10E2F000998B0000518D0000418B00003D80000093
:10E30000000000004800C6004400420050008E009B
:10E31000DC004200C0007E008C00920068002E00ED
:10E3200044002A0028006600240022004800AE00B5
:10E330003C001A0018001600AC004200780086006D
:10E340000C007A00080006000400020071010000C1
:10E3500004000000D40100000800000007010000D4
:10E360000C0000000901000010000000D7010000AF
:10E37000140000000A01000018000000D80100008D
:10E380001C000000D501000020000000D6010000A4
:10E39000240000000801000028000000A700000081
:10E3A0002C0000009B01000030000000150100005F
:10E3B000340000007201000038000000E600020096
:10E3C000B91403007F010200F5B40200C00002008E
:10E3D000917202008E01020051B40200C4000200DA
:10E3E00059720200C500020021720200C100020041
:10E3F000C972020000000000000000000C0004F9D7
:10E4000020E40300140000001D6F5269998B000086
:10E41000518D0000418B00003D8000000000000095
:10E42000300016001C00220038000E002C000A00EC
:10E4300008000600040002000101000004000000C2
:10E4400077010000080000002001020051F60200E0
:10E450004D010200EDF5020039010200E5B80300AC
:10E4600036010200DDAE03000000000000000000E5
:10E470000C0004F9A4E40300150000001D735B2EDA
:10E48000998B0000518D0000418B00003D80000001
:10E490000000000041B40300D1B303001DB4030029
:10E4A000ADB3030018003E0044002A0010004600EF
:10E4B00014001A0008000600040002003D000000DD
:10E4C00004000000DC00000008000000050002005D
:10E4D00025B40300E3010100E1050200E3010000AF
:10E4E0008905020001000200B5B30300020002002A
:10E4F00001B403000400020091B303000000000017
:10E5000000000000840004F944E503001600000048
:10E51000191F534C998B0000518D0000418B000056
:10E520003D80000049AF0300D5C50300D1B303000F
:10E5300091BD03006DB003000D1B02004D190200D8
:10E540003DC20300D0037601D40302030001FE00A4
:10E55000BC02FA003801E601BC02D201F000A603B9
:10E56000EC00EA00E800E6008403E200E000DE00E0
:10E570008403DA0080025E024403D200D000BE02AF
:10E58000CC005A02C80096017403C200C0001E01EC
:10E5900034039A03B800B600B400D201E002360397
:10E5A000F40042035802D600A400A200A0009E007E
:10E5B0009C00220190017E021401F20190008E0065
:10E5C00064021A03D80086002C01820080007E00BD
:10E5D000DC027A009802C60254027A008000D60259
:10E5E0006C006A0128019601F400FA01A0015E00A6
:10E5F000A4029200580076004C025200100306015B
:10E6000004021A023001B60144004200E000BE02DA
:10E6100094004A0138003600740232003000DE00F7
:10E6200084022A00A0003E002400A20120001E0057
:10E63000E400F200B000260264017A0010000E002F
:10E640000C00320008000600040002003D0000003B
:10E6500004000000DC000000080000003B00000097
:10E660000C0000003C00000010000000380000001A
:10E67000140000003900000018000000080000002D
:10E680001C00000009000000200000001100000034
:10E6900024000000120000002800000034000000E8
:10E6A0002C00000035000000300000003A0000009F
:10E6B0003400000014000000380000002F000000AB
:10E6C0003C0000000D0000004000000019000000A8
:10E6D00044000000FD000000480000001D00000094
:10E6E0004C0000001E00000050000000060000006A
:10E6F0005400000004010000580000001700000052
:10E700005C000000240000006000000069010000BF
:10E71000640000006A0100006800000015000000AD
:10E720006C000000280000007000000007000000DE
:10E73000740000001A00000078000000B200000021
:10E740007C0000008B00000080000000DB01010065
:10E75000C9100200DB010000E5FA0200DF01010040
:10E7600045100200DF01000091EA0200D001010023
:10E7700055E00100D001000019E00100D1010100C5
:10E78000E1DF0100D1010000A5DF01004C00010024
:10E790003D2902004C000000012902004D0001004B
:10E7A000C92802004D0000008D280200BA000100B7
:10E7B00055280200BA0000000D280200BB0001002D
:10E7C000D5270200BB00000089270200AD0101002F
:10E7D000A9220200AE0101007122020061010100C4
:10E7E000B51F0200850001002DB303008500000065
:10E7F00005B30300DE000100AD1E0200830102002C
:10E80000A11802005D000200211F02005D0102004C
:10E81000BD1A020082010200F11A0200F400020097
:10E820000D4C030005000200B9C503004E010200B3
:10E8300031190200F3000200A1810300D30101009D
:10E840006DA00200D9000100EDEA0200FF00010006
:10E85000A5A00200FF00000041FB020060010100D2
:10E8600039830300600100008D8F0300C0010100A7
:10E87000F19D0200C001000025EB020055000100DF
:10E88000F5820300550000003D8F0300FB000200ED
:10E890001DF2020084010200291302008701020018
:10E8A000AD0F02009201020065DF0100F0000200DE
:10E8B00075B103000200020075BD030004000200F0
:10E8C00051B003007C010200790F020081010200B7
:10E8D000E9DE01002F010200D97803006D0002007B
:10E8E0006996030054010200456403008A00020097
:10E8F00075EF02000E000200F9EF0200BF010200F6
:10E9000049AF03009E000200B5C403009600020058
:10E9100089BE0300A100020021C20300E30101003F
:10E92000E1050200E3010000890502000100020088
:10E93000B5B303000000000000000000100004F95F
:10E9400060E90300190000001D01E1EE998B000051
:10E95000518D0000418B00003D8000000000000050
:10E960002800160014001200100026002C001200CF
:10E9700008000600040002009D01000004000000E1
:10E980008700000008000000860000000C00000066
:10E99000A7010200F9F702008A00020041F202001A
:10E9A0000000000000000000180004F9CCE903009A
:10E9B0001A0000001CC90C67998B0000518D0000E3
:10E9C000418B00003D800000000000002800260070
:10E9D00024002200580026004C001A00580016009F
:10E9E0003C001200100026002C001A00080006004F
:10E9F000040002009D0100000400000087000000E8
:10EA000008000000860000000C0000009C010000CF
:10EA1000100000006D01000014000000A8010200B9
:10EA20006D070200AA000200BD080200A701020053
:10EA3000F9F702008A00020041F202000000000023
:10EA4000000000002C0004F968EA03001B0000002D
:10EA50001B51601C998B0000518D0000418B000000
:10EA60003D8000000000000080004600940062002D
:10EA7000A8006E003C009A0038003E003400AA0056
:10EA800040002E00AC006A00400026002400220056
:10EA9000200076001C001A0018005E00140012000E
:10EAA000800036000C000A00080006000400020086
:10EAB000CE00000004000000B700000008000000C5
:10EAC000B80000000C000000B900000010000000B9
:10EAD000BB01000014000000FC0000001800000052
:10EAE000890000001C00000045010000200000001B
:10EAF000DD00000024000000670100002800000085
:10EB000088000100F5AB02006601020079E4010013
:10EB100050010200F5E201004F010200ED6F02001A
:10EB2000C20102008D70020051010200D5E1010016
:10EB30005201020079EA010000000000000000001C
:10EB4000680004F964EB03001C0000001AB77F039F
:10EB5000998B0000518D0000418B00003D8000002A
:10EB600000000000F0008600840082008800D600CB
:10EB7000DC007A0078003E0174002A0118016E0062
:10EB8000F4006A009800660064009A0060005E006D
:10EB90005C00D2005800560054009200F000FE00C5
:10EBA0000C014A00B80046004400420040003E000C
:10EBB000BC003A00C800CE003400320020012E0014
:10EBC0004C007A00500026002400FA00F0001E00DD
:10EBD0001C001A000001F6005C0012001000260064
:10EBE0000C001A000800060004000200AC0000003F
:10EBF000040000004E00000008000000B601000004
:10EC00000C0000004600000010000000A3010000FE
:10EC100014000000A50100001800000038010000E9
:10EC20001C0000005F00000020000000B200000097
:10EC3000240000008C000000280000007F0000007D
:10EC40002C0000002B010000300000002C0100000F
:10EC500034000000B7010000380000006E00000022
:10EC60003C000000D201000040000000BE00000097
:10EC7000440000003501000048000000770000005B
:10EC80004C0000007800000050000000B3000000BD
:10EC9000540000005800000058000000220000004E
:10ECA0005C0000000D000000600000004601000054
:10ECB00064000000E60002003188020085000100C7
:10ECC00025AF030016010200B1E10100420002007D
:10ECD000190502008A000200997102005701020022
:10ECE0002194020000000000000000000C0004F964
:10ECF00010ED03001D0000001F61F52B998B000033
:10ED0000518D0000418B00003D800000000000009C
:10ED100014000A0008000600040002002901000097
:10ED200004000000CC00000008000000000000000B
:10ED3000000000001C0004F958ED03001E00000054
:10ED40001D6B9458998B0000518D0000418B000081
:10ED50003D8000000000000040001600240012006A
:10ED6000180026002C000A0008000600040002001B
:10ED7000A800000004000000CD0100000800000011
:10ED8000A70100000C000000BC0100001000000002
:10ED900073000000140000002701000018000000AC
:10EDA0000000000000000000140004F9CCED030096
:10EDB0001F0000001D01E1EE998B0000518D000045
:10EDC000418B00003D8000000000000030001E006C
:10EDD0002400120030000E000C0032000800060073
:10EDE00004000200A601000004000000CC010000A5
:10EDF00008000000CC0000000C000000B200000081
:10EE0000100000004F010200C9EB0100C201020026
:10EE10003D7102000000000000000000040004F941
:10EE200048EE0300200000001F49A041998B00001C
:10EE3000518D0000418B00003D800000000000006B
:10EE40001504020071AB03000C001200080006005C
:10EE5000040002007E000200F90302009C00020090
:10EE600055AB03000000000000000000180004F98A
:10EE700098EE0300210000001D6F5269998B00007D
:10EE8000518D0000418B00003D800000000000001B
:10EE9000C5AB0300EDBB03003000460014001A00B0
:10EEA00020002E0034000A000800060004000200C2
:10EEB000BC00000004000000420100000800000047
:10EEC000190100000C0000000E01000010000000FD
:10EED000DF000000140000007E000200A9AB030068
:10EEE0009C000200D1BB03000000000000000000F5
:10EEF000380004F928EF0300170000001AD1C31CE2
:10EF0000998B0000518D0000418B00003D80000076
:10EF10000000000041B4030041AA03001DB4030037
:10EF2000ADB30300CD020200C8002E018400FA0038
:10EF300080009E007C00E200780036012C01E20097
:10EF4000700096005C0132016800EE00440162002E
:10EF500060005E005C005A008800560054005200B9
:10EF600048014E00CC004A00E80016019C001A013E
:10EF70004000EE003C003A003800960034004A00A1
:10EF800030002E0034003A002800260024007200D1
:10EF900020001E001C001A001800160014004A0071
:10EFA00058000E000C009A00080006000400020041
:10EFB0003D00000004000000DC000000080000002C
:10EFC000470100000C0000000F00000010000000CE
:10EFD00048000000140000000401000018000000B8
:10EFE000320100001C000000D500000020000000DD
:10EFF000BD010000240000003701000028000000CF
:10F00000100000002C0000004C0000003000000048
:10F010004D000000340000000100020025AA03009A
:10F0200037000200CDFF01002D000200E1F50100D4
:10F030007A010200D5F401008A010200E9F8020019
:10F04000A900010015F10100A9000000A5F00100D0
:10F050008A00020081F501006B000200D5F7010073
:10F060007B010200ADF401008901020029F50100D5
:10F070008001020075F40100C8010200B102020023
:10F080009C000200F1AA03000500020025B4030061
:10F09000E3010100E1050200E3010000890502002F
:10F0A0000200020001B403000400020091B3030057
:10F0B0000000000000000000100004F9E4F003006C
:10F0C000220000001DDB8C13998B0000518D000085
:10F0D000418B00003D800000000000004DA90300AE
:10F0E00099BB0300180046001C003A0028000E00DF
:10F0F0001C002A0008000600040002009F01000016
:10F10000040000001701000008000000A00100003A
:10F110000C0000007E00020031A903009C000200E8
:10F120007DBB03008F010200D9F201007E010200C5
:10F13000A9F101000000000000000000240004F913
:10F1400060F10300260000001D870E3E998B000031
:10F15000518D0000418B00003D8000000000000048
:10F160003800460014002200180026003400420037
:10F1700008000600040002003B000000040000003C
:10F180003C00000008000000D00100000C0000005E
:10F19000D101000010000000040100001400000074
:10F1A0002001000018000000850000001C00000085
:10F1B0006F000000200000000000000000000000C0
:10F1C000080004F9E4F10300270000001D01E1EE4E
:10F1D000998B0000518D0000418B00003D800000A4
:10F1E0000000000018001E001400320010000E0085
:10F1F00024001A0008000600040002005F0000005E
:10F2000004000000DB010100D9A80300DF010100B8
:10F2100081A80300D301010045A80300D900010023
:10F2200041BB03000000000000000000140004F9CE
:10F2300050F20300280000001EBFA234998B00008A
:10F24000518D0000418B00003D8000000000000057
:10F2500018001E0024000A00080006000400020036
:10F260001800000004000000680100000800000011
:10F27000D00100000C000000D101000010000000CF
:10F280000000000000000000040004F9C0F20300C8
:10F29000290000001D49A041998B0000518D0000FC
:10F2A000418B00003D80000000000000211302009F
:10F2B00015F202004111020019940200BDA20200E1
:10F2C0002800160014002A00100016002C000A0066
:10F2D00008000600040002004200020005130200BC
:10F2E00056010200F9F102001D0102002511020081
:10F2F00092000200FD9302001C010200A1A2020084
:10F300000000000000000000080004F92CF30300D6
:10F310002B0000001D39DC47998B0000518D000047
:10F32000418B00003D800000BDA70300380016009F
:10F3300014003A001000260014001A00080006000D
:10F34000040002003300000004000000000101007E
:10F3500015A8030040000200391502005501020003
:10F360003516020076000200BD150200BF01020042
:10F37000BDA703000000000000000000200004F909
:10F38000A0F303002C0000001C99ED15998B0000E0
:10F39000518D0000418B00003D8000000000000006
:10F3A0006800260054005A009000460034003A00DD
:10F3B00018005E00640022007000660074001200F5
:10F3C00008000600040002003000000004000000F5
:10F3D0003A00000008000000140000000C000000CB
:10F3E00040010000100000007A000000140000003E
:10F3F0007900000018000000480000001C00000018
:10F4000061010100F11F0200D30101004D22020041
:10F41000D9000100292202007D010200E122020040
:10F420008B010200B52302002D0102000D8A0300AA
:10F430002E0102007D830300CA0102001D26020086
:10F4400000000000000000001C0004F96CF4030040
:10F450002D0000001CA1CCED998B0000518D000007
:10F46000418B00003D8000000000000028002E00BD
:10F470005C002200200036002C007A0068003E006C
:10F480006C00120030003E000C004A0050000600E4
:10F4900004000200D4000000040000003401000059
:10F4A00008000000300100000C00000031010000E5
:10F4B00010000000D301000014000000D90000007B
:10F4C00018000000FF000100D14B0300C001010043
:10F4D0004D4B030060010100894B03005500010002
:10F4E000054B0300F600020031200200C7010200B4
:10F4F000752002002F010200A98A0300000000000D
:10F5000000000000240004F928F503002E0000008C
:10F510001B691C20998B0000518D0000418B00005D
:10F520003D80000000000000480046006C004200E2
:10F5300040004600BC003A00380036009C00A200A3
:10F5400030003E002C002A002800260044007200F3
:10F55000A8007E0054001A0018008E005C005200C3
:10F560001000660024003A000800060004000200B3
:10F570002A00000004000000510000000800000004
:10F58000530000000C000000AF000000100000005D
:10F59000DB01000014000000DF0100001800000083
:10F5A000FF0000001C000000C4010000200000005B
:10F5B000E60002009DD00200C600020051D0020009
:10F5C000DC00020055A703006E010200392E020084
:10F5D0008C0102002D2C0200D2000200D1C30200D7
:10F5E000020102002DD20200850102008DD102002D
:10F5F000D1000200F9C002004C01020019C402004F
:10F6000000000000000000000C0004F92CF60300CC
:10F610002F0000001C991D22998B0000518D0000C5
:10F62000418B00003D800000000000002800960093
:10F6300024008A00400076006C001A00300016009A
:10F640002400120010003E006C001200480006006A
:10F65000040002002A00000004000000E100000095
:10F6600008000000E600020009BF020021010100BD
:10F67000E9840200DB01010029A70300DB0100008F
:10F68000F9A60300DF010100CDA60300DF010000A1
:10F690009DA60300FF00010015BB0300FF00000052
:10F6A000E5BA0300C6000200BDBE0200DC00020095
:10F6B00075A603009D00020029C502009F000200FC
:10F6C00071C102009700020065B90200000000004D
:10F6D000000000002C0004F9F8F6030030000000E0
:10F6E0001CE7344D998B0000518D0000418B0000C8
:10F6F0003D8000000000000038006E003C00220049
:10F7000020004E005C001A0038004E001C003A0039
:10F7100010000E000C000A000800060004000200A1
:10F720003F01000004000000CF01000008000000BD
:10F73000BD0000000C000000D80000001000000018
:10F740001F0100001400000052000000180000001B
:10F75000540000001C000000B50000002000000064
:10F760007C000000240000007B0000002800000056
:10F770000000000000000000140004F99CF70300E2
:10F78000310000001EB3DEFB998B0000518D00009C
:10F79000418B00003D8000000000000010002600AA
:10F7A0001C0012000800060004000200AC0100006A
:10F7B000040000003D01000008000000CC01000032
:10F7C0000C000000D9010000100000000000000043
:10F7D00000000000300004F900F8030032000000CF
:10F7E0001B5318F9998B0000518D0000418B0000CC
:10F7F0003D800000000000004DA6030029A6030084
:10F800004800BE004C00CA0088003E003C003A00A0
:10F810008800D600B400DA0050002E00C4006A0050
:10F8200038007E0024008A0020001E001C005200C8
:10F8300048007600A4001200380026000C007A0070
:10F840000800060004000200DE00000004000000C2
:10F85000B600000008000000810000000C0000005D
:10F86000720000001000000064010000140000009D
:10F87000C101000018000000E70000001C000000AB
:10F88000E8000000200000008200000024000000CA
:10F89000B400000028000000B30100002C000000AC
:10F8A0005E010200215C0200C501020031A60300D6
:10F8B000A30002000DA6030095000200A538020077
:10F8C00094000200A95E0200AD000200055402008F
:10F8D0006C000200A15102009B0002007D52020058
:10F8E00084000200CD390200B2010200893A020010
:10F8F000B10102000D3A020000000000000000000B
:10F90000500004F92CF90300330000001A2BA6293B
:10F91000998B0000518D0000418B00003D8000005C
:10F92000000000006D380200213B0200100166015A
:10F930008400AA00800086017C007A000801B600DD
:10F940008401720070008E010C016A01680066007B
:10F95000AC00CA00B8000601F4005A0058001601B5
:10F960005400520088014E0074014A00C000360164
:10F970005C00FA0058016E006C014200380036004D
:10F980003400320000012E000401620028007600DD
:10F99000240022002000CE001C009A0018008600DF
:10F9A0003400FA00D8006E0004011A0008000600B6
:10F9B00004000200DE00000004000000B6000000A9
:10F9C00008000000810000000C0000007200000030
:10F9D000100000006401000014000000C1010000DC
:10F9E00018000000E70000001C000000E800000014
:10F9F000200000008200000024000000B40000008D
:10FA000028000000B30100002C000000830000006B
:10FA100030000000B200000034000000D9000000F7
:10FA200038000000140100003C000000F900000054
:10FA30004000000070010000440000005000000081
:10FA400048000000DA0100004C000000F80001004E
:10FA5000794F0200EB00010031620200D300010087
:10FA6000F1500200D0000100E1460200ED0001006B
:10FA700085460200EC000100793D02008D00020085
:10FA800029380200C5010200513802009800020026
:10FA90004D510200A00002003D4702009300020009
:10FAA000453B0200A3000200053B02005E0102008C
:10FAB000215C020095000200A538020094000200BB
:10FAC000A95E0200AD000200055402006C000200B5
:10FAD000A15102009B0002007D520200840002003E
:10FAE000CD390200B2010200893A0200B1010200E0
:10FAF0000D3A02000000000000000000080004F9B8
:10FB000024FB0300340000001F0F8857998B00006E
:10FB1000518D0000418B00003D800000000000007E
:10FB20002D69020014000A0008000600040002000B
:10FB3000AB010000040000003A010200116902005C
:10FB40000000000000000000140004F96CFB03003A
:10FB5000360000001DE7536A998B0000518D0000AC
:10FB6000418B00003D8000000000000018003600BE
:10FB70002C002200180046000C003A000800060085
:10FB8000040002006F0000000400000017000000E5
:10FB9000080000005F0000000C00000020000000D2
:10FBA00010000000DE00010085690200DE00000098
:10FBB0005D690200CF00020055430300920002007D
:10FBC000359602000000000000000000080004F963
:10FBD000F0FB0300370000001F49A041998B000093
:10FBE000518D0000418B00003D80000000000000AE
:10FBF0000C000A00080006000400020006010000D4
:10FC0000040000000000000000000000100004F9E3
:10FC100030FC0300380000001D0F8857998B00004E
:10FC2000518D0000418B00003D800000000000006D
:10FC300018002E002400320018000E000C000A00EC
:10FC4000080006000400020080000000040000001C
:10FC5000E300000008000000E20000000C000000CB
:10FC60009000020065830200CB000200017E0200CA
:10FC700000000000000000002C0004F99CFC0300C0
:10FC8000390000001BD70062998B0000518D0000E5
:10FC9000418B00003D8000000000000098007E00C5
:10FCA0004400420040003E003C003A008000360024
:10FCB0005C00AA009000C6002C002A00B0002E00B4
:10FCC0003400A20040005E001C004A001800A6009C
:10FCD0008400120010000E0024000A000800060034
:10FCE00004000200250000000400000026000000BF
:10FCF00008000000990000000C0000009A000000BD
:10FD000010000000A1010000140000001B00000012
:10FD1000180000001C0000001C00000095010000FD
:10FD20002000000094010000240000009301000066
:10FD300028000000220101007DA202002201000033
:10FD4000DDA002002301010049A002002301000000
:10FD5000299E0200DB010100B5A50300DF010100BF
:10FD60005DA50300FF000100C1BA0300C00101004E
:10FD70009DBA0300F5000200DD8F0300C5010200FB
:10FD8000459B020000000000000000001C0004F978
:10FD9000B0FD03003A0000001DC90C67998B0000FC
:10FDA000518D0000418B00003D80000000000000EC
:10FDB00030001E003C00120010001E003C002A0013
:10FDC00008000600040002008F000000040000008C
:10FDD000E0000000080000005B0100000C000000D3
:10FDE0005C0100001000000043000000140000004F
:10FDF00044000000180000009200020091970200E9
:10FE00000000000000000000180004F92CFE0300B0
:10FE10003B0000001BB37E19998B0000518D000040
:10FE2000418B00003D80000000000000E80046001B
:10FE30004C00BA0068003E009C0072005000460072
:10FE4000C4008A0030004E002C007A002800A60072
:10FE50002400220020001E00A4001A001800AE009A
:10FE60007C00120050007E000C000A0050000600CA
:10FE70000400020032000000040000001F00000027
:10FE800008000000210000000C00000058010000E4
:10FE900010000000CD000000140000006B01010004
:10FEA000A59F02006B01000015A40300850001005E
:10FEB00061A403002201020099A1020023010200B3
:10FEC000E59E02004B0002000DA202004A00020063
:10FED000599F0200FD00010075680300A9000100A0
:10FEE000ED9F0200C8000200B9630300CA000200CF
:10FEF000CD60030092000200C59F0300EE000200E7
:10FF00005D4D0300C20002009D670300EF00020088
:10FF1000494C0300C9000200AD610300000000006D
:10FF200000000000200004F948FF03003C0000002E
:10FF30001C293224998B0000518D0000418B000058
:10FF40003D800000000000006000460094004A0070
:10FF5000780066007C002A001800160054002A0071
:10FF600010003E00140072000800060004000200A9
:10FF70008500000004000000FE00000008000000F2
:10FF8000BA0100000C0000005A0000001000000040
:10FF900032000000140000003A00000018000000C9
:10FFA000140000001C000000D301010059A202004F
:10FFB000D9000100C99F02006B0101004D630300DD
:10FFC0006B010000E99E0300C80002000561030008
:10FFD000C9000200E1610300F7000200ED4D0300DB
:10FFE000F10002003D4E0300000000000000000090
:10FFF0001C0004F9280004002A0000001BD7975AAF
:020000040004F6
:10000000998B0000518D0000418B00003D80000065
:1000100000000000E19D03009D9D0300B944030022
:10002000119C030021690300B000E6004400420077
:1000300080003E005400BA006800C6003400920000
:10004000E8002E002C003200A000260024007200E0
:1000500020008E00B4001A00180036001400BA0008
:10006000380096001C00BA000800060004000200D8
:10007000A4010000040000000B01000008000000C3
:10008000120100000C0000000D0100001000000033
:100090001A010000140000000F0100001800000009
:1000A00010010100FDB3020010010000A5B3020021
:1000B0001B010100F5B202001B010000A5B2020005
:1000C0001101010079B30200110100003DB30200EB
:1000D00042000200C59D030056010200819D0300FD
:1000E00092000200F59B03001C0102000569030059
:1000F0007D000200A1960300A201020081720300AC
:1001000073010200D58B0300B8010200FD4E03000D
:10011000B9010200D95D03001D0102009D440300E6
:10012000600002001547030075000200AD9B03004C
:1001300000000000000000001C0004F95C01040045
:100140003D0000001C61F52B998B0000518D0000D3
:10015000418B00003D800000A94303008000560051
:100160007400220058005E00340042002000160097
:100170001400120030006E0054001A00080006003F
:100180000400020067000000040000006600000098
:1001900008000000630100000C0000007100000076
:1001A000100000005600000014000000B100000024
:1001B0001800000092000200259C03005F0102006D
:1001C000019403006B00020019960300FA0002007C
:1001D00025930300EA00020029920300E9000200CF
:1001E00091900300BF010200A9430300000000003A
:1001F00000000000240004F9180204003E00000082
:100200001D9BDF1B998B0000518D0000418B00006E
:100210003D800000000000002000260044003A005D
:1002200048002E000C002200080006000400020016
:100230006E01000004000000020100000800000040
:10024000030100000C0000006F010000100000001E
:100250009A0100001400000098010000180000003E
:10026000CE0100001C0000009901000020000000E9
:100270000000000000000000140004F9AC020400BB
:10028000180000001C61F52B998B0000518D0000B7
:10029000418B00003D8000000000000089BA03008F
:1002A000D1B303004DBA0300ADB3030038002600FC
:1002B00064002200200046001C001A0018001600EE
:1002C0005C002A0018002E003C000A00080006000E
:1002D000040002003D00000004000000DC000000FB
:1002E00008000000CC0000000C0000009601000097
:1002F00010000000050002006DBA030002000200B9
:1003000031BA0300E3010100E1050200E30100004E
:100310008905020001000200B5B3030004000200D9
:1003200091B303000000000000000000100004F979
:10033000500304003F0000001E51601C998B000018
:10034000518D0000418B00003D8000000000000046
:1003500018000E001C000A0008000600040002003D
:10036000FB000000040000002A010000080000005B
:10037000CC0000000C0000000000000000000000A5
:10038000100004F9A4030400400000001E0F885769
:10039000998B0000518D0000418B00003D800000D2
:1003A0000000000010001E000C00120008000600F3
:1003B00004000200DC00000004000000CB0100008B
:1003C00008000000AF0100000C0000000000000069
:1003D000000000000C0004F9F803040041000000D4
:1003E0001F49A041998B0000518D0000418B0000F6
:1003F0003D8000000000000014000A000800060014
:1004000004000200AB000000040000005E000000D9
:10041000080000000000000000000000200004F9B7
:1004200040040400420000001CDF0039998B0000EA
:10043000518D0000418B00003D8000000000000055
:1004400040002E007400220040001E0064005A008C
:1004500048006E004C001200700036000C001A00BC
:10046000080006000400020028010000040000004B
:10047000B401000008000000790100000C00000039
:10048000750100001000000076010000140000005B
:100490007401000018000000BF0000001C000000F4
:1004A00097010200D1DE02002601020019E80200D5
:1004B0008D010200E1EB0200A200020089E50200CA
:1004C0008E0002008DEE0200C9010200F1EC020074
:1004D0000000000000000000240004F9FC040400F7
:1004E000430000001C5DF249998B0000518D000013
:1004F000418B00003D8000000000000028008E00BD
:100500009400220048001E002C004A00780056008B
:1005100064005A002800660044001200280006000B
:10052000040002006100000004000000DA00000086
:1005300008000000C00100000C000000A90100003C
:1005400010000000B401000014000000DB000000F7
:1005500018000000C70000001C0000003E00000062
:10056000200000009701020081FC0200410102000E
:10057000C1FB02008601020031EA02009101020083
:100580004DFC02009001020065F902008E0002009D
:1005900009EF0200C6010200B1F9020000000000EC
:1005A00000000000140004F9C80504004400000025
:1005B0001DDBE3F6998B0000518D0000418B00009C
:1005C0003D8000000000000020002E003C003200B2
:1005D00010000E001C003A00080006000400020093
:1005E0004301000004000000A60000000800000015
:1005F000AE0000000C000000BE0100001000000072
:100600004900020001F7020068000200B9F7020089
:10061000A8010200D141030000000000000000001A
:100620000C0004F944060400450000001C735B2E16
:10063000998B0000518D0000418B00003D8000002F
:10064000A1410300500026003400620050001E004B
:1006500034001A0018001E0034001200100046007A
:100660000C005200080006000400020036000000E2
:10067000040000002A00000008000000AA01020097
:1006800019400300530102000D3F0300C3010200A3
:10069000252503003B01020005240300050102009B
:1006A000D12303003A0102006D4103003C01020026
:1006B00091400300BF010200A141030000000000BF
:1006C000000000000C0004F9EC06040035000000F6
:1006D0001E0F8857998B0000518D0000418B000040
:1006E0003D800000000000006923030018001E0088
:1006F0000C000A000800060004000200AB01000024
:100700000400000013010000080000003A0102008C
:100710004D2303000000000000000000240004F945
:1007200048070400230000001C0D0E49998B0000AF
:10073000518D0000418B00003D8000000000000052
:10074000FF210300BDB9030080003E002400220009
:1007500040001E001C004A0060001E004C002200E9
:1007600010005E0034004A00080006000400020089
:100770009F010000040000001701000008000000B5
:10078000A00100000C000000DD01000010000000CE
:10079000E101000014000000180100001800000032
:1007A0000C0100001C000000BC0000002000000044
:1007B0007E000200DD2103009C000200A1B90300BD
:1007C0008F010200D9F201007E010200A9F10100AF
:1007D0000000000000000000300004F904080400DC
:1007E000240000001C99ED15998B0000518D00002C
:1007F000418B00003D8000000000000099210300B3
:1008000047B8030070005E007400420090007E0054
:100810001C005A0018006E0024008A007800260090
:100820001400320038000600040002009F0100009E
:10083000040000001701000008000000A0010000F3
:100840000C000000DD01000010000000E1010000CC
:100850001400000018010000180000000C01000046
:100860001C000000BC000000200000009E010000F1
:1008700024000000300100002800000031010000C9
:100880002C00000041000200351903009C0002000A
:1008900019B803007E0002007D2103008F010200D1
:1008A000D9F201007E010200A9F101000000000060
:1008B00000000000300004F9E008040025000000FA
:1008C0001C99ED15998B0000518D0000418B0000A3
:1008D0003D800000000000009921030047B803009C
:1008E00070005E007400420090007E001C005A0000
:1008F00018006E0024008A007800260014003200E0
:1009000038000600040002009F01000004000000FF
:100910001701000008000000A00100000C0000000A
:10092000DD01000010000000E101000014000000E3
:1009300018010000180000000C0100001C0000005D
:10094000BC000000200000009E0100002400000008
:100950003001000028000000310100002C000000E0
:1009600041000200351903009C00020019B8030081
:100970007E0002007D2103008F010200D9F20100F8
:100980007E010200A9F1010000000000000000004B
:100990000C0004F9B4090400460000001DB3DEFB9E
:1009A000998B0000518D0000418B00003D800000BC
:1009B00000000000180026001C0012001000260095
:1009C0000C002A00080006000400020013010000C9
:1009D000040000002501000008000000AA01020038
:1009E0006940030048010200313903003A01020066
:1009F000812503000000000000000000200004F931
:100A0000200A0400470000001D0D04EC998B000033
:100A1000518D0000418B00003D800000000000006F
:100A200038002E0044001200100036001C00120096
:100A30000800060004000200A101000004000000FC
:100A40005B000000080000005C0000000C000000DB
:100A5000A400000010000000A50000001400000029
:100A6000DE01000018000000E20100001C00000090
:100A70000000000000000000100004F99C0A0400BF
:100A8000480000001C2D764E998B0000518D00000F
:100A9000418B00003D8000000000000028002E0077
:100AA00064003A0068003E001C0042001800460046
:100AB0001400120048005E000C001A000800060036
:100AC0000400020031000000040000000A000000E1
:100AD00008000000270000000C000000B601010023
:100AE000D5B60300700001009563030062010100A8
:100AF00071630300DB010100ADB70300DF010100FA
:100B000041B70300FF00010001B70300C00101006D
:100B100095B6030013000200796003000000000096
:100B200000000000180004F9480B04004900000010
:100B30001C2B0E6D998B0000518D0000418B000025
:100B40003D80000000000000580026003400220014
:100B5000200046001C00520018001E003400120045
:100B6000100026000C004A000800060004000200E5
:100B7000FD00000004000000DE000000080000008E
:100B8000B50100000C000000C001000010000000D2
:100B9000FF00000014000000DB0101004DB603005F
:100BA000DF01010005B60300D9000100CDB5030047
:100BB000D301010095B50300000000000000000013
:100BC000100004F9F00B04004A0000001D39DC4756
:100BD000998B0000518D0000418B00003D8000008A
:100BE00000000000B1C503006DB103008DC5030016
:100BF0002800360014001A00100036000C002200F5
:100C00000800060004000200B0010000040000001B
:100C1000B000000008000000520000000C000000BE
:100C20009200020095C50300C501020051B1030006
:100C30008A00020071C503000000000000000000EF
:100C4000E4010000D4140400DC140400EC140400DB
:100C500000150400141504002415040034150400C4
:100C6000441504005C1504006815040074150400A4
:100C70008015040094150400B0150400BC15040090
:100C8000D0150400DC150400EC150400F815040070
:100C9000041604001C1604002C1604003C16040064
:100CA0004816040058160400701604007C16040050
:100CB00098160400B4160400D0160400E0160400D0
:100CC000F016040000170400101704001C1704009D
:100CD0002C170400481704005C1704006C1704006C
:100CE0007C17040090170400A4170400B417040034
:100CF000C4170400D4170400EC170400FC17040008
:100D000010180400241804003418040040180400CB
:100D100050180400601804006C18040078180400CF
:100D20008418040094180400A0180400AC180400EF
:100D3000BC180400C8180400D4180400E01804000B
:100D4000F01804000419040010190400201904000C
:100D500030190400401904005019040060190400FF
:100D6000741904008419040094190400A4190400DF
:100D7000B8190400C8190400D4190400E0190400CB
:100D8000F4190400041A0400141A0400201A0400C0
:100D9000301A0400401A0400541A0400641A0400B3
:100DA000741A0400841A0400A01A0400B01A040083
:100DB000C81A0400D81A0400E81A0400041B04002E
:100DC000141B0400241B0400401B04004C1B0400E3
:100DD000601B0400701B0400841B0400941B0400AF
:100DE000A81B0400B81B0400C81B0400DC1B040083
:100DF000EC1B0400F81B04000C1C0400241C040061
:100E00003C1C0400481C0400581C04006C1C04001A
:100E10007C1C04008C1C04009C1C0400AC1C040002
:100E2000BC1C0400D41C0400F41C0400081D0400B5
:100E3000201D04003C1D0400541D0400701D04000E
:100E4000881D0400A01D0400B41D0400C41D04007E
:100E5000D81D0400E81D0400001E04000C1E040040
:100E6000241E0400381E0400481E0400601E0400F6
:100E7000701E0400881E0400A01E0400B41E04009E
:100E8000C41E0400D41E0400E41E0400F01E04006E
:100E9000FC1E0400101F0400241F0400381F04005F
:100EA000481F0400581F04006C1F0400801F04002A
:100EB000941F0400A81F0400BC1F0400D01F0400DE
:100EC000E01F0400F01F04000420040018200400A8
:100ED000282004003C200400482004005420040082
:100EE000642004007C200400882004009820040072
:100EF000B0200400BC200400D0200400E020040046
:100F0000F420040000210400102104002421040026
:100F1000302104004821040054210400642104000D
:100F200070210400882104009C210400B4210400E5
:100F3000C0210400CC210400DC210400EC210400C9
:100F40000822040018220400282204003C22040085
:100F50005022040074220400842204009C22040015
:100F6000AC220400BC220400CC220400E0220400D5
:100F7000F4220400002304001023040024230400AE
:100F80003423040050230400642304007423040069
:100F90008423040094230400A0230400AC23040051
:100FA000C0230400D4230400E8230400F823040031
:100FB0000424040014240400202404003424040025
:100FC00040240400502404005C240400682404002D
:100FD000782404008C2404009C240400AC24040025
:100FE000B8240400C8240400D8240400EC2404001D
:100FF00000250400142504002C25040044250400C9
:1010000058250400682504007C2504009025040070
:10101000A0250400B0250400C0250400D02504004C
:10102000E0250400F025040008260400182604002A
:101030002426040030260400442604005026040020
:10104000602604006C2604007C2604008826040028
:1010500094260400AC260400BC260400C826040024
:10106000D8260400EC260400002704001027040002
:1010700028270400342704004827040064270400BC
:10108000742704008827040098270400A827040078
:10109000BC270400CC270400DC270400F42704004C
:1010A0000428040014280400282804003828040018
:1010B0004C2804005C280400682804007C280400F4
:1010C00090280400A8280400B4280400C4280400C0
:1010D000D4280400E4280400F42804000C290400A7
:1010E0001C2904002829040038290400442904008C
:1010F000542904006C29040080290400902904006C
:10110000A4290400B8290400C4290400D02904003B
:10111000E0290400F0290400002A0400182A040031
:101120002C2A04003C2A0400502A0400642A0400EB
:10113000702A0400802A0400942A0400A42A0400CF
:10114000B82A0400CC2A0400DC2A0400EC2A04009B
:10115000042B04001C2B0400302B0400482B04003B
:101160005C2B04006C2B0400882B0400A02B0400D3
:10117000B82B0400CC2B0400E02B0400F42B04005B
:10118000082C0400182C0400382C0400542C0400F3
:101190006C2C0400842C04009C2C0400AC2C040057
:1011A000C02C0400D02C0400E42C0400F82C040013
:1011B000102D0400202D0400302D0400442D0400C7
:1011C000542D0400682D0400742D0400842D0400A7
:1011D000902D0400A02D0400AC2D0400C42D0400AB
:1011E000D82D0400F02D0400F82D04000C2E04006E
:1011F000202E04002C2E0400382E0400502E040053
:101200005C2E0400782E0400882E04009C2E04001E
:10121000B82E0400D42E0400E82E0400F82E04009A
:101220000C2F0400182F04002C2F04003C2F040066
:10123000542F0400642F04007C2F0400902F04001E
:10124000A42F0400B42F0400C82F0400D82F0400DA
:10125000E82F0400F82F04000830040018300400C0
:10126000283004003C30040050300400603004009A
:101270007C30040090300400A0300400B43004003E
:10128000C4300400D4300400E4300400F43004001E
:101290000831040020310400343104004C310400D2
:1012A0006431040070310400803104009431040082
:1012B000A4310400BC310400CC310400E03104004E
:1012C000F0310400FC3104000C3204001C32040034
:1012D0003432040048320400583204006C320400F6
:1012E00078320400843204009C320400A8320400E6
:1012F000B4320400C4320400D0320400DC320400F2
:10130000E8320400F8320400043304001C33040003
:1013100030330400403304004C3304005C330400D9
:101320006C33040088330400A0330400B833040095
:10133000C8330400DC330400EC330400F833040049
:101340000434040014340400203404002C34040059
:10135000403404005834040064340400743404003D
:1013600088340400A0340400B8340400D4340400E9
:10137000EC340400F8340400043504001035040093
:10138000243504003C35040048350400543504007D
:10139000703504007C3504008C350400A035040051
:1013A000BC350400CC350400E4350400F4350400F9
:1013B0000C360400143604002436040034360400CD
:1013C00040360400483604005836040068360400ED
:1013D0007436040000000000040000001E04000039
:1013E000050000001F0400002000000011000000A4
:1013F0002100000001000000220000000D0000009C
:10140000240000000A00000025000000A0000000E9
:10141000260000008000000027000000800000007F
:10142000280000000306000029000000080000005A
:101430002B000000220000002C0000001A00000019
:101440002F0000001A040000300000001D040000FE
:10145000310000001B040000320000001C040000EA
:1014600033000000200400003C0000000C000000DD
:1014700041000000000000004700000009000000DB
:1014800048000000200000004900000001000000AA
:101490004E000000921000005E0000002C010000D1
:1014A0005F000000008000006000000000200000DD
:1014B0006100000020000000900100000200000018
:1014C00091010000030000009201000004000000F0
:1014D0000000000008AF01000000000008AF01009C
:1014E00006005F5F647261770000000008AF0100D2
:1014F0000A005F5F64726177436F726500000000ED
:1015000008AF01000B005F5F707265557064617415
:101510006500000008AF010008005F5F757064613E
:101520007465000008AF010009005F5F76697369A8
:10153000626C650008AF010007005F616374696F4A
:101540006E00000008AF01000F005F616C72656102
:101550006479436865636B656400000008AF01004F
:1015600003005F617800000008AF010003005F61C5
:101570007900000008AF010004005F636F6C000099
:1015800008AF01000A005F636F6E6E656374656487
:101590000000000008AF010012005F636F6E7472FC
:1015A0006F6C6C6564537072697465730000000041
:1015B00008AF010005005F646174610008AF0100BD
:1015C0000C005F64657374726F79436F726500001D
:1015D00008AF010003005F647400000008AF010061
:1015E00008005F666163746F7279000008AF0100E4
:1015F00003005F667800000008AF010003005F662B
:101600007900000008AF010011005F6765744F7238
:101610006967696E616C496D6167650008AF0100BB
:1016200007005F68656967687400000008AF010023
:1016300007005F686974626F7800000008AF0100FE
:1016400003005F696400000008AF010006005F69E5
:101650006D6167650000000008AF01000F005F6961
:101660006E7075744C6173744672616D6500000034
:1016700008AF010005005F6B696E640008AF0100F0
:1016800014005F6B696E64734F7665726C61707085
:10169000656457697468000008AF010013005F6C4F
:1016A00061737455706461746564537072697465B4
:1016B0005800000008AF010013005F6C617374559F
:1016C00070646174656453707269746559000000D8
:1016D00008AF010006005F6C6173745800000000E1
:1016E00008AF010006005F6C6173745900000000D0
:1016F00008AF010006005F6C6179657200000000B0
:1017000008AF010007005F6C61796572730000002B
:1017100008AF010004005F6D6170000008AF0100B8
:1017200007005F6D696C6C697300000008AF010011
:1017300013005F6D6F7665537072697465496E74DE
:1017400065726E616C00000008AF01000A005F6FF7
:1017500062737461636C65730000000008AF010080
:1017600008005F6F666673657458000008AF01007B
:1017700008005F6F666673657459000008AF01006A
:101780000C005F6F726967696E616C4D617000007B
:1017900008AF01000C005F6F7665726C6170706558
:1017A0007273000008AF010006005F6F776E65720C
:1017B0000000000008AF010007005F706C617965F0
:1017C0007200000008AF010008005F70726573735B
:1017D0006564000008AF01000F005F7072657373ED
:1017E0006564456C617370656400000008AF0100BA
:1017F00006005F7072756E650000000008AF0100A2
:101800000C005F726570656174436F756E740000E3
:1018100008AF01000C005F726F746174656442422E
:101820006F78000008AF010009005F726F74617487
:10183000696F6E0008AF010004005F726F770000EF
:1018400008AF010006005F7363616C650000000073
:1018500008AF010008005F7370726974657300005F
:1018600008AF010003005F737800000008AF0100BB
:1018700003005F737900000008AF010005005F748A
:101880006578740008AF010007005F7570646174CB
:101890006500000008AF010003005F7678000000DB
:1018A00008AF010003005F767900000008AF010077
:1018B00006005F77696474680000000008AF0100EB
:1018C00002005F780000000008AF010002005F79AD
:1018D0000000000008AF010002005F7A0000000075
:1018E00008AF01000600616374696F6E00000000BC
:1018F00008AF01000A006163746976654361726430
:101900000000000008AF01000300616464000000F3
:1019100008AF0100080061646453686170650000ED
:1019200008AF010009006164645370726974650056
:1019300008AF01000600616C69676E580000000086
:1019400008AF01000600616C69676E590000000075
:1019500008AF01000900616C6C53636F726573001E
:1019600008AF01000A00616C6C5370726974657392
:101970000000000008AF01000600616E616C6F6737
:101980000000000008AF01000600616E63686F721E
:101990000000000008AF010007006170706C79540E
:1019A0006F00000008AF01000A00617265614865C0
:1019B000696768740000000008AF010009006172E7
:1019C000656157696474680008AF010002006178BE
:1019D0000000000008AF0100020061790000000073
:1019E00008AF01000A006261636B67726F756E6415
:1019F0000000000008AF01000900626173696343E1
:101A00006172640008AF010009006265737453637A
:101A10006F72650008AF01000200626700000000FD
:101A200008AF010007006267436F6C6F720000002F
:101A300008AF01000600626F72646572000000006A
:101A400008AF01000B00626F72646572436F6C6FC8
:101A50007200000008AF01000600626F74746F6DC1
:101A60000000000008AF010007006275636B657439
:101A70007300000008AF01000600627574746F6E99
:101A80000000000008AF01001300627574746F6EEF
:101A90004576656E7448616E646C65727300000013
:101AA00008AF01000700627574746F6E7300000068
:101AB00008AF01000E0063616368656454696C657A
:101AC000566965770000000008AF010008006361F7
:101AD000636865645678000008AF01000800636120
:101AE000636865645679000008AF01001300636104
:101AF0006C6344696D656E73696F6E616C48617388
:101B00006800000008AF0100080063616C6C62614E
:101B1000636B000008AF0100060063616D657261D0
:101B20000000000008AF0100120063616E5265738F
:101B30006F6C7665436C697070696E6700000000B9
:101B400008AF0100040063617264000008AF010087
:101B50000B006361726453706163696E670000001B
:101B600008AF01000900636172645769647468001A
:101B700008AF01000B006361726473506572526FAD
:101B80007700000008AF01000800636172647354BD
:101B90006F70000008AF01000A0063656C6C486557
:101BA000696768740000000008AF01000900636500
:101BB0006C6C57696474680008AF010006006368C4
:101BC000616E67650000000008AF01000A006368ED
:101BD00061724865696768740000000008AF010021
:101BE00009006368617257696474680008AF010096
:101BF0000500636C6561720008AF01000D00636C45
:101C0000656172496E746572696F720008AF010098
:101C10000E00636C6561724F62737461636C65730F
:101C20000000000008AF01001100636F6C6C697365
:101C3000696F6E48616E646C6572730008AF010075
:101C40000500636F6C6F720008AF01000600636FE0
:101C50006C756D6E0000000008AF01000B00636F33
:101C60006C756D6E436F756E7400000008AF0100F7
:101C70000700636F6C756D6E7300000008AF0100A4
:101C80000900636F6E646974696F6E0008AF0100CC
:101C90000900636F6E6E65637465640008AF0100D0
:101CA0000900636F6E73747261696E0008AF0100A2
:101CB0000800636F6E7461696E73000008AF010005
:101CC0001100636F6E74726F6C6C6564537072692F
:101CD0007465730008AF01001900636F6E74726F52
:101CE0006C6C6572436F6E6E656374696F6E53746E
:101CF0006174650008AF01000B00636F726E65725E
:101D0000416E676C6500000008AF01000E00636F54
:101D1000726E657244697374616E636500000000E1
:101D200008AF01001300636F756E74646F776E45C2
:101D30006E6448616E646C657200000008AF01005B
:101D40001000636F756E74646F776E45787069729A
:101D50006564000008AF010012006372656174657C
:101D60004D6F76696E67537072697465000000008C
:101D700008AF01000E006372656174655061727492
:101D800069636C650000000008AF01000F0063721A
:101D9000656174656448616E646C6572730000000F
:101DA00008AF01000A0063757272496E64656E7453
:101DB0000000000008AF01000600637572736F72C7
:101DC0000000000008AF01000B00637572736F72B2
:101DD000436F756E7400000008AF01000800637562
:101DE00072736F724F6E000008AF01000F006375D1
:101DF00072736F72526F774865696768740000008C
:101E000008AF0100040064617461000008AF0100C4
:101E10000F0064656661756C744C6966657370610A
:101E20006E00000008AF01000B0064656661756C10
:101E3000745261746500000008AF01000900646518
:101E40006C746154696D650008AF01000F00646532
:101E50006C746154696D654D696C6C697300000048
:101E600008AF0100070064657374726F79000000A9
:101E700008AF01000E0064657374726F7948616E7B
:101E8000646C65720000000008AF01001100646519
:101E90007374726F79656448616E646C6572730007
:101EA00008AF01000D00646973706C61794375724D
:101EB000736F720008AF01000700646973706F737D
:101EC0006500000008AF0100080064697374616E6A
:101ED0006365000008AF01000800646F5374726905
:101EE0006E67000008AF01000400646F776E0000A9
:101EF00008AF0100040064726177000008AF0100C0
:101F00000D00647261774265737453636F7265008C
:101F100008AF01000A0064726177426F72646572F3
:101F20000000000008AF01000D0064726177437586
:101F300072736F72526F770008AF0100090064720C
:101F4000617744656275670008AF0100090064723B
:101F500061774C697665730008AF01000B0064720D
:101F600061774D65737361676500000008AF01001C
:101F70000B00647261774F666673657458000000E9
:101F800008AF01000B00647261774F666673657479
:101F90005900000008AF01000B00647261775061C6
:101FA000727469616C00000008AF01000C0064727B
:101FB00061775061727469636C65000008AF01005D
:101FC0000A0064726177506C6179657200000000EC
:101FD00008AF010007006472617753617900000067
:101FE00008AF010009006472617753636F72650086
:101FF00008AF01000A006472617753636F72657302
:102000000000000008AF01000A006472617753709D
:10201000726974650000000008AF01000800647276
:10202000617754657874000008AF01000C00647299
:10203000617754657874436F7265000008AF0100E2
:10204000020064780000000008AF0100020064791B
:102050000000000008AF0100060065666665637455
:102060000000000008AF01000F006566666563743C
:1020700053657442795573657200000008AF010022
:10208000030065696400000008AF01000700656E89
:1020900061626C656400000008AF01000F00656EAE
:1020A0006453637265656E4566666563740000001F
:1020B00008AF010005006576656E740008AF010089
:1020C0000C006576656E74436F6E746578740000FD
:1020D00008AF010008006661737446696C6C00000B
:1020E00008AF01000A006661737452616E646F6D1F
:1020F0000000000008AF010002006663000000005D
:1021000008AF010007006667436F6C6F7200000044
:1021100008AF01000D0066696C6C65644275636B05
:102120006574730008AF01000500666C6167730099
:1021300008AF01001000666F6C6C6F77696E6753B3
:10214000707269746573000008AF01000400666F67
:102150006E74000008AF01000900666F6E74436F73
:102160006C6F720008AF010005006672616D65005A
:1021700008AF01000E006672616D6543616C6C62B0
:1021800061636B730000000008AF01000B00667212
:10219000616D65576F726B657200000008AF0100DA
:1021A0000E006672616D6573496E53616D706C658A
:1021B0000000000008AF0100020066780000000087
:1021C00008AF0100020066790000000008AF0100BE
:1021D000060067616C6F69730000000008AF0100C2
:1021E000070067616D65456E6400000008AF01007F
:1021F000130067616D65466F726576657248616E42
:10220000646C65727300000008AF01000900676527
:102210006E657261746F720008AF01000900676536
:10222000744566666563740008AF01000A0067655F
:10223000744D6573736167650000000008AF0100AD
:102240000B006765744F62737461636C6500000016
:1022500008AF01001A006765744F724372656174BC
:102260006548616E646C6572466F724576656E7422
:102270000000000008AF01000800676574536F7527
:102280006E64000008AF01000F00676574536F753E
:102290006E644C6F6F70696E6700000008AF0100DC
:1022A00008006765745374617465000008AF01002D
:1022B00007006765745465787400000008AF01007A
:1022C000070067657454696C6500000008AF010081
:1022D0000C0067657454696C65496D616765000041
:1022E00008AF01000C0067657454696C65496E6441
:1022F0006578000008AF01000200676F0000000071
:1023000008AF0100070068616E646C657200000030
:1023100008AF01000C0068616E646C6572537461F3
:102320007465000008AF0100080068616E646C65A8
:102330007273000008AF01001200686173426163AC
:102340006B67726F756E64496D61676500000000B0
:1023500008AF01000C006861734265737453636FCA
:102360007265000008AF010007006861734C696680
:102370006500000008AF0100080068617353636FD7
:102380007265000008AF0100090068617353636F54
:102390007265730008AF0100040068617368000093
:1023A00008AF0100040068656164000008AF010027
:1023B0000A00686561646572466F6E740000000013
:1023C00008AF01000A00686561646572546578743D
:1023D0000000000008AF01000A00686561727449DE
:1023E0006D6167650000000008AF010006006865C8
:1023F000696768740000000008AF010004006963A9
:102400006F6E000008AF0100090069636F6E496DCF
:102410006167650008AF0100020069640000000008
:1024200008AF01000D0069646C6543616C6C62610A
:10243000636B730008AF01000500696D616765009B
:1024400008AF01000600696D616765730000000058
:1024500008AF01000300696D6700000008AF0100CC
:102460000400696D706C000008AF01000600696E21
:1024700064656E740000000008AF01000A00696E18
:1024800064656E74537465700000000008AF01004D
:102490000800696E666F466F6E74000008AF010039
:1024A0000700696E666F546F7000000008AF01008E
:1024B0000400696E6974000008AF01000900696ECC
:1024C0006E65724C6566740008AF01000800696EA5
:1024D0006E6572546F70000008AF01000A00696EEB
:1024E00073657274414142420000000008AF010070
:1024F0000B00696E7365727441744B65790000005E
:1025000008AF01000C0069734A7564676564476130
:102510006D65000008AF0100110069734D756C74A2
:1025200069706C6179657247616D650008AF010083
:102530000E0069734E65774265737453636F7265FD
:102540000000000008AF01000A0069734F62737455
:1025500061636C650000000008AF0100080069734A
:102560004F6E57616C6C000008AF01000D0069737D
:102570004F75744F6653637265656E0008AF010056
:102580000C0069734F7574736964654D6170000068
:1025900008AF0100090069735072657373656400C8
:1025A00008AF0100080069735363616C6564000043
:1025B00008AF010008006973537461746963000017
:1025C00008AF0100090069735570646174656400A7
:1025D00008AF01000700697356616C696400000070
:1025E00008AF01000600697357616C6C00000000C1
:1025F00008AF01000E00697357696E436F6E64691E
:1026000074696F6E0000000008AF010006006A7573
:10261000646765640000000008AF010003006B659B
:102620007900000008AF010004006B696E640000CF
:1026300008AF01000C006C617374506572664475DC
:102640006D70000008AF010005006C6179657200D3
:1026500008AF010006006C6179657273000000002C
:1026600008AF010004006C656674000008AF01004B
:1026700006006C656E6774680000000008AF01001A
:1026800004006C667372000008AF010004006C69FE
:102690006665000008AF01000F006C6966655A6549
:1026A000726F48616E646C657200000008AF0100D3
:1026B00008006C6966657370616E000008AF010008
:1026C00004006C6F6F70000008AF010007006C6FB2
:1026D0006F70696E6700000008AF01000A006C6F40
:1026E00073654566666563740000000008AF01000D
:1026F0000B006C6F73654D65737361676500000057
:1027000008AF010009006C6F7365536F756E64004C
:1027100008AF010010006C6F7365536F756E644CE9
:102720006F6F70696E67000008AF010003006D6194
:102730007000000008AF01000B006D61784C696605
:10274000657370616E00000008AF010013006D61D9
:10275000784E6567617469766556656C6F636974F8
:102760007900000008AF010007006D6178526174C4
:102770006500000008AF01000D006D617853696EBF
:10278000676C65537465700008AF010008006D61E7
:10279000785370656564000008AF010007006D6143
:1027A000785374657000000008AF01000B006D6184
:1027B0007856656C6F6369747900000008AF01009A
:1027C00006006D656C6F64790000000008AF0100C1
:1027D00007006D65737361676500000008AF010055
:1027E00010006D6573736167655365744279557345
:1027F0006572000008AF010006006D696C6C6973BA
:102800000000000008AF010008006D696E416E67AE
:102810006C65000008AF01000B006D696E4C6966C5
:10282000657370616E00000008AF010007006D69FC
:102830006E5261746500000008AF01000D006D6903
:102840006E53696E676C65537465700008AF010064
:1028500007006D696E5374657000000008AF0100D9
:1028600004006D6F7665000008AF01000A006D6F0F
:1028700076655370726974650000000008AF01004E
:102880000A006D756C7469706C69657200000000F7
:1028900008AF01000F006D756C7469706C6965722A
:1028A000496D61676500000008AF010004006E65B6
:1028B0007874000008AF010006006E756D626572E5
:1028C0000000000008AF010007006F6666736574C2
:1028D0005800000008AF010007006F66667365745A
:1028E0005900000008AF010007006F6E4576656E65
:1028F0007400000008AF01000E006F6E506C61792B
:1029000046696E69736865640000000008AF0100E5
:1029100008006F6E557064617465000008AF0100B7
:1029200004006F6E6365000008AF010007006F7060
:1029300074696F6E7300000008AF010005006F72CC
:102940006465720008AF010009006F746865724B1E
:10295000696E640008AF01000F006F7665726C61EC
:102960007048616E646C65727300000008AF01000E
:102970000A006F7665726C61704D61700000000036
:1029800008AF010008006F7665726C61707300001B
:1029900008AF01000C006F7665726C617073414185
:1029A0004242000008AF01000C006F7665726C6156
:1029B000707357697468000008AF010002006F78F7
:1029C0000000000008AF010002006F790000000065
:1029D00008AF0100060070466C61677300000000DC
:1029E00008AF0100070070616464696E6700000051
:1029F00008AF01000600706172656E74000000008F
:102A000008AF01000F007061727469636C65536FE9
:102A1000757263657300000008AF01000D007065FA
:102A20007263656E744368616E63650008AF010090
:102A30000600706572696F640000000008AF010055
:102A40000D0070687973696373456E67696E650020
:102A500008AF01000A007069636B52616E646F6DAC
:102A60000000000008AF01000400706C61790000F4
:102A700008AF01000800706C6179436F7265000057
:102A800008AF01000D00706C6179556E74696C447B
:102A90006F6E650008AF01000600706C61796572A9
:102AA0000000000008AF01000B00706C61796572D6
:102AB000496E64657800000008AF01000C00706C7E
:102AC00061796572537461746573000008AF010029
:102AD0000600706F696E74730000000008AF01009B
:102AE0000800706F736974696F6E000008AF0100B1
:102AF0000E00706F737369626C65436F6C6F7273F5
:102B00000000000008AF01000E007072656665727B
:102B100072656444656C61790000000008AF0100D3
:102B20000D0070726573737572654C6576656C0027
:102B300008AF01000E007072657654696D654D69CD
:102B40006C6C69730000000008AF01000D0070722A
:102B50006576696F75735363656E650008AF010034
:102B600008007072696F72697479000008AF010023
:102B700015007175657565506C6179496E73747275
:102B8000756374696F6E730008AF01000F007261A6
:102B9000697365427574746F6E446F776E000000E0
:102BA00008AF010011007261697365427574746F3A
:102BB0006E5265706561740008AF01000D007261AE
:102BC000697365427574746F6E55700008AF0100CB
:102BD0000D0072616973654C6966655A65726F00B4
:102BE00008AF01000B0072616E646F6D52616E6719
:102BF0006500000008AF01000A00726563616C6344
:102C000053697A650000000008AF01000800726592
:102C1000676973746572000008AF01001600726581
:102C20006769737465724672616D6543616C6C624D
:102C300061636B730000000008AF0100140072654F
:102C40006769737465724672616D6548616E646C24
:102C50006572000008AF01000F0072656769737448
:102C6000657248616E646C657200000008AF010017
:102C70000E0072656769737465724D656C6F647977
:102C80000000000008AF01001000726567697374EE
:102C900065724F62737461636C65000008AF010078
:102CA000060072656D6F76650000000008AF0100D8
:102CB0000C0072656D6F7665537072697465000003
:102CC00008AF0100060072656E64657200000000C6
:102CD00008AF01000A0072656E64657261626C651E
:102CE0000000000008AF01000B00726570656174A0
:102CF00044656C617900000008AF01000E00726548
:102D000070656174496E74657276616C00000000D4
:102D100008AF01000700726570656174580000001B
:102D200008AF01000700726570656174590000000A
:102D300008AF01000B007265736574486974626FB7
:102D40007800000008AF01000600726573697A65BB
:102D50000000000008AF01000D00726573697A651C
:102D60004275636B6574730008AF010005007269FA
:102D70006768740008AF01000800726F74617469BD
:102D80006F6E000008AF01000300726F7700000053
:102D900008AF01000800726F77436F756E74000012
:102DA00008AF01000400726F7773000008AF0100E4
:102DB0000F0072756E427574746F6E4576656E7431
:102DC0007300000008AF01000C0072756E43616C67
:102DD0006C6261636B73000008AF010010007275D4
:102DE0006E6E696E6743616C6C6261636B73000049
:102DF00008AF01000100730008AF01000A00736111
:102E000079456E6454696D650000000008AF0100EB
:102E10000B0073617952656E646572657200000023
:102E200008AF010005007363616C650008AF010025
:102E300005007363656E650008AF010010007363E1
:102E4000656E6544656661756C74526174650000F9
:102E500008AF0100050073636F72650008AF0100E1
:102E6000140073636F7265526561636865644861DD
:102E70006E646C657273000008AF01000600736336
:102E80006F7265730000000008AF01000B007363F0
:102E90006F72696E675479706500000008AF0100B9
:102EA000140073636F72696E67547970655365744B
:102EB000427955736572000008AF01001400736316
:102EC0007265656E45646765436F6C6C6973696FA5
:102ED0006E73000008AF01000C007363726F6C6CBE
:102EE0004F6666736574000008AF010009007363E4
:102EF000726F6C6C526F770008AF01000C00736347
:102F0000726F6C6C546172676574000008AF0100E9
:102F1000040073656564000008AF01000C00736570
:102F20006C656374656443617264000008AF0100FE
:102F3000090073656C656374696F6E0008AF01000A
:102F40000F00736574416363656C65726174696FCA
:102F50006E00000008AF01000900736574416E63E4
:102F6000686F720008AF01000F00736574426F75DF
:102F70006E63654F6E57616C6C00000008AF010016
:102F80000D0073657444696D656E73696F6E7300CF
:102F900008AF01000C00736574446972656374695D
:102FA0006F6E000008AF0100090073657445666626
:102FB0006563740008AF01000A00736574466163BD
:102FC000746F72790000000008AF0100070073659C
:102FD00074466C616700000008AF0100090073656A
:102FE00074486974626F780008AF01000800736567
:102FF00074496D616765000008AF010007007365E3
:10300000744B696E6400000008AF0100070073652F
:10301000744C69666500000008AF01000900736523
:10302000744F66667365740008AF01000B0073652A
:1030300074506F736974696F6E00000008AF01000F
:103040000A00736574507265737365640000000054
:1030500008AF0100070073657452617465000000D9
:1030600008AF0100130073657452656C6174697672
:1030700065546F43616D65726100000008AF010027
:103080000B00736574526F746174696F6E00000099
:1030900008AF0100080073657453636F7265000028
:1030A00008AF01000C0073657453656C6563746947
:1030B0006F6E000008AF01000800736574536F75F0
:1030C0006E64000008AF01000800736574537065FA
:1030D0006564000008AF01000800736574537461F3
:1030E0007465000008AF01000800736574546865DA
:1030F0006D65000008AF01000B0073657456656CC8
:103100006F6369747900000008AF01000E007368F6
:10311000616B65416D706C697475646500000000D9
:1031200008AF01000D007368616B654475726174CE
:10313000696F6E0008AF01000E007368616B655324
:103140007461727454696D650000000008AF01007D
:103150000F0073686F756C64426556697369626CC1
:103160006500000008AF0100040073686F7700007D
:1031700008AF0100080073686F774C69666500004E
:1031800008AF01000A0073686F77506C617965724F
:103190000000000008AF0100090073686F775363F7
:1031A0006F72650008AF01000E00736F756E645397
:1031B00065744279557365720000000008AF010024
:1031C0000600736F757263650000000008AF0100B0
:1031D0000D00736F75726365466163746F72790079
:1031E00008AF01000700736F75726365730000001C
:1031F00008AF0100050073706565640008AF010049
:1032000006007370726561640000000008AF010081
:1032100006007370726974650000000008AF010059
:103220001000737072697465436F6C6C6973696FB9
:103230006E73000008AF01000C0073707269746552
:103240004E6578744964000008AF01000700737090
:10325000726974657300000008AF01000D0073709F
:10326000726974657342794B696E640008AF01003E
:10327000030073726300000008AF0100050073745F
:103280006172740008AF01001100737461727453AD
:10329000637265656E4566666563740008AF01001C
:1032A000050073746174650008AF01000400737455
:1032B0006F70000008AF0100070073746F707065D5
:1032C0006400000008AF0100030073747200000086
:1032D00008AF0100020073780000000008AF010091
:1032E000020073790000000008AF01000600737946
:1032F0007374656D0000000008AF01000400746580
:103300007874000008AF01000E0074657874417293
:1033100065614865696768740000000008AF0100D6
:103320000D00746578744172656157696474680052
:1033300008AF0100090074657874436F6C6F720008
:1033400008AF010005007468656D650008AF0100F5
:10335000090074696C65496E6465780008AF010006
:10336000070074696C654D617000000008AF0100D2
:10337000130074696C654F7665726C617048616E9C
:10338000646C65727300000008AF0100110074697D
:103390006C656D6170436F6C6C6973696F6E7300FF
:1033A00008AF01000F0074696C656D61704F766540
:1033B000726C61707300000008AF0100070074694F
:1033C0006C6573657400000008AF01000C0074693F
:1033D0006D65496E53616D706C65000008AF01004A
:1033E000070074696D654F757400000008AF010037
:1033F000050074696D65720008AF0100050074690D
:103400006D65730008AF01000800746F5374726932
:103410006E67000008AF01000300746F70000000C9
:1034200008AF01000400756E6974000008AF010068
:103430000A00756E7265676973746572000000003A
:1034400008AF01001000756E72656769737465726C
:103450004D656C6F6479000008AF01000200757063
:103460000000000008AF010006007570646174651B
:103470000000000008AF01000A0075706461746507
:10348000436172640000000008AF01000F00757016
:10349000646174654966496E76616C696400000018
:1034A00008AF01000E00757064617465506172743C
:1034B00069636C650000000008AF010012007570C0
:1034C000646174655363726F6C6C54617267657488
:1034D0000000000008AF01001100757064617465A0
:1034E00057696474684865696768740008AF0100CB
:1034F000040075736572000008AF01000500766175
:103500006C75650008AF0100030076696400000077
:1035100008AF01000A007669736962696C697479A1
:103520000000000008AF01000E007669736962694F
:103530006C697479466C61670000000008AF010097
:10354000020076780000000008AF010002007679E2
:103550000000000008AF0100150077616C6C436F3C
:103560006C6C6973696F6E48616E646C6572730030
:1035700008AF0100050077696474680008AF0100B6
:10358000090077696E4566666563740008AF0100DF
:103590000A0077696E4D657373616765000000000E
:1035A00008AF0100150077696E4D6573736167653B
:1035B0004D756C7469706C617965720008AF0100BB
:1035C000080077696E536F756E64000008AF0100E4
:1035D0000F0077696E536F756E644C6F6F70696E14
:1035E0006700000008AF0100060077696E6E657223
:1035F0000000000008AF01000E0077696E6E657272
:103600004F766572726964650000000008AF0100C2
:103610000100780008AF01000700784F6666736507
:103620007400000008AF010006007852616E676503
:103630000000000008AF01000500785374657000B9
:1036400008AF01000100790008AF01000700794FC1
:10365000666673657400000008AF010006007952C9
:10366000616E67650000000008AF01000500795336
:103670007465700008AF010001007A0008AF010016
:103680000100300008AF010001002D0008AF01006B
:1036900001002B0008AF01000100580008AF010035
:1036A00001002C0008AF01000600737472696E6798
:1036B0000000000008AF010001000A0008AF01008F
:1036C00003002E2E2E00000008AF01000F005B6FDC
:1036D000626A656374204F626A6563745D0000000E
:1036E00008AF010008005B4F626A6563745D00000B
:1036F00008AF010001007B0008AF010005000A20AF
:103700002020200008AF010002003A200000000045
:1037100008AF010008000A202020202E2E2E0000D5
:1037200008AF010002000A7D0000000008AF0100A0
:103730000100220008AF010002005C6E00000000E2
:1037400008AF010001000D0008AF010002005C722B
:103750000000000008AF01000100090008AF0100EF
:1037600002005C740000000008AF010001000800C6
:1037700008AF010002005C620000000008AF010019
:1037800001005C0008AF010002005C5C000000006A
:1037900008AF010002005C220000000008AF010039
:1037A0000700626F6F6C65616E00000008AF01007A
:1037B00002005B5D0000000008AF010001005B003B
:1037C00008AF010001005D0008AF010002007B7D31
:1037D0000000000008AF010001003A0008AF01003E
:1037E00001007D0008AF01000100200008AF0100CA
:1037F00004006670733A000008AF010001002E005B
:1038000008AF01000B002F31303020667073202D7F
:103810002000000008AF01000900206672616D659C
:103820007320280008AF010003006D732F00000013
:1038300008AF010003006D732900000008AF01000C
:103840000100630008AF01000100430008AF010060
:103850000100640008AF01000100440008AF01004E
:103860000100650008AF01000100450008AF01003C
:103870000100660008AF01000100460008AF01002A
:103880000100670008AF01000100470008AF010018
:103890000100610008AF01000100410008AF010014
:1038A0000100420008AF01000100720008AF0100F2
:1038B0000100520008AF01000100230008AF010021
:1038C0000100620008AF01000100210008AF010003
:1038D0000100400008AF010001007E0008AF0100B8
:1038E00001005E0008AF010022007E313520653303
:1038F0003A3320723A312064233A3320723A31202D
:10390000643A3420723A312063233A3800000000D0
:1039100008AF0100150067343A3120633520652077
:10392000673A3220653A3120673A330008AF010028
:1039300004002372756E000008AF010006002373B7
:10394000636F70650000000008AF0100040062743E
:103950006E20000008AF0100030073696D000000D5
:1039600008AF0100280053707269746520696D61A9
:1039700067652063616E6E6F7420626520756E648A
:103980006566696E6564206F72206E756C6C0000F0
:1039900008AF01000100280008AF01000400292D34
:1039A0003E28000008AF01000100290008AF010017
:1039B0000100760008AF01000A00206275636B65A4
:1039C00074732C200000000008AF0100070020667F
:1039D000696C6C656400000008AF0100080020738A
:1039E000707269746573000008AF01000A00616CB1
:1039F0006C2D73636F7265730000000008AF0100E7
:103A000004004E6F6E65000008AF01000A0068698F
:103A100067682D73636F72650000000008AF0100D6
:103A2000090020737072697465733A0008AF010071
:103A30000900247B57494E4E45527D0008AF0100D6
:103A40000700504C415945522000000008AF0100CA
:103A50000900247B57696E6E65727D0008AF010016
:103A60000700506C617965722000000008AF01000A
:103A70000900247B77696E6E65727D0008AF0100D6
:103A80000700706C617965722000000008AF0100CA
:103A90000F00247B77696E6E65725F73686F727456
:103AA0007D00000008AF01000100500008AF0100D8
:103AB000060053636F72653A0000000008AF010012
:103AC0000F004E657720426573742053636F7265F3
:103AD0002100000008AF01000500426573743A0040
:103AE00008AF01000800594F552057494E210000EA
:103AF00008AF01000F00247B57494E4E45527D20F0
:103B000057494E532100000008AF0100090047410A
:103B10004D45204F5645520008AF01000900686925
:103B2000676873636F72650008AF010008006C6F0F
:103B30007773636F7265000008AF010004006E6F59
:103B40006E65000008AF0100070023766F6C756D8D
:103B50006500000008AF01000B002362726967680E
:103B6000746E65737300000008AF01000700636F97
:103B70006E736F6C6500000008AF01000D00564FBA
:103B80004C554D4520444F574E20280008AF0100AA
:103B90000B00564F4C554D45205550202800000035
:103BA00008AF010011004252494748544E45535353
:103BB00020444F574E20280008AF01000F0042520A
:103BC000494748544E455353205550202800000083
:103BD00008AF01000A00484944452053544154535A
:103BE0000000000008AF01000A0053484F5720535F
:103BF000544154530000000008AF01000C00484934
:103C0000444520434F4E534F4C45000008AF010040
:103C10000C0053484F5720434F4E534F4C45000024
:103C200008AF01000500534C4545500008AF0100A6
:103C30000500434C4F53450008AF010006005041BA
:103C4000555345440000000008AF010006007365AD
:103C50007276657200000000D8AE01001300EBB967
:103C600084ED9689EC8A88ED8C855FEC9888ECA0D1
:103C70009C000000D4AF01000000C0FFFFFFDF4147
:103C8000D4AF0100182D4454FB210940D4AF0100EA
:103C90009A9999999999B93FD4AF01000000000011
:103CA0000000E83FD4AF0100182D4454FB21F93F38
:103CB000D4AF01001A271792BF15B03FD4AF01004F
:103CC000182D4454FB211940D4AF0100399D52A254
:103CD00046DF913FA4AF0100C20000001F00210099
:103CE00023002500270029002C002E00310034007D
:103CF00037003A003E004100450049004E005200A6
:103D000057005C00620068006E0075007B00830055
:103D10008B0093009C00A500AF00B900C400D00048
:103D2000DC00E900F70006011501260137014A0110
:103D30005D01720188019F01B801D201EE010B0201
:103D40002A024B026E029302BA02E40210033F03FE
:103D50007003A403DC03170455049704DD0427054E
:103D60007505C80520067D06E0064907B8072D0839
:103D7000A9082D09B9094D0AEA0A900B400CFA0C62
:103D8000C00D910E6F0F5A1053115B1272139A14DB
:103D9000D41520178018F519801B231DDE1E000086
:103DA000A4AF0100981400002000000000000000F3
:103DB000210000005E0000002200000E000E000046
:103DC000230028FE28FE280024004C92FF92640065
:103DD000250002651248A64026006C92926CA00055
:103DE000270000000E000000280000007C82000078
:103DF00029000000827C00002A005438103854004A
:103E00002B0010107C1010002C000000907000009F
:103E10002D001010101010002E0000006060000037
:103E20002F000060100806003000003C42423C00B9
:103E3000310000447E4000003200004462524C00D9
:103E4000330000424A4E320034003028247E2000E5
:103E50003500004E4A4A32003600003C4A4A3000E3
:103E60003700000262120E00380000344A4A340063
:103E70003900000C52523C003A0000006C6C00000B
:103E80003B000000967600003C00102828444400C7
:103E90003D002828282828003E00444428281000F7
:103EA0003F0000025909060040003C425A560800F3
:103EB000410078141214780042007E4A4A4A3400C5
:103EC0004300003C424224004400007E42423C0049
:103ED0004500007E4A4A42004600007E0A0A02006F
:103EE0004700003C425234004800007E08087E0033
:103EF000490000427E4200004A002040423E02004B
:103F00004B00007E081462004C00007E40404000E0
:103F10004D007E0418047E004E00007E04087E00E2
:103F20004F003C4242423C005000007E12120C0006
:103F30005100003C5262BC005200007E12126C0024
:103F4000530000244A522400540002027E02020060
:103F50005500003E40403E005600001E70701E009E
:103F600057007E2018207E0058004224182442006A
:103F700059000608700806005A000062524A4600BE
:103F80005B00007E424200005C00000608106000FA
:103F90005D000042427E00005E000804020408004A
:103FA0005F008080808080006000000002040000CC
:103FB00061000030484878006200007E48483000C8
:103FC00063000030484848006400003048487E00E4
:103FD0006500003068585000660000107C12040034
:103FE00067000018A4A478006800007E080870002C
:103FF000690000487A4000006A000040847D0000AB
:104000006B00007E102840006C0000427E400000E3
:104010006D007808300870006E00007808087000A5
:104020006F00003048483000700000FC2424180065
:10403000710000182424FC007200007810081000A1
:104040007300005058682800740000083E482000A3
:104050007500003840407800760000186060180055
:104060007700384030403800780000483030480051
:104070007900005CA0A07C007A00004868584800E5
:104080007B000008364100007C000000FE000000BC
:104090007D000041360800007E000008040804008E
:1040A000A000000000000000A10000007A00000055
:1040B000A200003048FC4800A30090FC92928400CB
:1040C000A400542844285400A5002A2C782C2A0047
:1040D000A6000000EE000000A7000094AAAA52006B
:1040E000A800000200020000A9003E414955413EDF
:1040F000AA0000242A2E0000AB00102854284400F7
:10410000AC00001010107000AD0000101010100076
:10411000AE003E415D45413EAF000002020202009A
:10412000B000000814140800B1008888BE88880018
:10413000B2000024322C0000B30000222A14000038
:10414000B400000004020000B50000F84020780030
:10415000B6000C1E7E027E00B700000010000000BA
:10416000B800000080400000B90000243E2000009C
:10417000BA0000242A240000BB0044285428100060
:10418000BC00025F70F84000BD00021F90C8B00084
:10419000BE0011557AF84000BF000030484D2000A5
:1041A000C000601916186000C10060181619600080
:1041B000C200601A151A6000C300601A151A610067
:1041C000C400601914196000C500601A151A600057
:1041D000C6007C0A7E4A4200C700001EA161120090
:1041E000C800007C55564400C900007C5655440068
:1041F000CA00007C56554600CB00007C5554450053
:10420000CC0000457E440000CD0000447E45000007
:10421000CE0000467D460000CF0000457C450000F2
:10422000D000087E4A423C00D100007E09127D0089
:10423000D200003845463800D300003846453800E3
:10424000D400003846453A00D500003A45463900CA
:10425000D600003845443900D700442810284400CF
:10426000D80000FC724E3F00D900003C41423C00A7
:10427000DA00003C42413C00DB00003C42413E0091
:10428000DC00003C41403D00DD00040872090400F0
:10429000DE00007E24241800DF00007C025A240087
:1042A000E0000030494A7800E10000304A497800D7
:1042B000E20000304A497A00E3000032494A7900BE
:1042C000E40000304A487A00E50000304A4D7A00A8
:1042D000E600304878685000E7000018A464240025
:1042E000E8000030695A5000E90000306A59500077
:1042F000EA0000306A595200EB0000306A58520060
:10430000EC0000497A400000ED0000487A410000CE
:10431000EE00004A79420000EF00004A78420000B7
:10432000F00000304A4B3D00F100007A090A7100AC
:10433000F2000030494A3000F30000304A493000B2
:10434000F40000304A493200F5000032494A310099
:10435000F60000304A483200F700101054101000E8
:10436000F800007068583800F900003841427800C1
:10437000FA00003842417800FB00003842417A00E0
:10438000FC00003842407A00FD0000B84241F800CD
:10439000FE0000FF24241800FF00005CA1A07D00A7
:1043A0000001601915196000010100304A4A7A00C5
:1043B0000201611A16196000030100314A4A7900AE
:1043C00004013C0A094ABC00050100182464BC0031
:1043D0000601003846452800070100304A494800D8
:1043E0000801003846452A00090100304A494A00C0
:1043F0000A010038444528000B010030484A4800B3
:104400000C010038454629000D010030494A490099
:104410000E01007C454639000F0100314A497E00FB
:104420001001087E4A423C00110130484C7E0400D5
:104430001201007D55554500130100326A5A5200A1
:104440001401007D56564500150100316A5A51008D
:104450001601007C55544400170100306A58500082
:104460001801003F65A521001901001874AC28004F
:104470001A01007C555645001B010030695A510055
:104480001C010038465536001D0100304A49F20033
:104490001E010039465635001F0100314A4AF1001D
:1044A000200100384455340021010018A4A57800EB
:1044B0002201001EA1691A0023010018A6A5780098
:1044C0002401007812117A0025017E080A71020089
:1044D0002601047E147E04002701047E0C0870006F
:1044E00028010002457E450029010002497A410069
:1044F0002A0100457D4500002B01004A7A42000058
:104500002C0100014A7A49002D0100014A7A41003C
:104510002E0100217FA100002F0100247DA00000BA
:10452000300100447D440000310100487840000023
:1045300032017E0022423E0033013D0040847D0076
:1045400034012040463D0600350100800AF9020092
:10455000360100BF440A3100370100BF4814200073
:1045600038010078102848003901007C40424100A1
:104570003A0100467D4000003B01003FA060200062
:104580003C0100A17F2000003D01007C4142410030
:104590003E0100457E4100003F01007E4048400052
:1045A000400100427E4008004101107E484040002A
:1045B000420100527E4800004301007C0A117C0049
:1045C000440100780A097000450100BF42043F0021
:1045D000460100BC440438004701007C09127D00FC
:1045E000480100790A09700049010A06780870003C
:1045F0004A01003F02847F004B01003C04847800A4
:104600004C013945454539004D0100324A4A3200D6
:104610004E013946464639004F0100314A4A3100C1
:1046200050013A45444639005101324948320100AF
:1046300052013C427E4A42005301304830685000EB
:104640005401007C1635480055010078120910000D
:10465000560100BF49093600570100BC4804080054
:104660005801007D163548005901007912091000E3
:104670005A010048565524005B0100505A69280031
:104680005C010048565526005D0100505A692A0019
:104690005E010012A56912005F010028AC741400CD
:1046A000600100485556250061010050596A2900F3
:1046B00062010101BF410100630100049F64100019
:1046C000640104057E050400650100083D4A2100DF
:1046D000660102127E120200670100183E58200097
:1046E0006801003A414239006901003A41427900CB
:1046F0006A01003D41413D006B01003A42427A00AF
:104700006C010039424239006D01003942427900A2
:104710006E01003A45453A006F01003A45457A007E
:1047200070013A41403A010071013A41407A01007A
:104730007201001F60A01F007301001C60A03C00FC
:104740007401782211227800750138423142380014
:104750007601081261120800770100B84241FA00A0
:10476000780104097009040079010064564D440081
:104770007A0100486A5948007B010064544D4400A6
:104780007C010048685A48007D010064554E450090
:104790007E010048695A49007F0100087C0204003C
:1047A0008F01003452523C00920100887E090200C1
:1047B000A0013C42423C0806A101003048483008B4
:1047C000AF01003E403E0806B001003840781008B6
:1047D000B501006A5A4A4E00B60100587858580090
:1047E000D101003845463900D2010030494A310034
:1047F000E601003845563500E7010030494AF1002E
:10480000FA0100742A750000FB0100304C4A7D005B
:10481000FC0178147E554400FD0130487A6950004F
:10482000FE010078744E3D00FF0100706A593800A7
:1048300018020012A569120019020028AC741400B5
:104840001A020101BF4101001B0200049F64100015
:10485000BB0200000C0A0000BC0200000A060000B7
:10486000BD020000060A0000C602000201020000AC
:10487000C702000102010000C9020002020200009A
:10488000D802000102020100D9020000020000006B
:10489000DA02000205020000DB0200004080000096
:1048A000DC02000201020100DD020201000201003F
:1048B0007403000002010000750300008040000046
:1048C0007A030000C08000007E030000967600009E
:1048D00084030000030000008503020003000200BF
:1048E0008603037C12127C00870300001000000086
:1048F000880303007E4A4200890303007E087E008D
:104900008A030300427E42008C03033C42423C0087
:104910008E0303000E700E008F03035C62625C0066
:10492000900302003B4002009103781412147800B7
:1049300092037E4A4A4A34009303007E0202020038
:1049400094036058465860009503007E4A4A42002E
:1049500096030062524A46009703007E08087E00D4
:1049600098033C4A4A4A3C00990300427E420000B8
:104970009A03007E081462009B036018061860000A
:104980009C037E0418047E009D03007E04087E00C4
:104990009E0300424A4A42009F033C4242423C007E
:1049A000A003007E02027E00A103007E12120C0012
:1049B000A30300665A424200A40302027E020200E0
:1049C000A503060870080600A60318247E24180014
:1049D000A703422418244200A8030E107E100E00E4
:1049E000A9035C6202625C00AA0300457C450000EA
:1049F000AB03040970090400AC030030484A790095
:104A0000AD030030685A5100AE0378100A09F00077
:104A1000AF03003A41200000B0033A4043403A005F
:104A2000B103003048487800B20300FE25251A0083
:104A3000B3030C30C0300C00B403344A4A4A30008F
:104A4000B503003068585000B603021AA6A242000F
:104A5000B7033C080404F800B803003C4A4A3C0091
:104A6000B903003840200000BA0300782050480005
:104A7000BB03641212227C00BC03FC2020103C000B
:104A8000BD03182040201800BE03112D2BA94100A2
:104A9000BF03003048483000C00308780878080099
:104AA000C103F82424241800C2031824A4A4480035
:104AB000C303304848582800C40300083848280079
:104AC000C503384040403800C6031C20F8241800B5
:104AD000C703C4281028C400C8031C20FC201C00E5
:104AE000C903304820483000CA0300023842200081
:104AF000CB03384240423800CC0330484A493000AA
:104B0000CD03384042413800CE03304822493000BE
:104B1000D0033C52525C2000D10310344A3C0800C0
:104B2000D203067804020400D303120A7C020400B4
:104B3000D4030D7009040800D5031824FF241800BD
:104B4000D603384828483800D70348302221D800F7
:104B5000DA031C2221A14200DB031824A4A4420092
:104B6000DC037E1212020200DD0300FC2424040098
:104B7000DE033E2010087C00DF030C0AC928180061
:104B8000E003700C621C7000E10301092516F800B7
:104B9000E2039EA0BEA07E00E30398A0B8A0780028
:104BA000E4030C1214107E00E503001028207800A6
:104BB000E603BE9088887000E70348544E443800EE
:104BC000E803245252524C00E9032854545448003C
:104BD000EA0364524C526400EB0308645864080012
:104BE000EC03385454542200ED0330684868240024
:104BF000EE03184A7E4A1800EF031848FF0A08001F
:104C0000F003483020205800F10378A4A4A49800B1
:104C1000F203304848485000F303006080847D0070
:104C2000F4033C4A4A4A3C00F50300305858480017
:104C30000004007C555644000104007C5554450096
:104C4000020401013F8579000304007C060504008D
:104C500004043C4A4A422400050400244A52240029
:104C6000060400427E420000070400457C45000027
:104C700008042040423E020009047C027E483000C5
:104C80000A047E087E4830000B0402027E0A72008D
:104C90000C04007C102A45000D047C2112087C00C5
:104CA0000E040C5152523D000F043F20E0203F0003
:104CB000100478141214780011047E4A4A4A300015
:104CC00012047E4A4A4A34001304007E02020200A3
:104CD0001404C07C427EC0001504007E4A4A420093
:104CE000160476087E087600170424424A4A3400E7
:104CF0001804007E08047E001904007D120A7D005D
:104D00001A04007E081462001B04403C02027E006C
:104D10001C047E0418047E001D04007E08087E002A
:104D20001E043C4242423C001F047E0202027E00FE
:104D30002004007E12120C002104003C4242240098
:104D4000220402027E02020023040E5050503E0054
:104D5000240418247E241800250442241824420028
:104D600026043F2020BF600027040E1010107E0094
:104D700028047E407E407E0029043F203FA07F0023
:104D80002A04027E484830002B047E4848307E00CA
:104D90002C04007E484830002D0424424A4A3C003E
:104DA0002E047E183C423C002F04006C12127E0040
:104DB00030043048487840003104003C4A4A310011
:104DC0003204007868502000330400780808080096
:104DD0003404C0704878C000350430686850000062
:104DE00036044830783048003704004058683000B6
:104DF0003804784020107800390479422212790072
:104E00003A040078203048003B044030080878001D
:104E10003C047810201078003D04781010107800C1
:104E20003E043048484830003F04780808087800BD
:104E30004004FC2424241800410430484848500011
:104E4000420408087808080043041CA0A0A07C00C5
:104E500044041824FF24180045040048303048005A
:104E600046043C2020BC6000470418202020780025
:104E7000480478407840780049043C203CA07C00FD
:104E80004A040878505020004B0478505020780095
:104E90004C040078505020004D0448586830000001
:104EA0004E047830304830004F04502828780000F5
:104EB00050040030696A500051040032686A5000A2
:104EC0005204023F0A887000530400780A0908005F
:104ED00054040030685848005504005058682800B1
:104EE000560400487A4000005704004A7842000007
:104EF0005804004080847D005904700878502000D8
:104F00005A047810785020005B04047E141060006E
:104F10005C040078223148005D047841221078005A
:104F20005E0418A1A2A279005F043C20E0203C00AE
:104F30006204027F4A4830006304087E5850200013
:104F400070040E107E100E007104182078201800D6
:104F500072043C4A4A4A3C00730430685868300086
:104F60007404001E70180C007504001860301000E6
:104F70009004007E020203009104007808080C00EF
:104F80009204087E0A0A0200930420782808080088
:104F900096043B043F043BE0970424183C1824C0CB
:104FA0009A04003F040A31C09B04003C101824C03E
:104FB000AE04060870080600AF040C10E0100C00E8
:104FC000B004161870181600B1042C30E0302C0014
:104FD000B20421120C1221C0B3040024181824C0FA
:104FE000BA047E0808087000BB04007E0808700040
:104FF000D804003452523C00D904002868583000CC
:10500000E20400457D450000E304004A7A420000C6
:10501000E8043C4A4A4A3C00E90400305858300051
:10502000EE04003D41413D00EF04003A42427A0067
:10503000D005681020285000D10548484878400025
:10504000D205004830600000D30508080878080041
:10505000D405680808087800D50500000878000025
:10506000D605080818680800D705087808087800E9
:10507000D805784050487800D9050000081800008D
:10508000DA0504040404FC00DB05484848483800FD
:10509000DC050E4848281800DD05087848487800E7
:1050A000DE05582010487000DF05000004FC0000F9
:1050B000E005004040487800E105000878483800E5
:1050C000E205487840281800E305041C0404FC00AD
:1050D000E405485848483800E50504F8201408005D
:1050E000E605485060685000E705F40424241C00DD
:1050F000E805080808087000E905785058403800AD
:10510000EA05487808087800F00508780008780073
:10511000F105081800087800F205081800081800C2
:10512000F305000010080000F40510080010080046
:10513000021E7C5455542800031E007E484930004E
:105140000A1E007C454438000B1E003049487E0092
:105150001E1E007C151404001F1E00107914080088
:10516000401E7E0419047E00411E7808320870003B
:10517000561E007C15140800571E00FC252418003C
:10518000601E004854552400611E0050586A2800D3
:105190006A1E04047D0404006B1E00083D482000C4
:1051A000801E7C2112207C00811E38413240380054
:1051B000821E7C2012217C00831E38403241380040
:1051C000841E7C2110217C00851E3842304238002C
:1051D000F21E040972080400F31E00B84142F800F0
:1051E000A3207E0A7A120A00A420A8FCAA828400C6
:1051F000A720087E2A1C0800AB200098A4A6BF02A6
:10520000AC20183C5A5A4200AF20627F224438003A
:105210009021103854101000912108047E040800D9
:105220009221101054381000932110207E2010007D
:10523000942110381010381095212844FE4428007D
:10524000A4AF0100A609000020000000000000003B
:10525000000000000000000000000000000000004E
:1052600000002100000000000006FC00000000001B
:10527000000000000000000000000000220000000C
:105280001C00000000001C000000000000000000E6
:105290000000000000002300A000F807A000F807AD
:1052A000A00000000000000000000000000000005E
:1052B0002400000018022404460C880300000000AB
:1052C0000000000000000000000025003802C401BA
:1052D0007800200390040803000000000000000094
:1052E00000000000260080037804A4041803800353
:1052F0004004000000000000000000000000270043
:10530000000000001C000000000000000000000081
:105310000000000000000000280000000000F8016C
:105320000606010800000000000000000000000068
:1053300000002900000001080606F8010000000036
:105340000000000000000000000000002A0004002F
:1053500014000E0014000400000000000000000013
:105360000000000000002B0040004000F803400057
:1053700040000000000000000000000000000000ED
:105380002C000000000000090006000000000000E2
:10539000000000000000000000002D000000800060
:1053A00080008000000000000000000000000000FD
:1053B000000000002E0000000000000600000000B9
:1053C00000000000000000000000000000002F00AE
:1053D000000C800360001C000300000000000000BF
:1053E000000000000000000030000000F80304048A
:1053F0000404F803000000000000000000000000AA
:1054000000003100000004040404FC070004000450
:10541000000000000000000000000000320000005A
:1054200008060405C4043804000000000000000061
:10543000000000000000330000000802440444049F
:10544000B8030000000000000000000000000000A1
:1054500034000000800170010801FC070001000019
:1054600000000000000000000000350000023C04C5
:1054700024042404C4030000000000000000000015
:105480000000000036000000F003480444048803D4
:1054900000000000000000000000000000003700D5
:1054A00000000400C40734000C00000000000000ED
:1054B000000000000000000038000000B8034404B1
:1054C0004404B803000000000000000000000000D9
:1054D000000039000000780284048802F001000016
:1054E0000000000000000000000000003A00000082
:1054F0000000300600000000000000000000000076
:105500000000000000003B00000000001809000639
:10551000000000000000000000000000000000008B
:105520003C004000A000A000A0001001000000000E
:10553000000000000000000000003D0020012001EC
:1055400020012001200100000000000000000000F8
:10555000000000003E0000001001A000A000A0001C
:1055600040000000000000000000000000003F00BC
:10557000000008008406640018000000000000001D
:1055800000000000000000004000F0030C04C2080E
:1055900022092409F80900000000000000000000B2
:1055A000000041000007F8008400F8000007000038
:1055B00000000000000000000000000042000000A9
:1055C000FC0744044404B80300000000000000008D
:1055D00000000000000043000000F0010802040485
:1055E00004040802000000000000000000000000A9
:1055F00044000000FC0704040802F0010000000061
:105600000000000000000000000045000000FC0752
:1056100044044404440400000000000000000000B2
:105620000000000046000000FC0744004400440065
:105630000000000000000000000000000000470023
:105640000000F00108024404C8030000000000004C
:10565000000000000000000048000000FC074000BF
:105660004000FC07000000000000000000000000F7
:105670000000490000000404FC07040404040000C6
:105680000000000000000000000000004A000000D0
:10569000000200040004FC03000000000000000001
:1056A0000000000000004B000000FC074000F0007C
:1056B0000C030404000000000000000000000000D3
:1056C0004C000000FC07000400040004000000007F
:1056D000000000000000000000004D000000FC077A
:1056E00038007000FC07000000000000000000000F
:1056F000000000004E000000FC073800C003FC075B
:1057000000000000000000000000000000004F004A
:105710000000F80304040404F80300000000000083
:10572000000000000000000050000000FC078400A2
:105730008400440078000000000000000000000029
:10574000000051000000FC0102020206FC090000FA
:1057500000000000000000000000000052000000F7
:10576000FC074400C40138060000000000000000EF
:10577000000000000000530000001802240444044C
:10578000880300000000000000000000000000008E
:105790005400000004000400FC07040004000000A2
:1057A0000000000000000000000055000000FC03A5
:1057B00000040004FC0300000000000000000000E2
:1057C0000000000056000C00F0030004F0030C0081
:1057D0000000000000000000000000000000570072
:1057E0007C008007E001F0010007FC0000000000E1
:1057F000000000000000000058000404B80340004E
:10580000B8030404000000000000000000000000D5
:105810000000590004003800C00730000C000000F0
:105820000000000000000000000000005A00040416
:105830000407E4041C04040400000000000000004D
:105840000000000000005B0000000000FF0F0108E6
:10585000010800000000000000000000000000003F
:105860005C0003001C0060008003000C00000000CE
:10587000000000000000000000005D0000000108C2
:105880000108FF0F00000000000000000000000001
:10589000000000005E0040003800040038004000B6
:1058A00000000000000000000000000000005F0099
:1058B00000080008000800080008000000000000C0
:1058C0000000000000000000600000000000020076
:1058D00004000000000000000000000000000000C4
:1058E000000061000000200390049004E007000025
:1058F0000000000000000000000000006200000046
:10590000FC0710041004E003000000000000000089
:1059100000000000000063000000C001200210042D
:105920003004000200000000000000000000000041
:1059300064000000E00310041004FC0700000000F5
:105940000000000000000000000065000000E0030F
:1059500090049004E004000000000000000000003B
:1059600000000000660000001000F807140014009A
:1059700000000000000000000000000000006700C0
:105980000000B806440944093C0904060000000070
:10599000000000000000000068000000FC0710008C
:1059A0001000E00700000000000000000000000000
:1059B0000000690000000000F40700000000000083
:1059C0000000000000000000000000006A00000865
:1059D00000080008FD0700000000000000000000B3
:1059E0000000000000006B000000FE078000E001E6
:1059F000100610040000000000000000000000007D
:105A00006C0000000000FC03000400040000000023
:105A1000000000000000000000006D00F007100012
:105A20001000E0071000E007000000000000000088
:105A3000000000006E000000F00710001000E007FA
:105A400000000000000000000000000000006F00E7
:105A50000000E00310041004E00300000000000058
:105A6000000000000000000070000000FC0F0401B6
:105A70000401F80000000000000000000000000029
:105A8000000071000000F80004010401FC0F000098
:105A90000000000000000000000000007200000094
:105AA000F0072000100010000000000000000000BF
:105AB00000000000000073000000600290049004E9
:105AC00020030000000000000000000000000000B3
:105AD000740000001000FC0310041004000000001B
:105AE0000000000000000000000075000000F0034E
:105AF00000040004F00700000000000000000000A7
:105B00000000000076003000C0030004C003300035
:105B1000000000000000000000000000000077000E
:105B2000F0000007E003C0010007F00000000000E3
:105B300000000000000000007800100460038000F6
:105B400060031004000000000000000000000000DE
:105B5000000079000C0870088007F0000C000000BD
:105B60000000000000000000000000007A000000BB
:105B700000041007900470041004000000000000EE
:105B80000000000000007B0000004000BE0701088C
:105B900001080000000000000000000000000000FC
:105BA0007C0000000000FF0F00000000000000006B
:105BB000000000000000000000007D00000001085F
:105BC0000108BE07400000000000000000000000C7
:105BD000000000007E008000400040008000800047
:105BE0004000000000000000000000000000000075
:105BF000A4AF0100880300002000000000000000A6
:105C00002100001700000000220000030003000034
:105C100023000A1F0A1F0A0024000A17151D0A0084
:105C2000250013090412190026000A15150A100090
:105C300027000003000000002800000E11000000F3
:105C4000290000110E0000002A00000A040A0000CA
:105C50002B0000040E0400002C00001008000000BF
:105C60002D000004040400002E00000800000000C5
:105C70002F0010080402010030000E11110E000068
:105C8000310000121F10000032001915151200001B
:105C900033000911150B000034000C0A091F08001D
:105CA00035001715151509003600081416150800DB
:105CB000370011090503010038000A1515150A00FF
:105CC000390002150D0502003A00000A000000002C
:105CD0003B0000100A0000003C0000040A11000014
:105CE0003D00000A0A0A00003E0000110A040000FC
:105CF0003F0002011505020040000E1115090E00BB
:105D000041001E05051E000042001F15150A000077
:105D100043000E111111000044001F11110E00006C
:105D200045001F151511000046001F050501000064
:105D300047000E1111150C0048001F04041F00003D
:105D40004900111F110000004A000911110F010044
:105D50004B001F040A1100004C001F10101000001F
:105D60004D001F0204021F004E001F0204081F0006
:105D70004F000E11110E000050001F05050200001B
:105D8000510006091916000052001F05050A1000EF
:105D90005300121515090000540001011F010100F4
:105DA00055000F10100F00005600070810080700DC
:105DB00057001F0804081F0058001B04041B0000A4
:105DC000590001021C0201005A00191513110000AC
:105DD0005B00001F111100005C00010204081000AC
:105DE0005D000011111F00005E00000201020000B2
:105DF0005F00101010101000600000010200000091
:105E000061000C12121E100062001F141408000022
:105E100063000C121212000064000814141F00002A
:105E200065000E15151200006600041E0501000035
:105E300067000215150F000068001F040418000019
:105E40006900001D000000006A000010100D000035
:105E50006B001F040A1000006C00000F10100000FF
:105E60006D001E0204021E006E001E02021C0000D5
:105E70006F000C12120C000070001E0A0A040000D1
:105E80007100040A0A1E000072001C0202020000D7
:105E9000730010140A0200007400000F14141000A4
:105EA00075000E10101E100076000608100806007F
:105EB00077001E1008101E007800120C0C12000053
:105EC00079001214080402007A00121A1612000057
:105ED0007B0000041F1100007C00001F0000000078
:105EE0007D00111F040000007E000004040808006B
:105EF000D3000C1213130C00F3000C12130D00004E
:105F000004010E05051E100005010609191F0800F1
:105F100006010C121313120007010C1213130000D8
:105F200018010F0B1B19000019010E151D1A000096
:105F300041011F14121000004201100F1412000042
:105F400043011F0205081F0044011E03031C00003B
:105F50005A0110140B0302005B0110140B03000024
:105F60007901121A171300007A01121A1713000090
:105F70007B01121B171200007C01121B171200007C
:105F8000A4AF010030000000000000FFFFFFFF2170
:105F900021FF93C4FF8135FFF609249CA378DC52CE
:105FA000003FAD87F2FF8E2EC4A4839F5C406CE55A
:105FB000CDC491463D000000A4AF01001C000000CC
:105FC000870405000500000001000100101000001A
:105FD000000100001010000001000100A4AF01004A
:105FE000140000008704030003000000010100000A
:105FF0001000000001010000A4AF01002800000013
:1060000087040800070000001011000001000100D3
:10601000010010001000000101001000010001004B
:106020001011000000000000A4AF010028000000D3
:106030008704080007000000C0CC00002C220C00E0
:106040002222C2002222220C20222202222422000A
:106050004222020020220000A4AF01002400000020
:106060008704070005000000000000001001000088
:1060700001100000100001000110000010010000DC
:1060800000000000A4AF0100240000008704070006
:1060900005000000000000001001000021120000B7
:1060A0001024010041120000100100000000000057
:1060B000A4AF0100240000008704070008000000CE
:1060C00000000000404400005055040450555505A0
:1060D000505501011011000000000000A4AF0100A4
:1060E000880000008704100010000000000000007D
:1060F0000000000000000000000000000000005050
:10610000050000000000000550000000005045445C
:1061100044040000004555444444000400455555DE
:1061200055550404004555555555450500455555EB
:106130005555110500455555551501010045551199
:10614000111100010050151111010000000000059F
:10615000500000000000005005000000000000009A
:10616000000000000000000000000000A4AF0100DB
:1061700088000000870410001000000000000000EC
:1061800000000000000000000000000000666666DD
:106190006666060060FFFFFF666F660060FFFFFF38
:1061A000F6FF660060FFF1FF666F660060FFF1FFBB
:1061B0006666660060FFFFF16666660060FFFFF1DD
:1061C0006666660060FFF1FF6666660060FFF1FFCD
:1061D00066F6660060FFFFFF6666660060FFFFFF11
:1061E000F6666600006666666666060000000000E9
:1061F000000000000000000000000000A4AF01004B
:1062000014000000870403000300000011010000D7
:106210000101000011010000A4AF010068000000AE
:1062200087040C000C0000000000000000000000CB
:10623000B0BBBBBBBB0B0000B0BBBBBBBBCB000050
:10624000B0DB1111BDCB0000B01B1111B1CB0000B0
:10625000B01B1111B1CB0000B01B1111B1CB00006C
:10626000B01B1111B1CB0000B0DB1111BDCB000090
:10627000B0BBBBBBBBCB0000B0BBBBBBBBCB000050
:1062800000CCCCCCCCCC0000A4AF010014000000AA
:106290008704030003000000010100000101000069
:1062A00001010000A4AF01001400000087040300F6
:1062B00003000000F1010000F1010000F101000005
:1062C000A4AF01003000000087040A0008000000AD
:1062D0001111110101000001011101011110000152
:1062E0000111010101000001010000011000100076
:1062F0000001010000100000A4AF010060000000D8
:1063000087040B000B000000006066860800000098
:106310006076776686000000607777676608000021
:10632000761711116708000076711777660800006C
:106330007671177766080000767117776608000097
:10634000761711116708000060777767660800000C
:1063500060767766860000000060668608000000B0
:10636000A4AF0100D802000087042400240000002C
:10637000001111111111111111111111111111111E
:1063800011000000103133333333333333333333BD
:106390003333333313010000111311111111111193
:1063A00011111111111111113111000031111111BF
:1063B00011111111111111111111111111130000ED
:1063C000311111111111111111111111111111119D
:1063D00011130000311111111111111111111111AD
:1063E000111111111113000031111111111111119D
:1063F000111111111111111111130000311111118D
:10640000111111111111111111111111111300009C
:10641000311111111111111111111111111111114C
:10642000111300003111111111111111111111115C
:10643000111111111113000031111111111111114C
:10644000111111111111111111130000311111113C
:10645000111111111111111111111111111300004C
:1064600031111111111111111111111111111111FC
:10647000111300003111111111111111111111110C
:1064800011111111111300003111111111111111FC
:1064900011111111111111111113000031111111EC
:1064A00011111111111111111111111111130000FC
:1064B00031111111111111111111111111111111AC
:1064C00011130000311111111111111111111111BC
:1064D00011111111111300003111111111111111AC
:1064E000111111111111111111130000311111119C
:1064F00011111111111111111111111111130000AC
:10650000311111111111111111111111111111115B
:10651000111300003111111111111111111111116B
:10652000111111111113000031111111111111115B
:10653000111111111111111111130000311111114B
:10654000111111111111111111111111111300005B
:10655000311111111111111111111111111111110B
:10656000111300003111111111111111111111111B
:10657000111111111113000031111111111111110B
:1065800011111111111111111113000031111111FB
:10659000111111111111111111111111111300000B
:1065A00031111111111111111111111111111111BB
:1065B00011130000311111111111111111111111CB
:1065C00011111111111300003111111111111111BB
:1065D00011111111111111111113000031111111AB
:1065E00011111111111111111111111111130000BB
:1065F000311111111111111111111111111111116B
:106600001113000011131111111111111111111198
:106610001111111131110000103133333333333381
:10662000333333333333333313010000001111118B
:10663000111111111111111111111111110000007D
:10664000A4AF0100D8020000870424002400000049
:10665000002222222222222222222222222222223C
:1066600022000000203233333333333333333333B8
:106670003333333323020000222322222222222218
:106680002222222222222222322200003222111130
:1066900011111111111111111111111122230000E9
:1066A00032121111111111111111111111111111B8
:1066B00021230000321211111111111111111111A8
:1066C0001111111121230000321211111111111198
:1066D0001111111111111111212300003212111188
:1066E000111111111111111111111111212300009A
:1066F0003212111111111111111111111111111168
:106700002123000032121111111111111111111157
:106710001111111121230000321211111111111147
:106720001111111111111111212300003212111137
:106730001111111111111111111111112123000049
:106740003212111111111111111111111111111117
:106750002123000032121111111111111111111107
:1067600011111111212300003212111111111111F7
:1067700011111111111111112123000032121111E7
:1067800011111111111111111111111121230000F9
:1067900032121111111111111111111111111111C7
:1067A00021230000321211111111111111111111B7
:1067B00011111111212300003212111111111111A7
:1067C0001111111111111111212300003212111197
:1067D00011111111111111111111111121230000A9
:1067E0003212111111111111111111111111111177
:1067F0002123000032121111111111111111111167
:106800001111111121230000321211111111111156
:106810001111111111111111212300003212111146
:106820001111111111111111111111112123000058
:106830003212111111111111111111111111111126
:106840002123000032121111111111111111111116
:106850001111111121230000321211111111111106
:1068600011111111111111112123000032121111F6
:106870001111111111111111111111112123000008
:1068800032121111111111111111111111111111D6
:1068900021230000321211111111111111111111C6
:1068A00011111111212300003212111111111111B6
:1068B00011111111111111112123000032121111A6
:1068C00011111111111111111111111121230000B8
:1068D0003222111111111111111111111111111176
:1068E00022230000222322222222222222222222CA
:1068F0002222222232220000203233333333333338
:106900003333333333333333230200000022222264
:1069100022222222222222222222222222000000BD
:10692000A4AF0100D8020000870424002400000066
:10693000004444444444444444444444444444445B
:106940004400000040343333333333333333333391
:106950003333333343040000444344444444444405
:1069600044444444444444443444000034441111F5
:1069700011111111111111111111111144430000C4
:1069800034141111111111111111111111111111D1
:106990004143000034141111111111111111111181
:1069A0001111111141430000341411111111111171
:1069B0001111111111111111414300003414111161
:1069C0001111111111111111111111114143000077
:1069D0003414111111111111111111111111111181
:1069E0004143000034141111111111111111111131
:1069F0001111111141430000341411111111111121
:106A00001111111111111111414300003414111110
:106A10001111111111111111111111114143000026
:106A20003414111111111111111111111111111130
:106A300041430000341411111111111111111111E0
:106A400011111111414300003414111111111111D0
:106A500011111111111111114143000034141111C0
:106A600011111111111111111111111141430000D6
:106A700034141111111111111111111111111111E0
:106A80004143000034141111111111111111111190
:106A90001111111141430000341411111111111180
:106AA0001111111111111111414300003414111170
:106AB0001111111111111111111111114143000086
:106AC0003414111111111111111111111111111190
:106AD0004143000034141111111111111111111140
:106AE0001111111141430000341411111111111130
:106AF0001111111111111111414300003414111120
:106B00001111111111111111111111114143000035
:106B1000341411111111111111111111111111113F
:106B200041430000341411111111111111111111EF
:106B300011111111414300003414111111111111DF
:106B400011111111111111114143000034141111CF
:106B500011111111111111111111111141430000E5
:106B600034141111111111111111111111111111EF
:106B7000414300003414111111111111111111119F
:106B8000111111114143000034141111111111118F
:106B9000111111111111111141430000341411117F
:106BA0001111111111111111111111114143000095
:106BB000344411111111111111111111111111116F
:106BC000444300004443444444444444444444440F
:106BD0004444444434440000403433333333333387
:106BE00033333333333333334304000000444444FA
:106BF0004444444444444444444444444400000021
:106C0000A4AF01000802000087042000200000005B
:106C10000000000000000000000000000000000074
:106C2000000000000000C0FCFF0F0000000000009A
:106C3000000000000000BCDDDDFB000000000000E3
:106C4000000000000000DCBBBBFD000000000000F5
:106C5000000000000000CCBBBBFC000000000000F6
:106C60000000000000C0BCD1BDFB0F000000000010
:106C70000000000000C01B11DDBB0F000000000081
:106C80000000000000C0BCBBBBCB0F000000000038
:106C90000000000000BC11D1DDDDCB0000000000D1
:106CA00000000000C01D11DDDDDDD10C0000000082
:106CB00000000000BCD1CBBCFBCF1DCB000000000E
:106CC000000000001CCDCCDDBDFFDFC100000000D6
:106CD000000000001CCCCCDBCBFFCFC100000000CB
:106CE00000000000DBCBCCCCFCFFBFCD00000000DF
:106CF00000000000BBBDCCCCFFCFDBBB0000000020
:106D000000000000B0DBBDBBBBDBBD0B0000000022
:106D10000000000000B0CBCCCCBC0B000000000099
:106D20000000000000000000000000000000000063
:106D3000000000000000D007700D000000000000FF
:106D40000000000000007066660700000000000000
:106D50000000000000000067760000000000000056
:106D600000000000006607000070660000000000E0
:106D7000000000000067667777667600000000007C
:106D80000000000000606666666606000000000005
:106D9000000000006600676666760066000000007E
:106DA000000000006676000000006766000000003A
:106DB000000000006766767777676676000000005F
:106DC00000000000606666666666660600000000F9
:106DD000000000000067666666667600000000003E
:106DE00000000000000067666676000000000000FA
:106DF0000000000000000000000000000000000093
:106E00000000000000000000000000000000000082
:106E1000A4AF010008020000870420002000000049
:106E20000000000000000000000000000000000062
:106E30000000000000000000000000000000000052
:106E40000000000000000000000000000000000042
:106E50000000000000000000000000000000000032
:106E60000000000000000000000000000000000022
:106E70000000000000000000000000000000000012
:106E80000000000000000000000000000000000002
:106E900000000000000000000000000000000000F2
:106EA00000000000000000B0BB0000000000000077
:106EB0000000000000B000404500B00000000000ED
:106EC00000000000005B0B000400540B00000000F9
:106ED00000000000B0550400000054B500000000A0
:106EE0000000000000440040BB004004000000001F
:106EF00000000000000040D4DDBB000000000000E6
:106F00000000000000004055DDBD00000000000052
:106F1000000000004B005455D5DD0B400B00000075
:106F2000000000005B045411D5DD0B540B00000081
:106F3000000000004B005411D5DD0B400B00000099
:106F40000000000000004055DDBD00000000000012
:106F500000000000000040D4DDBB00000000000085
:106F60000000000000440040BB004004000000009E
:106F700000000000B0550400000054B500000000FF
:106F800000000000005B04000400540B000000003F
:106F90000000000000B000404500B000000000000C
:106FA00000000000000000B0BB0000000000000076
:106FB00000000000000000000000000000000000D1
:106FC00000000000000000000000000000000000C1
:106FD00000000000000000000000000000000000B1
:106FE00000000000000000000000000000000000A1
:106FF0000000000000000000000000000000000091
:107000000000000000000000000000000000000080
:107010000000000000000000000000000000000070
:10702000A4AF010008020000870420002000000037
:107030000000000000000000000000000000000050
:107040000000000000000000000000000000000040
:107050000000000000000000000000000000000030
:107060000000000000000000000000000000000020
:107070000000000000000000000000000000000010
:107080000000000000000000000000000000000000
:1070900000000000000000000000000000000000F0
:1070A000000000200200000000000020020000009C
:1070B000000000202200000000000022020000006A
:1070C000000000002202000000002022000000005A
:1070D000000000002022000000002202000000004A
:1070E000000000000022020000202200000000003A
:1070F000000000000020220000220200000000002A
:107100000000000000002202202200000000000019
:107110000000000000002022220200000000000009
:10712000000000000000002222000000000000001B
:10713000000000000000002222000000000000000B
:1071400000000000000020222202000000000000D9
:1071500000000000000022022022000000000000C9
:1071600000000000002022000022020000000000B9
:1071700000000000002202000020220000000000A9
:107180000000000020220000000022020000000099
:107190000000000022020000000020220000000089
:1071A0000000002022000000000000220200000079
:1071B000000000200200000000000020020000008B
:1071C00000000000000000000000000000000000BF
:1071D00000000000000000000000000000000000AF
:1071E000000000000000000000000000000000009F
:1071F000000000000000000000000000000000008F
:10720000000000000000000000000000000000007E
:10721000000000000000000000000000000000006E
:10722000000000000000000000000000000000005E
:10723000A4AF010008020000870420002000000025
:10724000000000000000000000000000000000003E
:10725000000000000000000000000000000000002E
:10726000000000000000000000000000000000001E
:10727000000000000000000000000000000000000E
:1072800000000000000000000000000000000000FE
:1072900000000000000000000000000000000000EE
:1072A000000000000000C0FCFF0F00000000000014
:1072B000000000000000BCDDDDFB0000000000005D
:1072C000000000000000DCBBBBFD0000000000006F
:1072D000000000000000CCBBBBFC00000000000070
:1072E0000000000000C0BCD1BDFB0F00000000008A
:1072F0000000000000C01B11DDBB0F0000000000FB
:107300000000000000C0BCBBBBCB0F0000000000B1
:107310000000000000BC11D1DDDDCB00000000004A
:1073200000000000C01D11DDDDDDD10C00000000FB
:1073300000000000BCD1CBBCFBCF1DCB0000000087
:10734000000000001CCDCCDDBDFFDFC1000000004F
:10735000000000001CCCCCDBCBFFCFC10000000044
:1073600000000000DBCBCCCCFCFFBFCD0000000058
:1073700000000000BBBDCCCCFFCFDBBB0000000099
:1073800000000000B0DBBDBBBBDBBD0B000000009C
:107390000000000000B0CBCCCCBC0B000000000013
:1073A00000000000000000000000000000000000DD
:1073B000000000000000D007700D00000000000079
:1073C000000000000000706666070000000000007A
:1073D00000000000000000677600000000000000D0
:1073E000000000000000000000000000000000009D
:1073F000000000000000000000000000000000008D
:10740000000000000000000000000000000000007C
:10741000000000000000000000000000000000006C
:10742000000000000000000000000000000000005C
:10743000000000000000000000000000000000004C
:10744000A4AF010008020000870420002000000013
:10745000000000000000000000000000000000002C
:10746000000000000000000000000000000000001C
:10747000000000000000000000000000000000000C
:1074800000000000000000000000000000000000FC
:1074900000000000000000000000000000000000EC
:1074A00000000000000000000000000000000000DC
:1074B00000000000000000000000000000000000CC
:1074C000000000000000B0CBCC0C00000000000069
:1074D0000000000000B0DB55D5CD0C00000000001E
:1074E0000000000000DB555555DDCD000000000018
:1074F00000000000B055555555D59D0B000000000B
:1075000000000000DB55555555D59DB90000000021
:10751000000000005B55555555D5DDB90000000051
:10752000000000B05DB5CCCC5BDDDD990B00000048
:10753000000000B055CCCCCCCCDDDD9D0B000000B4
:10754000000000B0B5CCCCCCCCDBDD9D0B00000046
:10755000000000B0C5CCCCCCCCDCDD9D0B00000025
:10756000000000B0C5CCDCCBCCDCDD9D0C00000005
:10757000000000B0CDCC5B55CCDCDD9D0C000000E4
:1075800000000000CCDC55B5CCDCDDC900000000FB
:1075900000000000CCCC5B55CCDBDDC90000000056
:1075A00000000000C0CCDCCBCCDD9D0C0000000056
:1075B0000000000000CCCCCCDBDDCD0000000000E2
:1075C0000000000000C0DCDDDDCD0C00000000008C
:1075D000000000000000C0CCCC0C00000000000047
:1075E000000000000000000000000000000000009B
:1075F000000000000000000000000000000000008B
:10760000000000000000000000000000000000007A
:10761000000000000000000000000000000000006A
:10762000000000000000000000000000000000005A
:10763000000000000000000000000000000000004A
:10764000000000000000000000000000000000003A
:10765000A4AF010008020000870420002000000001
:10766000000000000000000000000000000000001A
:10767000000000000000000000000000000000000A
:1076800000000000000000000000000000000000FA
:1076900000000000000000000000000000000000EA
:1076A00000000000000000000000000000000000DA
:1076B00000000000000000000000000000000000CA
:1076C00000000000000000000000000000000000BA
:1076D000000000000000000000000000CC000000DE
:1076E00000000000B0BBBBBBBBCB00C0CD000000A6
:1076F000000000001BDDDDDDDDBD0C1CCD00000049
:10770000000000B011CBCCCCCCBC0C1CCD000000D8
:10771000000000B01D6C666666BC0CBCCD000000AD
:10772000000000B01D6C616661BC0C1CCD00000047
:10773000000000B01D6C161666BCCC1BCD0000000E
:10774000000000B01D6C666166BCCCBBCD000000C3
:10775000000000B01D6C666666BCCC1BCD0000004E
:10776000000000B01D6C666661BCCC1BCD00000043
:10777000000000B01D6C666661BCCCBBCD00000093
:10778000000000B01D6C666661BCCC1BCD00000023
:10779000000000B01D6C666666BC0C1CCD000000CD
:1077A000000000B01DCBCCCCCCBC0CBCCD0000008C
:1077B000000000C0B1BBBBBBBBBB0CDCCB000000FE
:1077C000000000C0BBBBBBBBBBCB00DC0C0000009F
:1077D00000000000CCCCCCCCCC0C00CC00000000D5
:1077E0000000000000000000000000000000000099
:1077F0000000000000000000000000000000000089
:107800000000000000000000000000000000000078
:107810000000000000000000000000000000000068
:107820000000000000000000000000000000000058
:107830000000000000000000000000000000000048
:107840000000000000000000000000000000000038
:107850000000000000000000000000000000000028
:10786000A4AF0100080200008704200020000000EF
:107870000000000000000000000000000000000008
:1078800000000000000000000000000000000000F8
:1078900000000000000000000000000000000000E8
:1078A00000000000000000000000000000000000D8
:1078B00000000000000000000000000000000000C8
:1078C0000000000000000040040000000000000074
:1078D000000000000000005445000000000000000F
:1078E00000000000440B00BBBB00B04400000000DF
:1078F00000000040550B00000000B05504000000DF
:1079000000000040B5000044BB00005B0400000024
:10791000000000B00B0044DDDDBB00B00B00000038
:107920000000000000405D55D5DD0B0000000000A8
:107930000000000000D4555555DDBD0000000000DA
:10794000000000000054555555D5BD000000000052
:10795000000000B44055555555D5DD0B4B000000D7
:10796000000040B54055555555D5DD0B5B04000072
:10797000000040B54055555555D5DD0B5B04000062
:10798000000000B44055115555D5DD0B4B000000EB
:10799000000000000054115555D5BD000000000046
:1079A0000000000000D4555555DDBD00000000006A
:1079B0000000000000405D55D5DD0B000000000018
:1079C000000000B00B0044DDDDBB00B00B00000088
:1079D00000000040B5000044BB00005B0400000054
:1079E00000000040550B00000000B05504000000EE
:1079F00000000000440B00BBBB00B04400000000CE
:107A000000000000000000544500000000000000DD
:107A10000000000000000040040000000000000022
:107A20000000000000000000000000000000000056
:107A30000000000000000000000000000000000046
:107A40000000000000000000000000000000000036
:107A50000000000000000000000000000000000026
:107A60000000000000000000000000000000000016
:107A7000A4AF0100080200008704200020000000DD
:107A800000000000000000000000000000000000F6
:107A900000000000000000000000000000000000E6
:107AA00000000000000000000000000000000000D6
:107AB00000000000000000000000000000000000C6
:107AC00000000000000000000000000000000000B6
:107AD00000000000000000000000000000000000A6
:107AE00000000000BBBB0000000000000000000020
:107AF000000000B055BB00BBBBBB00000000000095
:107B0000000000B0B5BDBCBBBBDDCB000000000079
:107B1000000000B0DBCB5B5555BBDD0C0000000066
:107B2000000000B0CBDCBDBB5B55DBCD000000002E
:107B300000000000C0DDDB11D15BB5BD0C00000012
:107B400000000000BBBD111111B155BB0C000000BD
:107B500000000000DB1B111111115BB5CB00000010
:107B600000000000DB1BB11D1199B9D5CB0000004E
:107B700000000000DB1B11BB9199B955CB00000040
:107B8000000000005B1B11B19B99995BCB000000CA
:107B9000000000005B1D1111BB99995CCB00000037
:107BA00000000000B0B511BBBB99995CCB00000090
:107BB00000000000B0D51D919999D95B0B00000021
:107BC00000000000005BDB919999C9D50B00000013
:107BD0000000000000B0D51B99D9BCB50000000022
:107BE0000000000000005BD5BBBC550B000000008E
:107BF000000000000000B05B5555BD000000000013
:107C000000000000000000B0BBBB0000000000004E
:107C10000000000000000000000000000000000064
:107C20000000000000000000000000000000000054
:107C30000000000000000000000000000000000044
:107C40000000000000000000000000000000000034
:107C50000000000000000000000000000000000024
:107C60000000000000000000000000000000000014
:107C70000000000000000000000000000000000004
:107C8000A4AF01000C000000870401000100000007
:107C90000F000000A4AF01000C00000087040100E9
:107CA00002000000FF000000A4AF0100100000006F
:107CB00087040200010000000F0000000F00000018
:107CC000A4AF0100100000008704020002000000C1
:107CD000FF0000000F000000A4AF01001000000032
:107CE00087040200020000000F000000FF000000F7
:107CF000A4AF01000C000000870401000100000097
:107D000001000000A4AF010014000000870403007C
:107D1000030000001000000011010000100000002E
:107D2000A4AF0100880000008704100010000000CC
:107D30000000000000070000000000002007000015
:107D400000000020220700000000002022020000A6
:107D50000000002030820000000000023082880015
:107D600000002000308200000022222222020000B7
:107D700000222222220200000000200030820000A7
:107D800000000002308288000000002030820000E5
:107D9000000000202202000000000020220200005B
:107DA00000000000200700000000000000070000A5
:107DB000A4AF01002801000087041800180000008B
:107DC00000000000000000000000000000000000B3
:107DD00000000000000000000000000000000000A3
:107DE0000000000000000000000000000000000093
:107DF00000000000000000F0FF0000000000000094
:107E0000000000C0B100000000000000FFFF0F1FD5
:107E1000FB000000000000FFDDBDFC1FB100000002
:107E20000000F01B11DDBD1FFB0000000000F01181
:107E300011BD1CCCF10F000000001F1111F11FBD7E
:107E4000FF0F000000001F1111D111FBFFFF000008
:107E500000001F1111D111B1FFFF000000001F1120
:107E600011F11FFBFFFF00000000F01111BD1CCD40
:107E7000B10F00000000F01B11DDBD1FFB00000072
:107E8000000000FFDDBDFC1FB1000000000000008D
:107E9000FFFF0F1FFB00000000000000000000CFEC
:107EA000B100000000000000000000F0FF00000032
:107EB00000000000000000000000000000000000C2
:107EC00000000000000000000000000000000000B2
:107ED00000000000000000000000000000000000A2
:107EE0000000000000000000000000000000000092
:020000040000FA
:020000041000EA
:081014000070070000E0070076
:040000031000643154
:00000001FF

:1000000E41140E2FB82FA2BBA0004508000000001F
:1000100E7B22636F6D7072657373696F6E223A2205
:1000200E4C5A4D41222C2268656164657253697A7F
:1000300E65223A3238392C227465787453697A65A0
:1000400E223A31303531352C226E616D65223A22DD
:1000500EEBB984ED9689EC8A88ED8C855FEC9888F7
:1000600EECA09C222C226555524C223A22687474C4
:1000700E70733A2F2F6172636164652E6D616B65CB
:1000800E636F64652E636F6D2F222C226556455269
:1000900E223A22342E312E3235222C22707874548C
:1000A00E6172676574223A22617263616465227DB2
:1000B00E5D000080009C2A000000000000003D88CA
:1000C00E89C65436C3174FE539850A7B1AC8921272
:1000D00E3F6D9F4B330884B3529F86777E009259B3
:1000E00E9A98AB18CCD8F986774D2BEA24CDA81C5C
:1000F00E5BEB302E266B6D81D61933A179B2FDBE26
:1001000E127E0C6A0124E1541CCB1347DDDC5553DF
:1001100E173D164D83D7EEDA968631E8759A088824
:1001200E93AEEF96E54EFAAD9939F74A7E87D8BE73
:1001300EE6A8F8DF5D32835DC6A647DE1B824F2E32
:1001400EE03B27135AC4BB5E659D41C554FE015862
:1001500EFBA13730E0D4F72A11E99EC447FBDD3A04
:1001600E03970CAE6A5256A6790118A4D8F740141C
:1001700E3269D6B768B211F7EEE18162B15E5C0208
:1001800E86493AE32113CF8DD7E2A8E1946E39B4B4
:1001900E2E4F24DCD5AA140D89E3444D59DE579C0D
:1001A00E5982DED2DD54E75929CF34176A75D175DD
:1001B00E3DAB4836B49C5F9407365E170B23CCB824
:1001C00E116328062845846119151EB57EED5CB6AF
:1001D00E21B8B5CAF73B274732A17F830E85612E22
:1001E00E5DBC8C5E4B5E18CA4962BBAA2F94F64664
:1001F00EA3856D4D0CD10FC6AD12085A03D75156BB
:1002000E910EF74BBB0C7C2FBD6D9CF874B04283E6
:1002100E89881FC463A8EDDFDFED5762AFF541504B
:1002200E51A552D9DBB078821C789640A1E6398769
:1002300E0925E74DA7AFD2C713FB10954B078A567A
:1002400E216EDD1FFBFAE8A3455E7D3B36220B1BBC
:1002500E023A66F4182A796B51B8B356D80D68363F
:1002600E492C14543BC098BB9A2E048BBFADB18160
:1002700E92B37F3C2E230022A33194B5BAD431EF32
:1002800E242A7AA438649FCCB944BE2D98F705E889
:1002900EB085E9318F57F269ED334C622562A1D2F8
:1002A00EF85E6D964F38586F5FD5930299E33FE92C
:1002B00E509A03C1CA410AB3292C39CCD3F67E8F8A
:1002C00E5DFE05A6E35F00A5ECBB16495B38B041A9
:1002D00E77F39C9B2AACCC1FD283542BE933526804
:1002E00EC6C87840C752354526E787119746FC9217
:1002F00EB9DE90AC0CBF432AB52F542297D34E795A
:1003000E8ED61590BBF2897AE3504387A07EF536E0
:1003100EF0152D85F01B9762DAD389CBDA5B3B1D86
:1003200E4E22733C5581502D23D3BB7CEE222F766B
:1003300E0F4F58C955DC0DEE2AA604E58A4FD7DFBC
:1003400E22CF95F3BAB837F9C0699298E7C76029FA
:1003500E96A52E6194721BE4C2128BCAF1CEF93FA0
:1003600E441980F55122A8F5D733BBE62A3503325E
:1003700EEF031852355CEC56500AB28600DD1C179E
:1003800EA31EA9D755116FD4DE33A960D37039F1EE
:1003900E92F81AEA21CD572612D9B5115609F5BF92
:1003A00EA3AEC67A4463324D48FBD7E6D9FDB38778
:1003B00EBAF6F5E9A116B46485A5D0F7F3637729EB
:1003C00E241C419A5E7412F5DF64DC7C51214704D3
:1003D00EEDFC9826C401B75C4B2A7C804A7D7C518B
:1003E00E8195446B73B7EE8A0E71B0E1D60689F132
:1003F00EF1EB89DA298052D20A7100868C0FDCA5C6
:1004000E311ABD2F961B69E36129D5D77188642CEB
:1004100EDCDB6F688A964D0ABBE2FECA87873A20FC
:1004200E33E538C8FF9D100C4AC62D16322F169094
:1004300E2FD116F970DB97A06BF08D3891B2CFA843
:1004400EA8DF6F880191B99B00136F65673434285C
:1004500EE0E88D67F9604490F0AB22A5DA69343696
:1004600EE8D03CEB27CA00E0D92335AF39C9A5A3A4
:1004700EC02CCC71D7A21E104E63318C33DF36C820
:1004800E7E443DDBBB7A3065A8C093879E3421380D
:1004900EAF008D114298EB84D9CA88BE5333714890
:1004A00EE67FEE579A38B2F7CF5D7F8B86D3890100
:1004B00E59A85E373C56BEE095C5010407E0657E3F
:1004C00EBB1BB782222F22D29C301DF6FA5A834CC8
:1004D00E537602A70F0B1814FAA7904304FF497F17
:1004E00E8F6BB4F4E5F319CD408DE34291A6B8912C
:1004F00E906AED370A4EEB1D2422B4B1EAE748F7B5
:1005000E7BFDC8031128C8543B1BB696C644E40BAA
:1005100ECF535B4D8E0722551969EFC793DA6E13D1
:1005200EE5B76B048AB643E140F44FFCF12CA610FC
:1005300E818508C0615BF1A3B95D7EF4B7D0A9983F
:1005400E36C85A8EC934DFB163CDA2D09B1B12D0F0
:1005500E9BB1E2C6EAF69363BC652604B33247014B
:1005600EB563BF33CED2770896A77851CC0283F30A
:1005700E3097CEE9E9E0C35125E2640A02EA7246F9
:1005800E7DE712197C31671E04B0E6256A4F38A349
:1005900E1A828329B6D6BA5EBB9EF1E53E85E095FA
:1005A00EB52C6406CAD7D301C891F98039407C0EA8
:1005B00E6BA2F5927994280660F1B87AE0F6A5144C
:1005C00E25C82C1C3AAD0CB50190E77219DE393FE7
:1005D00E7807B2A4D6682C6C84B136FDAA41510EB0
:1005E00EFEAF2BAC6B35C63C561F1974A19FE4CAE7
:1005F00E937EEE4FDBD8C5D10967A9B900CA3DA1DC
:1006000E198D44B1878E3F0555A764B1E316038F4C
:1006100EC88DF9EE641420C1B68C5B9D4E793E896F
:1006200EABFB8741AFE6D7DAFD93CAACFAAF53FF07
:1006300E53A7366FCFB5FCF73EE900CE213F052A12
:1006400E3620AC2AB39703EBD8B837BC8CAA858E6C
:1006500EC2F14A9E065973030D1D6DC0F9CA929DD3
:1006600E86E1CFE3E8C0AEFB87897081DD0D90D2C5
:1006700E7A1E265A6DA22FE882CBB7652C9A412896
:1006800E831828829B0006A9802D68F752E2A36189
:1006900E1C585A80F0D2BC488BA122A172AF9C0587
:1006A00EE7DB9F80C580ACA8FC484CD5E251EC0638
:1006B00E7ED9980774C8606AFA12DCBF7A48DEF8F1
:1006C00EEAFE89A317B0CE626CA25E7D1AC63D59B2
:1006D00E10FAE327D60F7243B4ADD71C6C4261E417
:1006E00E9A683A997DA22FC6F2C8F5C4B202F80AEA
:1006F00EC715A022C1EEED6EF2A35534113FC0C155
:1007000EF9C9A4716CB73D6C93F5A046485C123BD9
:1007100E05E4B9CF3F8ADA8D3DC5774929B89AC429
:1007200EC49BA523F2A26DF127FACC0AB43416307D
:1007300EA523973D3152EF2F56BF93524C8167231D
:1007400E13F19EA6B54643F26CC352A14E40EEB5D0
:1007500E3A39BA3A71831CB38261494A1484122E13
:1007600E9BBF7BD75391F33FD5DB8B8F8C57F3BA5F
:1007700EAC841E2C7D63194A2CF95C6F2B4C7F07C1
:1007800EE4B48F6DBE971EC73F90216C6134F91A89
:1007900EBCE587C86CDA62579BF464CD3AB829572A
:1007A00E8F6ADB1FD5545F767DAAE5DE1DA25BB393
:1007B00ED727479A9AEA7A8E1DAA05F5EF324DBBD6
:1007C00E04F065A10D2515537C07134BFE54602FC5
:1007D00EAB1B2338A7600813982BCB7B41DBC1449E
:1007E00ED9560C448EA3E87B53D518F84A854EB6DD
:1007F00EBF26DE85F60C4226D6904B531A9FBE1BA3
:1008000E4BF00543FBDB32B522AB0B50CE08B56285
:1008100E7F7D2FE078A695E77BF2A209E92A760C78
:1008200E3C3D1961CB20DDBFEB1716B403BBE52FA2
:1008300EB413096598AF5F744B00F8B08AD58B3B43
:1008400EB9ECDA79554816ABBA7F9E12FCDBB9FFCC
:1008500E22D58B4F79861C7D16F8A44DDABA687BAB
:1008600EDAEF3CDA9500A18FFC0A4844C7732928B9
:1008700EA66A5A75F61B617C20361BF5945B58E907
:1008800E3F4A05FEC5F02DEB5396A22F48A8443AD9
:1008900E96DF2C24CFD962E0049C21E3F943189B08
:1008A00E3CECC6B0DDBC21D0FBC8D22E6B4B8D2EDE
:1008B00E967B0688FA1D78FB6E09EE31D69A6FCDBF
:1008C00E5B7BEE62C85FDB674B99459D6CA094B96C
:1008D00EA9FCF3BC0D089DE97174FB0482F1CDB344
:1008E00E72C42FA3F59626367BEC6F2AD090BB1BD5
:1008F00EFFF3D5E824000000000000000000000017
